排名,商品,区域,店铺,销量,评分,评价数,价格,币种,命中关键词,链接
1,"The Ordinary The Acne Set, 3-Step Skin Regimen with Glucoside Foaming Cleanser, Salicylic Acid 2% Solution, and Natural Moisturizing Factors + Beta Glucan | Skin Care Set",US,The Ordinary Store,500279.0,4.6,48387.0,21.71,USD,acne treatment,https://shop.tiktok.com/us/pdp/acne-treatment-set-by-the-ordinary-3-step-regimen-with-2-salicylic-acid/1729407744514560009
2,"NIDA Youthful Formula Ultimate Moisturizing Cream (100mL) / Collagen, Niacinamide, Centella Asiatica, Hyaluronic Acid / Wrinkles, Dark Spots, Skincare Hydrating Daily Moisturizer Moisture Hydrate",US,NIDA OFFICIAL,495385.0,4.6,46729.0,14.99,USD,collagen cream,https://shop.tiktok.com/us/pdp/moisturizing-cream-by-nida-100ml-collagen-niacinamide-hyaluronic-acid/1729602706345005815
3,เซราไมด์ เคโอริช Ceramide Glassy Creamy Korich,TH,korich,329107.0,4.9,53191.0,209.00,THB,ceramide cream,https://shop.tiktok.com/th/pdp/esra-mid-ekh-rm-sud-hru-chak-ko-rich-bamrung-phiweniyn-numnwl-sinkhanamekha/1729577436219213885
4,"Dr.Leo Drying Lotion 20ml | Acne Treatment | Shrinks Pimples in 24H & Fades Marks in 7 Days | 1.8% Encapsulated Salicylic Acid, 4% Niacinamide & 10% Sulfur #SohoChic",US,Dr.Leo-USA,258584.0,4.4,22162.0,21.97,USD,acne treatment,https://shop.tiktok.com/us/pdp/acne-essence-by-dr-leo-salicylic-acid-drying-lotion-10ml-for-skincare/1730976893467791979
5,"[WNP Official]  Hyaluronic Hydration Collection | Choose 4D or 8D HA Serum Vials, Glow Pads, Diamond Glow Mist & Hydration Sets | Plumping, Soothing & Dewy Skin",US,WNP SKINCARE,185323.0,4.6,11204.0,25.87,USD,hyaluronic acid serum,https://shop.tiktok.com/us/pdp/ultra-hydrating-serum-by-wnp-3-hyaluronic-acid-single-use-vials/1729466220965565154
6,[medicube] Collagen Niacinamide Jelly Cream (Hydrolyzed Collagen + Niacinamide) Instant Glow Booster l Facial Moisturizer,US,medicube US Store,144350.0,4.6,11631.0,26.78,USD,collagen cream,https://shop.tiktok.com/us/pdp/collagen-niacinamide-jelly-cream-by-medicube-instant-glow-facial-moisturizer/1729471514529403115
7,COSRX Advanced Snail Mucin Power Essence 100ML,MY,COSRX Malaysia Official,141020.0,4.9,26696.0,52.13,MYR,snail mucin essence,https://shop.tiktok.com/my/pdp/esen-kuasa-mucin-cosrx-100ml-melembapkan-kulit-sensitif-tanpa-paraben/1729454104968072040
8,[Laka] Soothing Prep Lip Mask — Cooling peel-off lip mask for smoother lip prep and a hydrated feel,US,Laka US,140200.0,4.1,14326.0,32.50,USD,lip mask,https://shop.tiktok.com/us/pdp/laka-soothing-prep-lip-mask-moisturizing-smoother-lips/1732093549080055913
9,"[Cardi B Pick] BIOHEAL BOH Probioderm 3D Lifting Cream 1.7 fl oz | Advanced Korean Facial Night Cream with 17-Peptide Complex & Probioderm for Wrinkles on Face and Neck, Butter-Rich Texture for Perfect Slugging",US,BIOHEAL BOH,139837.0,4.6,15656.0,39.99,USD,barrier repair cream,https://shop.tiktok.com/us/pdp/bioheal-boh-3d-lifting-cream-for-wrinkles-probiotic-formula-17-peptide-complex-floral-fragrance/1731155601642524982
10,"[Skin Deva] Vitamin C E Ferulic acid serum , All Skin Types Skincare Comfort Brighter Plumper, Best Vitamin c serum",US,Skin Deva,139066.0,4.5,9827.0,24.99,USD,vitamin c serum,https://shop.tiktok.com/us/pdp/vitamin-c-e-ferulic-acid-serum-by-skin-deva-anti-aging-for-all-skin-types/1729384248290152687
11,"[Dr.Althea Official] 345 Relief Cream - Daily Face Moisturizer, Blemish Relief Care, Soothing Recovery, Vegan Korean Skincare",US,Dr.Althea US,138363.0,4.7,7255.0,45.63,USD,vegan skincare,https://shop.tiktok.com/us/pdp/dr-althea-renewed-345-relief-cream-soon-available/1731583840101438362
12,"[Sungboon] Lifting Ampoule | Wrinkle Care | Face-Lift at Home serum with Peptides & Deep Collagen | Plumping, Smooth, Anti aging Korean Skincare mothers day gift ideas (30ml)",US,SUNGBOON EDITOR,138262.0,4.6,14490.0,45.00,USD,anti aging serum,https://shop.tiktok.com/us/pdp/silk-peptide-ampoule-lifts-firms-skin-anti-aging-serum/1731649712946975356
13,[medicube] Triple Collagen Cream (Collagen+Hyaluronic Acid+Niacinamide+Shea Butter) l Hydrating Moisturizer,US,medicube US Store,131126.0,4.8,9847.0,43.00,USD,collagen cream,https://shop.tiktok.com/us/pdp/triple-collagen-cream-by-medicube-hydrating-moisturizer-with-niacinamide/1729471516161183979
14,"The Brightening Body Serum – Targeted Dark Spot Treatment with Vitamin C & Tranexamic Acid – Corrects Hyperpigmentation, Dark Spots & Uneven Tone – Boosts Radiance for a Brighter, Youthful-Looking Complexion – Clinical Strength Formula",US,Truly Beauty,129807.0,4.3,12916.0,23.78,USD,brightening serum/tranexamic acid serum,https://shop.tiktok.com/us/pdp/brightening-body-serum-by-truly-beauty-fades-dark-spots-hydrating-even-skin-tone/1731678264099967690
15,"[celimax official] The Vita A Retinal Shot Tightening Booster | with Retinal, Matryxyl, Pore Minimizer, Wrinkles & Fine Lines, Firmer Skin, 15ml, Retinol Skincare",US,celimax US Store,128701.0,4.5,12441.0,27.78,USD,anti aging serum,https://shop.tiktok.com/us/pdp/celimax-the-vita-a-retinal-shot-booster-15ml-with-retinal-matrixyl/1730870271976706058
16,"[Anua] Dark Spot Correcting Serum : 10% Niacinamide+ 4% Tranexamic Acid 1.01 fl.oz. (30ml) ｜ Niacinamide Serum, PM Skincare product, Hyperpigmentation, Brightening",US,Anua Store US,124486.0,4.6,9400.0,27.00,USD,tranexamic acid serum,https://shop.tiktok.com/us/pdp/dark-spot-correcting-serum-by-anua-10-niacinamide-4-tranexamic-acid-30ml/1729432466432430561
17,"COSRX Advanced Snail 96 Mucin Power Essence, High Concentration Snail Mucin Serum (3.4oz) – Hydrate, Moisturizer for Sensitive Skin Repair, Lightweight Smoother Skincare Treatment, High Concentration Serum",US,Unineed US,120711.0,4.6,11586.0,22.78,USD,snail mucin essence,https://shop.tiktok.com/us/pdp/snail-mucin-essence-serum-3-4oz-by-cosrx-hydrating-lightweight-formula/1729384014762840497
18,"The Ordinary Salicylic Acid 2% Solution, Acne-Fighting Serum for Blemish-Prone Skin, 1 Fl Oz",US,The Ordinary Store,101797.0,4.6,9035.0,11.69,USD,acne treatment,https://shop.tiktok.com/us/pdp/salicylic-acid-2-serum-by-the-ordinary-for-acne-treatment-healing/1729389369377263625
19,"[Sungboon] EGF Tox Toner | Forehead Firming & Wrinkle Care, Iron Out Fine Lines | PDRN & Collagen & NAD+ EGF Complex | EGF Plumping for Forehead, Longevity Anti-Aging Routine | Korean Skincare, K-Beauty",US,SUNGBOON EDITOR,99532.0,4.5,5324.0,40.00,USD,exfoliating toner,https://shop.tiktok.com/us/pdp/sungboon-egf-smoothing-toner-for-smooth-refined-skin/1732040365570888316
20,"[Sungboon] Filler Serum | Deep Collagen, Peptide, Hyaluronic Acid for wrinkles & fine lines | Firming, Moisturizing, Collagen Boosting, Anti aging Low-irritating, Moisturizing & Soothing Serum mothers day gift ideas",US,SUNGBOON EDITOR,88809.0,4.3,8681.0,45.00,USD,anti aging serum,https://shop.tiktok.com/us/pdp/glass-skin-collagen-cream-in-serum-by-sungboon-editor-hydrating-30ml/1730485848284631676
21,NIDA alpha-Arbutin TXA Pure Tone Serum Dark Spots Skin Tone Glow,US,NIDA OFFICIAL,82813.0,4.5,5970.0,16.77,USD,tranexamic acid serum,https://shop.tiktok.com/us/pdp/nida-pure-tone-serum-for-dark-spots-alpha-arbutin-txa/1731090633069794039
22,Korean Toner / Glass skin / Glowy Skin / Collagen+Hyaluronic Acid+Niacinamide#sohochic,US,Lucky King JJ,82697.0,4.5,9734.0,9.28,USD,korean skincare,https://shop.tiktok.com/us/pdp/korean-toner-sadoer-with-collagen-hyaluronic-acid-niacinamide/1730075464618054254
23,NIDA Peptide Propolis Renewal Serum Wrinkles Fine Lines Aging Skin Daily Radiant,US,NIDA OFFICIAL,80268.0,4.6,6766.0,15.27,USD,anti aging serum,https://shop.tiktok.com/us/pdp/nida-peptide-propolis-serum-for-wrinkles-fine-lines/1730404071239029495
24,"[Anua] Ultimate Skincare Routine Set｜Cleansing oil + Cleansing foam +Toner + Dark Spot Correcting Serum + Moisturizing lotion, Hydrate, korean skincare, glass skin, affordable, niacinamide",US,Anua Store US,77224.0,4.5,6136.0,95.00,USD,korean skincare,https://shop.tiktok.com/us/pdp/ultimate-skincare-routine-set-by-anua-cleansing-oil-foam-toner-more/1729443447434154465
25,"【Free Shipping!】Dr.Lan Salicylic Acid Facial Cleanser and White Truffle Toner Set, Oil Control Cleansing and Daily Hydrating Care, For Oily and Combination Skin, 2PCS 100g and 135ml",MY,Dr.lan beauty-MY,74819.0,4.8,15130.0,14.76,MYR,salicylic acid cleanser,https://shop.tiktok.com/my/pdp/set-pencuci-muka-asid-salicylic-untuk-semua-jenis-kulit/1732156720633055075
26,NIDA Hydrating Renewal Serum(s) Centella Hyaluronic acid Peptide Propolis Dry Skin Wrinkles,US,NIDA OFFICIAL,74052.0,4.7,6757.0,15.27,USD,centella serum,https://shop.tiktok.com/us/pdp/nida-hydrating-renewal-serum-duo-cica-hyaluronic-acid-for-fine-lines/1730407024761279223
27,% 3% TRANEXAMIC ACID SERUM 3% ทรานซามิค แอซิด เซรั่ม,TH,Bryg,73334.0,4.8,5730.0,35.18,THB,tranexamic acid serum,https://shop.tiktok.com/th/pdp/es-ra-mth-ran-aesm-ik-aeosid-3-chak-aebrnd-bryg-praschak-kar-hmun-khlad-phara-ebn/1730856940632312301
28,Jergens Shea Fusions Body Lotion 2 Pack Bundles - 14oz,US,Jergens US,72086.0,4.7,15240.0,19.98,USD,body lotion,https://shop.tiktok.com/us/pdp/jergens-shea-fusions-body-lotion-2-pack-vanilla-warm-amber/1731567137054495089
29,"ILLIYOON Ceramide Ato Concentrate Cream - 100hr Hydrate Beauty Product, Vegan, Fragrance-Free, Non-Comedogenic, Hypoallergenic, 6.76 fl.oz. Single Bottle Face Moisturizer",US,ILLIYOON US,71921.0,4.8,6096.0,23.39,USD,barrier repair cream/ceramide cream/vegan skincare,https://shop.tiktok.com/us/pdp/illiyoon-ceramide-ato-concentrate-cream-100hr-hydration-vegan-certified-gentle-for-all-ages/1731070777705009503
30,【Hot Sale !!】Freshiny Skincare Set Salicylic Acid Facial Cleanser Halal Certificate Deeply Cleanses 100G  Improve Skin Conditio Effectively Removes Oil,MY,freshinystore.my,65131.0,4.7,13556.0,28.50,MYR,salicylic acid cleanser,https://shop.tiktok.com/my/pdp/set-skincare-freshiny-asid-salisilik-100g-bersih-sihat/1729517598012311249
31,[เซรั่มชมพู ผิวไบร์ท กระจ่างใส] MizuMi Advance Niacinamide 15 Concentrate Serum 30 ml เซรั่มไนอะซินาไมด์ สูตรเข้มข้น 15% สกินแคร์ บํารุงผิวหน้า,TH,Mizumi,62119.0,4.9,7853.0,442.00,THB,niacinamide serum,https://shop.tiktok.com/th/pdp/mizumi-advance-niacinamide-15-serum-samhrab-phiw-swy-krachang-ais/1729763478146026306
32,Drying Lotion - On-The-Spot Solution for Blemishes Skincare Acne Spot Treatment,US,Mario Badescu,60838.0,4.5,4288.0,22.95,USD,acne treatment,https://shop.tiktok.com/us/pdp/drying-lotion-by-mario-badescu-overnight-acne-spot-treatment-1-oz/1729401862805885387
33,"Tinh Chất SERUM SUPER BRIGHTENING ESSENCE 30ml - Hỗ Trợ Làm Trắng Sáng Da, Dưỡng Ẩm, Cải Thiện Thâm Sạm - Many Colors",VN,MANY COLORS,58993.0,4.7,3941.0,174.701,VND,brightening serum,https://shop.tiktok.com/vn/pdp/tinh-chat-brightening-essence-30ml-many-colors/1731250229361280936
34,Neo SkinTech Serums 5% Niacinamide,MY,Neo SkinTech.,58576.0,4.8,7572.0,18.72,MYR,niacinamide serum,https://shop.tiktok.com/my/pdp/neo-skintech-serum-5-niacinamide-untuk-kulit-sehat-cerah/1733050682322289972
35,"[medicube] PDRN Pink Collagen Capsule Cream | Pink Boba Cream | Salmon DNA, Niacinamide for Uneven Skin Tone, Glow Hydration",US,medicube US Store,57629.0,4.8,4538.0,35.00,USD,collagen cream,https://shop.tiktok.com/us/pdp/pdrn-pink-collagen-capsule-cream-by-medicube-salmon-dna-niacinamide/1730601732364931307
36,"COSRX The 6 Peptide Skin Booster Serum - 150ml Lightweight Morning Routine Formula with Hyaluronic Acid, Moisturizer for Adults, Anti-Aging, Hyperpigmentation Treatment, Even Skin Tone, Cleansing Support, Hypoallergenic, Dream Face Glow Up",US,COSRX US,53119.0,4.7,3925.0,30.00,USD,anti aging serum,https://shop.tiktok.com/us/pdp/skin-booster-serum-by-cosrx-6-peptides-for-elasticity-radiance-150ml/1729415422204940459
37,Sensitive Skin Moisturizing Cream 50 ml มอยซ์เจอร์ไรเซอร์,TH,SKINPRO Rx,52996.0,4.9,4477.0,705.00,THB,sensitive skin moisturizer,https://shop.tiktok.com/th/pdp/khrim-namhom-samhrab-phu-thi-mi-phiw-aiw-khnad-50-ml-aim-mongdu-hmad-thdsob-ody-aephthy-phiwhnang-sutr-wiess-ephueo-kar-bamrung-aela-pkpong-phiw/1729611862109751342
38,"Korean Body Care Set - Korean Skincare - Salicylic Acid Acne Body Wash & Ceramide Cream Duo to Treat Back Acne, Body Odor Control & Rough Bumpy Skin",US,SOME BY MI,50101.0,4.5,3196.0,45.80,USD,korean skincare,https://shop.tiktok.com/us/pdp/korean-body-care-set-by-some-by-mi-acne-care-body-wash-hydrating-cream/1731137261065637907
39,เซราไมด์ทาตัว Ceramide Softcream Body Mousse,TH,korich,49435.0,4.9,8172.0,111.00,THB,ceramide cream,https://shop.tiktok.com/th/pdp/khrim-pongkan-aesngaedd-sunbody-korich-sutr-ekhmkhn-samhrab-phiwkhaw-krachang-ais/1730660135252559933
40,"DOSE - SERUM 0.3% Tranexamic Acid + ESSENCE ( Hydration Booster, Normal to Dry Skin )",MY,DOSE BEAUTE,48669.0,4.8,6337.0,62.40,MYR,tranexamic acid serum,https://shop.tiktok.com/my/pdp/serum-dose-tranexamic-acid-0-3-essence-pelembap-kulit/1729914665468724547
41,COSRX Official Advanced Snail 96 Mucin Power Essence 100ml แอดวานซ์ สเนล 96 มิวซิน เพาเวอร์ เอสเซนส์ เอสเซ้นส์เมือกหอยทาก สกินแคร์ ผิวโกลว์ Glass Skin น้ำตบปูไปรยา,TH,COSRX Thailand Official,48569.0,4.9,6147.0,357.01,THB,snail mucin essence,https://shop.tiktok.com/th/pdp/eos-es-nt-emueok-hoy-hak-senl-96-cosrx-etim-khwamchumchuen-samhrab-phiw-thuk-sphaph/1730086711197665951
42,Sensitive Skin Moisturizing Cream 8 ml มอยส์เจอร์ไรเซอร์,TH,SKINPRO Rx,48089.0,4.9,3616.0,165.00,THB,sensitive skin moisturizer,https://shop.tiktok.com/th/pdp/khrim-namhom-samhrab-phu-thi-mi-phiw-aiw-to-karkraaethk-khnad-8-ml-aim-mi-sarekhmi-thi-thamaihekid-fang-ekhiyw-thdsob-ody-aephthy-phiwhnang-sutr-wiess-chak-thrrmchati/1729611863753394222
43,"[COSRX Official] Advanced Snail 96 Mucin Power Essence - 100ml Korean Serum for Adults, Cruelty-Free & Animal-Free, Lightweight, Conditioning, No Greasy Residue, Brightening, Revitalizing, Softening Dry Skin",US,COSRX US,44872.0,4.8,4093.0,32.50,USD,snail mucin essence,https://shop.tiktok.com/us/pdp/advanced-snail-96-mucin-power-essence-100ml-by-cosrx-hydrating-soothing/1729415415172468907
44,[Torriden Chính Hãng] Serum HA Torriden 5D Hyaluronic Acid phân tử nhỏ thấm sâu cấp ẩm làm dịu da DIVE IN Serum 50ml,VN,Torriden VN,42880.0,4.8,2395.0,400.075,VND,hyaluronic acid serum,https://shop.tiktok.com/vn/pdp/serum-hyaluronic-acid-torriden-50ml-duong-am-sau-lam-diu-da-phu-hop-da-kho-da-nhay-cam/1729920485936696043
45,Barrier Therapy Skin Protectant Cream For Face & Body,US,Prequel,41976.0,4.6,3076.0,25.50,USD,barrier repair cream,https://shop.tiktok.com/us/pdp/barrier-therapy-skin-protectant-cream-by-barrier-therapy-for-dryness-relief/1729405906624418270
46,[medicube Official] Azelaic Acid 16 Calming Serum I Niacinamide & Pantothenic Acid for Troubled Skin I Intensive Soothing Care I Excess Sebum & Texture Care,US,medicube US Store,36026.0,4.6,1636.0,28.00,USD,azelaic acid,https://shop.tiktok.com/us/pdp/azelaic-acid-16-calming-serum-by-medicube-with-niacinamide-pantothenic-acid/1730744521704968427
47,"Vitamin C Booster Shot, Pure Vitamin C + Glutathione for Radiant, Healthy Skin Glow, 1.01 fl oz",US,Arencia,35098.0,4.6,2439.0,15.04,USD,vitamin c serum,https://shop.tiktok.com/us/pdp/pure-vitamin-c-boost-shot-niacinamide-glutathione-serum/1732096900545548805
48,"COSRX The Retinol 0.5 Oil Firming Anti-Wrinkle Face Serum - Advanced Retinol (Vitamin A), Cruelty-Free, Resurfacing, Soft Skin Support, 20ml Beauty & Face Care Product for Adult All Skin Types",US,COSRX US,34961.0,4.6,3080.0,25.00,USD,anti aging serum,https://shop.tiktok.com/us/pdp/retinol-0-5-oil-by-cosrx-pure-retinol-for-youthful-skin-20ml/1729415930935742635
49,"[Centellian24] Signature Edition | Madeca Cream Time Reverse 50ml x 2 + Madeca Derma Mask Intensive Formula x 2 | TECA + Cica + Hyaluronic Acid | Firming, Hydration & Skin Barrier Care | Radiance & Soothing Care | Korean Skincare",US,Centellian24,34804.0,4.7,3105.0,71.00,USD,barrier repair cream,https://shop.tiktok.com/us/pdp/signature-edition-skin-care-set-advanced-dermatological-treatment/1732117474071843741
50,NIDA Salmon PDRN Peptide Serum,US,NIDA OFFICIAL,34090.0,4.7,3529.0,15.90,USD,anti aging serum/centella serum,https://shop.tiktok.com/us/pdp/nida-salmon-pdrn-peptide-serum-for-radiant-hydrated-skin/1732271630481593079
51,Half & Half - Derm-Approved Peptides & Ceramides Milky Moisturizer,US,Prequel,29387.0,4.8,1646.0,33.49,USD,barrier repair cream,https://shop.tiktok.com/us/pdp/half-half-lightweight-moisturizer-with-peptides-ceramides-for-radiance/1730755770838979038
52,"The Ordinary Natural Moisturizing Factors + Hyaluronic Acid, Lightweight Hydrator for Skin Barrier Support & Hydration",US,The Ordinary Store,28792.0,4.7,2777.0,11.69,USD,barrier repair cream,https://shop.tiktok.com/us/pdp/natural-moisturizing-factors-ha-by-the-ordinary-original-hydrator/1729388978816258057
53,[medicube] Triple Collagen Serum  Collagen+Hyaluronic Acid+Niacinamide,US,medicube US Store,28437.0,4.8,1973.0,35.00,USD,anti aging serum,https://shop.tiktok.com/us/pdp/triple-collagen-serum-4-0-by-medicube-hydrating-with-niacinamide/1729491169472647403
54,[Torriden & Tun Phạm] Serum HA Torriden 5D Hyaluronic Acid phân tử nhỏ thấm sâu cấp ẩm làm dịu da DIVE IN Serum 50ml,VN,Torriden VN,28421.0,4.8,1304.0,468.920,VND,hyaluronic acid serum,https://shop.tiktok.com/vn/pdp/serum-hyaluronic-acid-torriden-dive-in-50ml-duong-am-lam-muot-da/1731245699441920747
55,Ezanic Azelaic Acid 10% và 20% 15gram | Kem dưỡng hỗ trợ giảm thâm mụn,VN,03 JinLi Beauty Care,28283.0,4.7,1189.0,84.380,VND,azelaic acid,https://shop.tiktok.com/vn/pdp/kem-giam-mun-tham-ezanic-20-azelaic-acid-15g-san-pham-an-do/1729666941817030831
56,"[Anua] Azelaic Acid 10 Hyaluron Redness Soothing Serum 1.01 fl.oz.(30ml)｜Azelaicacid, Hyaluronic Acid, Non-Poreclogging, korean skincare, soothing, redness, sensitive skin, acne-prone",US,Anua Store US,27439.0,4.7,1469.0,42.90,USD,azelaic acid,https://shop.tiktok.com/us/pdp/azelaic-acid-serum-10-by-anua-30ml-hyaluronic-acid-soothing-solution/1729700978019176929
57,[Mikayla Picks] Dr.Leo Salicylic Acid Acne Treatment Set | 24H Pimple Rescue + 15 Minutes Blackhead Removal + Pore Detox + Oil Control | Drying Lotion + Clay Mask Stick + Cleanser Skin Repair #sohochic,US,Dr.Leo-USA,27043.0,4.6,3747.0,44.07,USD,acne treatment,https://shop.tiktok.com/us/pdp/dr-leo-acne-control-set-white-clay-mask-salicylic-lotion-cleanser/1731260159521821291
58,Blackhead Remover With 3 Gear Suction Adjustable Facial Skin Cleanser Acne Remover,MY,Good Buy Good Bye,26497.0,4.6,4292.0,16.98,MYR,blackhead remover,https://shop.tiktok.com/my/pdp/pembersih-komedo-elektrik-dengan-3-tingkat-sedutan/1729657077787298357
59,"[Dr.Melaxin Official] Dark Spot & Uneven Tone Peel Shot TX Duo, Exfoliating Serum & TX Cream, Tranexamic Acid & Niacinamide Gentle Peeling for Dark Spot Care",US,Dr.Melaxin,26265.0,4.5,2379.0,52.65,USD,tranexamic acid serum,https://shop.tiktok.com/us/pdp/dr-melaxin-peel-shot-tx-duo-set-exfoliating-serum-cream/1732184337828778011
60,"[Biodance Official] Rejuvenating Caviar PDRN Serum | Skin-Boosting Serum, Targeted Serum for Loss of Elasticity, Fine Lines, Weakened Skin Barrier, Rough Texture & Radiance, Korea Skincare",US,Biodance Store US,26080.0,4.8,3444.0,999.00,USD,anti aging serum,https://shop.tiktok.com/us/pdp/rejuvenating-caviar-pdrn-serum-by-biodance-boosts-elasticity-radiance/1732490035808080650
61,Pinkish Glass Collagen Mask 15gm,MY,PINKISH AESTHECA,25500.0,4.9,4183.0,71.00,MYR,glass skin,https://shop.tiktok.com/my/pdp/topeng-kolagen-kaca-pinkish-untuk-hidrasi-mendalam-kulit-lembut/1732038400688687012
62,เซราไมด์ เคโอริช Ceramide Glassy Creamy Korich,TH,เคโอริชช่อง2,25160.0,4.9,4396.0,177.00,THB,ceramide cream,https://shop.tiktok.com/th/pdp/esra-mid-ekhrueongsamoang-ko-rich-sutr-ekhmkhn-bamrung-phiw-aebrnd-ko-rich/1730489133399575239
63,Plantnery Cica Centella Ceramide Eye Cream 15g ครีมทารอบดวงตา เหมาะสำหรับ รอยคล้ำรอบดวงตา ด้วยบัวบก และ เซราไมด์ 5 ชนิด ผิว มอยเจอไรเซอร์ บำรุง,TH,Plantnery,24406.0,4.8,4048.0,169.00,THB,eye cream dark circle,https://shop.tiktok.com/th/pdp/plantnery-cica-centella-ceramide-eye-cream-15g-ld-elueon-roy-khlam-rob-dwngta-bamrung-phiw-rob-dwngta-swnphsm-esra-mid-5-chnid/1729426679251176320
64,Korean Cream | Collagen & Niacinamide | Advanced Radiant & Firming Formula | Deep Hydrating K-Beauty Facial Care for Glowing Skin,US,KYULO,24305.0,4.6,2499.0,11.57,USD,collagen cream,https://shop.tiktok.com/us/pdp/korean-brightening-cream-collagen-niacinamide-k-beauty/1732346319017644691
65,"[NEW] [medicube] Vita A Retinal Volume Booster | Retinal + Volufiline + 4X-Retinoid + 4X Micro Boost | Anti-aging, Plumping | Care for Pores, Look of Fine Lines, Skin Elasticity & Firmness For Smoother, Firmer & Youthful-looking Skin  | Korean Skincare",US,medicube US Store,23995.0,4.7,1289.0,"3,000.00",USD,anti aging serum,https://shop.tiktok.com/us/pdp/vita-a-retinal-volume-booster-medicube-anti-aging-care-plumping-refined-pores-youthful-skin/1732472696820175083
66,"[Cardi B Pick] BIOHEAL BOH Probioderm 3D Lifting Skincare Set | Korean Night Cream, Serum & Face Mist for Lifting & Firming | Perfect Anti-Aging Routine for Dry, Dull, Saggy Skin | Mother’s Day Gift",US,BIOHEAL BOH,23719.0,4.7,2817.0,69.99,USD,anti aging serum,https://shop.tiktok.com/us/pdp/bioheal-boh-probioderm-skincare-set-anti-aging-hydrating/1731294963604820278
67,"[Anua] Retinol TM 0.1 Caffeine Revitalizing Eye Cream 30g | retinol, eyecream, korean skincare, moisturizer, anti-wrinkle, anti-aging, age-defying, rejuvenate, radiance",US,Anua Store US,23135.0,4.4,1051.0,28.00,USD,retinol cream,https://shop.tiktok.com/us/pdp/anua-retinol-0-1-caffeine-eye-cream-30g-for-anti-wrinkle-care/1730515961136189921
68,"[COSRX Official] The Vitamin C 23 Serum (20ml) - Highly Concentrated Stabilized Pure Vitamin C Liquid, Korean Skincare Serums & Essences, Dark Spots Treatment, Age Spot Brightening, Hyaluronic Acid Moisturizer, Sun Protection Booster, Vitamin C Serums, Fa",US,COSRX US,23012.0,4.6,2057.0,20.21,USD,vitamin c serum,https://shop.tiktok.com/us/pdp/vitamin-c-23-serum-by-cosrx-pure-vitamin-c-booster-with-hyaluronic-acid/1729415432353452203
69,เซรั่ม สูตรเข้มข้น Centella ให้ความชุ่มชื้น สกินแคร์ บํารุงผิวกาย Skincare,TH,Superstore99,21986.0,4.6,1900.0,201.86,THB,centella serum,https://shop.tiktok.com/th/pdp/es-ram-centella-samhrab-phiw-aeph-ngay-ld-karrakhayekhueong-fuenfu-phiw/1729553769991145951
70,"SPF50+Kem chống nắng 50g, Được Phát Triển Cho Da Nhạy Cảm, Thoáng Khí Không Bít Lỗ Chân Lông, Thích Hợp Cho Sử Dụng Hàng Ngày, Đi Làm, Hoạt Động Ngoài Trời, Chống Mồ Hôi",VN,Dara Glow,21227.0,4.5,1850.0,54.817,VND,sunscreen spf50,https://shop.tiktok.com/vn/pdp/spf50-kem-chong-nang-50g-da-nhay-cam-thoang-khi-chong-mo-hoi/1734456137591654082
71,Brand Sale【ชุดสุดคุ้ม】Teashell  Niacinamide  ครีมเซรั่มไนอาซินาไมด์ 50มล. + เซรั่มไนอาซินาไมด์ 5% 30มล +สบู่บำรุงผิวให้กระจ่างใส 100 กรัม ผ่านการรับรองจาก FDA – ช่วยปรับสีผิวให้สม่ำเสมอ ลดเลือนจุดด่างดำ บำรุงและซ่อมแซมเกราะป้องกันผิว,TH,Teashell TH,20766.0,4.8,1824.0,259.00,THB,niacinamide serum,https://shop.tiktok.com/th/pdp/1737280960171312237
72,"[Anua Official Shop] Peach 70 Niacinamide Serum for Brightening 1.01 fl. oz. (30ml) ｜Pink serum for Radiant&Smooth, Korean skincare, niacinamide serum",US,Anua Store US,20538.0,4.7,1456.0,35.10,USD,niacinamide serum,https://shop.tiktok.com/us/pdp/peach-niacinamide-serum-for-brightening-30ml-anua/1729432474054267361
73,Korean Cream | Collagen & Vitamin C Moisturizer | Advanced Radiant & Firming Formula | Deep Hydrating K-Beauty Facial Care for Glowing Skin,US,KYULO,19407.0,4.6,2747.0,11.57,USD,collagen cream,https://shop.tiktok.com/us/pdp/skin-barrier-boost-capsule-cream-intense-hydration-formula/1732278856027247251
74,MERYEM EYE CREAM RETINOL.,MY,itakosmetikdk,19186.0,4.8,3783.0,22.00,MYR,retinol cream,https://shop.tiktok.com/my/pdp/krim-mata-retinol-dr-rashel-untuk-kulit-kencang-berseri/1729597043717999381
75,( Double Sided ) Silicone Face Massage Facial Wash Cleaner Cleanser Cleansing Brush,MY,NWD,18894.0,4.7,3400.0,2.00,MYR,facial cleansing brush,https://shop.tiktok.com/my/pdp/pembersih-muka-silicone-double-sided-mudah-digunakan-penghantaran-cepat/1729432464836954531
76,"Glow-Tox Retinal Serum 150ml | Alternative Retinol-Retinal, Centella, Niacinamide | 3x larger bottle for Face & Body – Even Tone, Pores, Dark Spots – Gentle, Non-Irritating, Vegan | MEDITHERAPY official",US,Meditherapy US Shop,17803.0,4.6,2804.0,25.99,USD,centella serum,https://shop.tiktok.com/us/pdp/meditherapy-glow-tox-retinal-serum-150ml-face-body-care/1732093977633264477
77,"[COSRX Official] Snail Mucin Essence & Cream Duo - Lightweight Adults' Skincare Set, Cruelty-Free Moisturizer, Soothing, Repairing, Barrier Support, Hydrating, Radiance-Boosting, Plump Soft Skin, Dry Skin Beauty Products Multi-Pack for Glow Up",US,COSRX US,17489.0,4.8,2074.0,43.37,USD,snail mucin essence,https://shop.tiktok.com/us/pdp/snail-mucin-essence-cream-duo-by-cosrx-hydrating-skin-care-set/1729447687517147307
78,Easydew DW-EGF Melatoning Ampoule - Official Product 99% Pure EGF Peptide Hydrating Serum with Niacinamide & Glutathione for Uneven Skin - Dark Spot Remover - Fast Absorbing Day & Night - Korean Skin Care Olive Young,US,Easydew,17424.0,4.6,2049.0,11.49,USD,anti aging serum,https://shop.tiktok.com/us/pdp/easydew-dw-egf-melatoning-ampoule-99-pure-egf-serum/1732271302482563299
79,"Fall Essentials: Barrier Therapy Cream Duo - Dry, Distressed Skin Relief",US,Prequel,17061.0,4.8,1576.0,44.20,USD,barrier repair cream,https://shop.tiktok.com/us/pdp/the-barrier-therapy-duo-moisturizing-skin-protectant-pair/1732204503077327326
80,เดอะเดย์ เซรั่ม ไนอะซินาไมด์ 10% 1 แถม 1 ขวด - THE D.A.Y. Niacinamide serum ส่งตรงจากโรงงาน,TH,เดอะ เดย์ เซรั่ม,16763.0,4.7,2036.0,99.00,THB,niacinamide serum,https://shop.tiktok.com/th/pdp/edoa-edy-es-ram-5-khwd-phlitphanth-bamrung-phiwhna-khwd-la-30-ml-sng-trng-chak-orngngan/1731543683123939087
81,"[medicube] 3H Relief Cream | Daily Soothing Moisturizer for Troubled & Delicate Skin, Hydrating, Cooling, Barrier Support Care | Centella Asiatica, Tea Tree Extract, Aloe, Hyaluronic acid | Korean Skincare, K-Beauty",US,medicube US Store,16691.0,4.6,1001.0,31.00,USD,barrier repair cream,https://shop.tiktok.com/us/pdp/3h-relief-cream-by-medicube-soothing-moisturizer-for-delicate-skin-hydrating-cooling-skincare-with-c/1732167572901433579
82,"[Ongredients Official Shop] Skin Barrier Calming Lotion EX 150ml / 5.07 fl.oz -  Hydrating Lotion for Smooth Makeup Prep & Glowy Skin, GHK-Cu, CiCA + TECA, 12-Peptide Complex, Collagen, Non-Comedogenic Facial Daily Moisturizer, Korean Skincare",US,ongredients US,16589.0,4.7,2635.0,30.98,USD,barrier repair cream,https://shop.tiktok.com/us/pdp/ongredients-skin-barrier-calming-lotion-ex-150ml-korean-skincare/1732310671989969347
83,"[Dr.Althea Official] 345 mini size (15ml) - Daily Face Moisturizer for Soothing Recovery and Blemish Care with PDRN & Niacinamide , Korean Vegan Skin Care for All Skin Types",US,Dr.Althea US,16515.0,4.6,1451.0,10.70,USD,vegan skincare,https://shop.tiktok.com/us/pdp/dr-althea-official-345-mini-size-15ml-compact-portable/1732398474176205722
84,[DEAL Tom] Serum Rau Má & HA Gowon Centella Hyaluronic Serum 50ml,VN,COONAPI,16470.0,4.8,682.0,406.981,VND,centella serum,https://shop.tiktok.com/vn/pdp/serum-rau-ma-ha-gowon-cai-thien-da-mun-cap-nuoc/1731827563533208232
85,REMEDY 15% Vitamin C Complex Brightening Serum for Daily Defense,US,Remedy Science,15983.0,4.8,1634.0,20.25,USD,vitamin c serum,https://shop.tiktok.com/us/pdp/vitamin-c-serum-remedy-15-complex-brightening-for-hydration-soothing-daily-defense/1732180373989069782
86,"Hyaluronic Acid Facial Serum - Ultra Hydrating Essence Ampoule with Deep Moisture, Hydrate, Anti-Aging, Barrier Repair, Collagen Support, Pre-Makeup Treatment - Individual Packs, Moisturizer for Face, Sensitive Skin Ok - 30 Vials",US,YUCHEN TRADING INC,15820.0,4.6,2172.0,16.90,USD,hyaluronic acid serum,https://shop.tiktok.com/us/pdp/hyaluronic-acid-serum-for-youthful-skin-ultra-hydrating-30-vials/1731470666129314596
87,[New item] AMT Ultimate Anti-Aging Serum 25 mL - เซรั่มลดเลือนริ้วรอย ผิวอิ่มฟู แลดูอ่อนเยาว์ (สูตรอ่อนโยน),TH,AMT Skincare,15760.0,4.9,1415.0,339.90,THB,anti aging serum,https://shop.tiktok.com/th/pdp/1736439006670391136
88,Cosrx Advanced Snail 96 Mucin Power Essence 30ml/100ml,MY,Tree Skin Beauty,15689.0,4.9,2985.0,23.00,MYR,snail mucin essence,https://shop.tiktok.com/my/pdp/essence-kulit-kosmetik-dengan-ekstrak-siput-mucin-100ml/1729422839288858917
89,"Sữa rửa mặt Dr. Lan trị mụn chứa Salicylic Acid 100ml ，Được thiết kế đặc biệt dành cho da nhạy cảm, da dầu và da dễ bị mụn. ，làm sạch mồ hôi và dầu thừa ,phù hợp nhiều loại da，thích hợp cho cả nam & nữ",VN,lt.Drlan beauty-VN,15274.0,4.4,1495.0,167.959,VND,salicylic acid cleanser,https://shop.tiktok.com/vn/pdp/sua-rua-mat-axit-salicylic-lam-sach-sau-thu-nho-lo-chan-long-kiem-soat-dau-giam-seo-mun/1732265243986134998
90,Saltair HA Body Hydrator Hyaluronic Acid Serum 2-pack,US,Saltair Body,15107.0,4.4,1106.0,41.50,USD,hyaluronic acid serum,https://shop.tiktok.com/us/pdp/saltair-ha-body-hydrator-hyaluronic-acid-serum-2-pack/1732039944315900563
91,"[medicube] TXA + Niacinamide 15% Uneven Skin Tone Care Serum | High-Potency Tranexamic Acid | Use After Spot care, Hydration, Korean Skincare",US,medicube US Store,14724.0,4.7,900.0,29.00,USD,tranexamic acid serum,https://shop.tiktok.com/us/pdp/txa-niacinamide-15-glow-serum-by-medicube-for-hydration-texture-care/1730744867960033515
92,[Torriden x Hứa Ngân] Serum HA Torriden 5D Hyaluronic Acid phân tử nhỏ thấm sâu cấp ẩm làm dịu da DIVE IN Serum 50ml,VN,Torriden VN,14389.0,4.7,576.0,468.920,VND,hyaluronic acid serum,https://shop.tiktok.com/vn/pdp/serum-hyaluronic-acid-torriden-dive-in-50ml-duong-am-lam-muot-da/1730056807913392875
93,"[NEW] WNP Plump Serum | 3% 8D Hyaluronic Acid + PDRN Blue Beads | Ultra-Low Molecular HA & 10 Peptide Complex | Long-Lasting Hydration for Plump | Smooth, Firm-Looking Skin",US,WNP SKINCARE,14387.0,4.7,1329.0,27.00,USD,anti aging serum,https://shop.tiktok.com/us/pdp/wnp-official-wnp-plump-serum-for-skin-hydration-glow/1732389076453921506
94,Jumiso Snail Mucin 95 + Peptide Essence 140ml [Hydrating/Soothes/Reduce acne/Firmer/oil free/sun damage/Serums/Skincare/kbeauty/moisturizes /Non Comedogenic/Alcohol free/Fragrance Free],MY,Jumiso OFFICIAL STORE,13810.0,4.9,2443.0,74.00,MYR,snail mucin essence,https://shop.tiktok.com/my/pdp/jumiso-snail-mucin-95-peptide-essence-140ml-melembapkan-merawat-jerawat-tanpa-minyak-tidak-mengandun/1729514327480042708
95,[Skin Deva] Hyaluronic acid with Vitamin C Serum  | All Skin Types Skincare Skin Repair Comfort,US,Skin Deva,13714.0,4.6,1165.0,17.99,USD,vitamin c serum,https://shop.tiktok.com/us/pdp/hyaluronic-acid-vitamin-c-serum-1-oz-by-skin-deva-for-all-skin-types/1729385155309244655
96,Glad2Glow CREAMY BERRY OVERNIGHT BRIGHT BODY SERUM ฟื้นบำรุงผิวให้เปล่งประกาย อย่างเป็นธรรมชาติใน 14 วัน + MOIST & SMOOTH BODY SERUM  ช่วยเติมความชุ่มชื้น / ยาวนาน 24 ชั่วโมง เผยผิวโกลว์ เปล่งประกาย / อย่างเป็นธรรมชาติ,TH,Glad2GlowThai,13492.0,4.8,1984.0,118.00,THB,brightening serum,https://shop.tiktok.com/th/pdp/glad2glow-serum-bamrung-phiweniyn-num-chumchuen-yawnan-24-chm/1732200899589016249
97,REMEDY Copper Peptide Complex Advanced Firming Serum,US,Remedy Science,13336.0,4.8,741.0,49.40,USD,anti aging serum,https://shop.tiktok.com/us/pdp/remedy-copper-peptide-complex-serum-firm-hydrate-skin/1732482657895420886
98,【Neo SkinTech】Serums 5% Niacinamide,MY,Neo SkinTech,13315.0,4.6,1820.0,18.72,MYR,niacinamide serum,https://shop.tiktok.com/my/pdp/neo-skintech-serum-5-niacinamida-asid-hialuronik-30ml/1732686679300802150
99,Palmer's Cocoa Butter Formula Tahitian Vanilla Body Lotion and Moisturizing Body Oil Comforting Moisturizer Bundle,US,Palmer's,13158.0,4.7,1504.0,17.78,USD,body lotion,https://shop.tiktok.com/us/pdp/tahitian-vanilla-body-lotion-moisturizing-body-oil-bundle-by-palmers/1730756628956287889
100,POPASKIN เซรั่มเนื้อบางเบา ซึมไว ไม่เหนอะหนะ ปรับผิวกระจ่างใส ดูเรียบเนียน Glass Skin 30ml,TH,PopaSkin,13148.0,4.8,1477.0,187.00,THB,tranexamic acid serum,https://shop.tiktok.com/th/pdp/es-ram-popaskin-10-niacinamide-chwy-krachang-ais-ld-chuddang-dam-30ml/1731650988211079662
101,Serum Rau Má & HA Gowon Centella Hyaluronic Serum 50ml,VN,COONAPI,12415.0,4.8,717.0,384.490,VND,centella serum,https://shop.tiktok.com/vn/pdp/serum-rau-ma-ha-gowon-centella-hyaluronic-50ml-duong-da/1729623362311391912
102,[BIG SALE] Glad2Glow Matcha Salicylic Acid Acne Cleanser 80ml oil control & acne clearing 4in1 - cleanses pores & removes dirt & excess oil & makeup residue Perawatan Kulit,MY,Glad2Glow.my,12391.0,4.9,2607.0,16.35,MYR,salicylic acid cleanser,https://shop.tiktok.com/my/pdp/glad2glow-matcha-salicylic-acid-acne-cleanser-80ml-4-in-1/1734597178788447645
103,"The Ordinary Azelaic Acid Suspension 10%, Brightening Formula for Uneven and Blemish-Prone Skin",US,The Ordinary Store,12187.0,4.7,1319.0,17.19,USD,azelaic acid,https://shop.tiktok.com/us/pdp/azelaic-acid-suspension-10-by-the-ordinary-for-blemish-prone-skin/1729389462405091337
104,"Jergens Shea Fusions Body Lotion 2 Pack Bundles - 14oz NEW Confetti Cake and Cherry Swirl, Vanilla Crush, Lavender Dreams, Sparkling Berry, Warm Amber",US,Jergens US,12118.0,4.7,1690.0,19.98,USD,body lotion,https://shop.tiktok.com/us/pdp/jergens-shea-fusions-body-lotion-2-pack-5-scents-14oz/1732409202912891249
105,Dr.Leo [Hot Sale] 7X Ceramide Cream 30g . Sensitive Skin Friendly . Deep Moisturizing . Ceramide Skin Barrier Repair . Pemulihan Mendalam . Melembapkan Secara Maksimum . Mengurangkan Kulit Kering & Sensitif,MY,Dr.Leo Skincare Malaysia,11949.0,4.9,1546.0,52.00,MYR,ceramide cream,https://shop.tiktok.com/my/pdp/krim-pelembap-dr-leo-7x-ceramide-memperbaiki-penghalang-kulit-hidrasi-24-jam-sesuai-untuk-semua-jeni/1731138335921243252
106,SKINN Cosmetics: Age Reset Serum Intensive with Ferulic Acid Retinol & Microencapsulated Vitamin C for Anti-Aging Daily Radiant Skincare,US,SKINN Cosmetics,11865.0,4.8,1018.0,96.85,USD,anti aging serum,https://shop.tiktok.com/us/pdp/age-reset-serum-intensive-by-skinn-with-retinol-vitamin-c-complex/1729652615360712881
107,"New！Sttes 02 (Original 602) Body Lotion, 250ml/8.45 fl oz – Caramel Vanilla Gourmand Scent – Deep Moisturizing, Fast-Absorbing, Non-Greasy – For Dry Skin, Women & Men, Moisturizer, Plant,back to school,sohochic",US,Sttes,11599.0,4.6,1897.0,50.00,USD,body lotion,https://shop.tiktok.com/us/pdp/body-lotion-sttes-brazilian-caramel-vanilla-cream-602-with-jojoba-coconut/1729967723189015391
108,กันแดดนมวัวSPF 50,TH,kwt Skinshop88,11400.0,4.6,1400.0,110.00,THB,sunscreen spf50,https://shop.tiktok.com/th/pdp/kanaedd-nmwaw-spf-50-khrimkanaedd-60g-enueo-khrim-namnm-bangeba-chumchuen-pa/1729570365802908648
109,"Korean Collagen jelly cream 110ml, Youthful Skin, Plant-Based Skincare, Hydrating Cream, Plumpy and Glow Skin, Skin Energy, Facial Care",US,LSLAE,11179.0,4.6,1124.0,14.90,USD,collagen cream/korean skincare,https://shop.tiktok.com/us/pdp/korean-collagen-jelly-cream-110ml-hydrating-glowing/1732346298515689925
110,8% Dr Song Glycolic Acid Toner with Hyaluronic Acid Jumbo size 8oz glycolic toner cleanser skincare Exfoliant,US,Dr Song,10996.0,4.3,304.0,29.99,USD,exfoliating toner,https://shop.tiktok.com/us/pdp/glycolic-acid-toner-8-by-dr-song-with-hyaluronic-acid-8oz-jumbo-size/1729438730330018208
111,[SKIN1004 Official Shop] Tone Brightening Capsule Ampoule 1.69 fl oz. (50ml) with Niacinamide & Tranexamic Acid for Discoloration & Dark Spot Fading,US,SKIN1004 US,10929.0,4.6,1335.0,20.99,USD,centella serum/tranexamic acid serum,https://shop.tiktok.com/us/pdp/tone-brightening-capsule-ampoule-by-skin1004-50ml-with-niacinamide/1730956998851006914
112,Gleanser + Salicylic Acid - Glycerin & Salicylic Acid Cleanser To Soften & Renew Skin,US,Prequel,10696.0,4.7,786.0,27.50,USD,salicylic acid cleanser,https://shop.tiktok.com/us/pdp/non-drying-salicylic-acid-cleanser-by-gleanser-sa-with-glycerin/1729712855973925342
113,DR RASHEL NIGHT REPAIR EYE CREAM RETINOL (purple white),MY,Shameyta Beauty,10624.0,4.7,1377.0,21.00,MYR,retinol cream,https://shop.tiktok.com/my/pdp/krim-mata-retinol-dr-rasheel-untuk-pengesan-kedutan-kulit-halus/1729545938614453660
114,[ แพค 3 ชิ้นสุดคุ้ม] BSC VITAMIN BRIGHT SERUM 50 กรัม บีเอสซี วิตามิน ไบร์ทเทนนิ่ง เซรั่ม(SCLNVGM2),TH,BSC Cosmetology,10623.0,4.8,1240.0,142.00,THB,brightening serum,https://shop.tiktok.com/th/pdp/bsc-vitamin-bright-serum-50g-sutr-ekhmkhn-ephueo-phiw-krachang-ais/1732337428311934244
115,"e.l.f. Acne Fighting Spot Gel Roll-On w/ 1% Salicylic Acid,Treat & Prevent Blemishes Blackheads, Derm-Tested, Fragrance-Free $5",US,e.l.f. Cosmetics,10603.0,4.6,1011.0,11.50,USD,acne treatment,https://shop.tiktok.com/us/pdp/blemish-breakthrough-acne-spot-gel-by-e-l-f-cosmetics-salicylic-acid-aloe/1729384066784268579
116,[Torriden & Long Chun] Serum HA Torriden 5D Hyaluronic Acid phân tử nhỏ thấm sâu cấp ẩm làm dịu da DIVE IN Serum 50ml,VN,Torriden VN,10342.0,4.8,469.0,468.920,VND,hyaluronic acid serum,https://shop.tiktok.com/vn/pdp/serum-hyaluronic-acid-torriden-dive-in-50ml-duong-am-lam-muot-da/1730036957822880491
117,"The Brightening Face Serum – Clinical Strength Dark Spot Corrector with Vitamin C & Tranexamic Acid – Fades Hyperpigmentation, Dark Spots & Uneven Tone – Boosts Radiance for a Brighter, Youthful-Looking Complexion – Suitable for Mature Skin",US,Truly Beauty,10196.0,4.3,1267.0,37.70,USD,tranexamic acid serum,https://shop.tiktok.com/us/pdp/brightening-face-serum-with-vitamin-c-tranexamic-acid/1731678553946952394
118,"【Hadiah Percuma】Produk laris Freshiny Skincare: pembersih muka Asid Salisilik untuk jerawat, 100 ml × 1 unit. Pembersihan mendalam, kawalan minyak, pengelupasan, menjadikan kulit lebih licin dan halus.",MY,freshinystore.my,10157.0,4.8,1776.0,17.00,MYR,salicylic acid cleanser,https://shop.tiktok.com/my/pdp/pembersih-muka-anti-jerawat-asid-salisilik-100ml-freshiny/1729487521139754705
119,"Dark Spot Corrector, Dark Spot Remover For Face and Body Serum | Improves Hyperpigmentation, Facial Freckles, Melasma, Brown Spots",US,Thisnnets,10003.0,3.2,621.0,39.99,USD,dark spot corrector,https://shop.tiktok.com/us/pdp/dark-spot-corrector-serum-by-brand-name-for-face-body-improves-hyperpigmentation/1729537964073718625
120,Beauty Glow cleanse by Beauty Blend dietary Supplement,US,Bylabronca,9962.0,4.8,966.0,9.68,USD,clean beauty,https://shop.tiktok.com/us/pdp/beauty-glow-cleanse-dietary-supplement-by-beauty-blend-with-senna-leaf/1729944101454844441
121,"BASED Body Lotion | Amber Scent | Advanced Moisture Binding, Deeply Nourished, Visibly Radiant | Simple, Effective, BASED.",US,BASED,9734.0,4.8,1626.0,25.00,USD,body lotion,https://shop.tiktok.com/us/pdp/based-body-lotion-amber-scent-deep-hydration-non-greasy/1732460956061372726
122,Wardah Acnederm Salicylic Acid Zinc Acne Clearing Low pH Foaming Cleanser 100ml-Oil Control&Kills Acne-Causing Bacteria,MY,Wardah Malaysia Store,9644.0,4.9,1968.0,20.50,MYR,salicylic acid cleanser,https://shop.tiktok.com/my/pdp/wardah-acnederm-sabun-cuci-muka-lembut-anti-jerawat/1729424153697421401
123,The Acne Collection,US,The Ordinary Store,9585.0,4.7,773.0,32.70,USD,acne treatment,https://shop.tiktok.com/us/pdp/acne-collection-by-the-ordinary-3-step-regimen-with-salicylic-acid/1729718970478268425
124,มาส์กหน้า Mask 25g Mask Sheet Mask แผ่นละ 4 บาท,TH,Cay.Home,9227.0,4.8,386.0,0.01,THB,face mask sheet,https://shop.tiktok.com/th/pdp/mas-kh-na-cha-okhl-sutr-phriemiym-mas-kh-na-markh-hna-sutr-yodniym/1730202946979858539
125,【Bundle & Save】Dr.Leo Pimple Drying Lotion Plus(2 Bottles) | 24H Spot Rescue | 1.8% Encapsulated Salicylic Acid + 4% Niacinamide | Acne Clearing Products | Inflammation Relief & Redness-Calming For Oily Skin #sohochic #tiktokshopbacktoschool,US,Dr.Leo-USA,8547.0,4.6,704.0,32.37,USD,acne treatment,https://shop.tiktok.com/us/pdp/dr-leo-salicylic-acid-lotion-2pcs-for-acne-relief-oil-control-sensitive-skin/1731318847055303275
126,[HB GIFT – Quà tặng không bán] Dầu gội giúp ngăn ngừa và giảm rụng tóc Vichy Dercos Energising Shampoo Hairloss 6ml,VN,Vichy Vietnam,8320.0,0,0.0,1.444.276,VND,hair loss shampoo,https://shop.tiktok.com/vn/pdp/1734527325879502523
127,The Skin Collection Exfoliating Toner โทนเนอร์สำหรับคนที่มีปัญหาปัญหาสิว ริ้วรอยหน้ามัน 300ml,TH,The Skin Collection,8237.0,4.8,1404.0,142.00,THB,exfoliating toner,https://shop.tiktok.com/th/pdp/othn-eno-r-the-skin-collection-300ml-samhrab-payha-siw-riwroy-aela-khwamman/1729527161372903614
128,"[Dr.Althea Official] 345 Relief Cream Mist, Hydrating Facial Mist with Rice Extract, Soothing Care for Sensitive Skin, Vegan Korean Skincare",US,Dr.Althea US,8213.0,4.8,710.0,20.67,USD,vegan skincare,https://shop.tiktok.com/us/pdp/345-relief-cream-mist-by-dr-althea-hydrating-vegan-facial-mist-soothing-sensitive-skin-dual-layer-hy/1731714125821350810
129,"[COSRX Official] The Ceramide Skin Barrier Moisturizer (80ml) - Korean Hyaluronic Acid Moisturizer for Dry, Sensitive Skin, Soothing, Hydrating, Boosts Moisture, Helps Repair Barrier",US,COSRX US,8205.0,4.3,485.0,19.50,USD,barrier repair cream,https://shop.tiktok.com/us/pdp/moisturizer-cosrx-the-ceramide-skin-barrier-80ml-for-sensitive-dry-skin/1730843567728136363
130,[NÂU] Serum rau má Centella Skin1004 Ampoule 30ML/55ML/100ML,VN,KIMXUYẾN Authentic,8011.0,4.8,607.0,378.418,VND,centella serum,https://shop.tiktok.com/vn/pdp/serum-rau-ma-centella-skin1004-chong-mun-kiem-soat-dau/1729822148360309445
131,Face Mask แมสผู้ใหญ่ หนา4ชั้น สีพาสเทล กันPM2.5 กระชับรูปหน้า เนื้อผ้าหนา 1กล่อง50ชิ้น,TH,Lucky Star A,7909.0,4.9,661.0,37.00,THB,face mask sheet,https://shop.tiktok.com/th/pdp/hnakak-aems-phuaihy-4-chan-si-phasethl-pongkan-pm2-5-50-chin/1730982795178903708
132,[medicube] The Power Couple l TXA Niacinamide 15% Glow Serum + Azelaic Acid 16 Calming Serum,US,medicube US Store,7772.0,4.7,490.0,58.00,USD,azelaic acid,https://shop.tiktok.com/us/pdp/glow-serum-set-by-medicube-txa-niacinamide-15-azelaic-acid-16/1730875175118606571
133,"Dr.Lan Sữa Rửa Mặt Dành Cho Da Dầu Mụn: Sạch Nhờn, Mụn Đầu Đen, Giảm Mụn Viêm Với 2% Salicylic Acid, Dễ Tạo Bọt, Trắng Mịn Da",VN,lt.Drlan beauty-VN,7771.0,4.6,753.0,154.361,VND,salicylic acid cleanser,https://shop.tiktok.com/vn/pdp/sua-rua-mat-drlan-scientific-cleansing-milk-lam-sach-sau-thu-nho-lo-chan-long-loai-bo-mun-dau-den/1733144392921483222
134,Lion PAIR Acne Treatment Cream 24g Larger Size - Top Selling Japanese Acne Creamy  Gentle Formula with Lid Included for Clear Skin,US,Yami. Best of Asia,7741.0,4.5,437.0,21.68,USD,acne treatment,https://shop.tiktok.com/us/pdp/acne-treatment-cream-by-lion-pair-24g-fast-acting-skin-repair-solution/1730170619729908538
135,"[Kính Gấp] Kính Râm Nam Nữ, Có Thể Gập Lại,  Làm Bằng Vật Liệu PC, Có Khả Nắng Chống Tia Cực Tím, G06",VN,Handsome store 95,7670.0,4.7,9.0,46.954,VND,glass skin,https://shop.tiktok.com/vn/pdp/kinh-ram-doi-mau-thoi-trang-glazeup-bao-ve-mat-toan-dien-chong-uv-phan-cuc/1734679641093539177
136,SKINTIFIC Sensitive Moisture Gel 40ml Reduce redness Moisturizer  Cream With 7x Calming Complex For Sensitive Acne-Prone  Skin Penjagaan Kulit,MY,Skintific.my,7477.0,4.9,1598.0,28.00,MYR,sensitive skin moisturizer,https://shop.tiktok.com/my/pdp/skintific-gel-pelembap-sensitif-40ml-redakan-kemerahan-7x-calming-complex-teknologi-dual-bionic-kese/1731066251000513568
137,[Tiffany Live] COSRX Official Advanced Snail 96 Mucin Power Essence เอสเซ้นต์ปูไปรยา เมือกหอยหาก สเนล96% เติมความชุ่มชื่น ให้ผิว สกินแคร์ Skincare ใบหน้า ความชุ่มชื้น การฟื้นฟู เซรั่มและเอสเซนส์,TH,COSRX Thailand Official,7447.0,4.9,988.0,520.80,THB,snail mucin essence,https://shop.tiktok.com/th/pdp/cosrx-aihodr-ailkh-edn-s-oonoyn-phiw-96-mu-si-n-phawewor-eos-esns/1730812134400035487
138,Sensitive Booter Moisturizer 1,TH,N PLUS  SKIN Care,7417.0,4.9,932.0,449.40,THB,sensitive skin moisturizer,https://shop.tiktok.com/th/pdp/khrim-namman-ekhmkhn-samhrab-phiw-aeph-ngay-bamrung-phiw-eriyb-eniyn-ephim-khwamchumchuen-pkpong-phiw-chak-waijie-yinsu/1731841280752649240
139,"[Dr.Melaxin Official] Peel Shot Exfoliating TX-Serum 80ml, Tranexamic Acid & Niacinamide Gentle Peeling for Dark Spot Care",US,Dr.Melaxin,7369.0,4.5,802.0,36.00,USD,tranexamic acid serum,https://shop.tiktok.com/us/pdp/peel-shot-exfoliating-tx-serum-80ml-dr-melaxin-tranexamic-acid-niacinamide-dark-spot-care/1732184231636471835
140,"Vitamin C & 5% Niacinamide Brightening Serum - Dual Chamber Hydrating Complex, 3% Tranexamic Acid Dark Spot Remover, All Skin Types, Day/Night Care, Regular Edition Single Item",US,Dr. Mopick Glow,7081.0,4.2,571.0,25.99,USD,tranexamic acid serum,https://shop.tiktok.com/us/pdp/vitamin-c-niacinamide-face-serum-brighten-hydrate/1732411816962003756
141,[1] CERADIN (5X) 100G CERAMIDE MOISTURIZER SKIN BARRIER CREAM | Anti-Itch for Sensitive & Very Dry Skin (Face & Body) | Krim Ceramide Pelembap Skin Barrier | Anti Gatal Kulit Sensitif & Kering Teruk,MY,Dr Maryam Aziz,6919.0,4.9,991.0,9.00,MYR,ceramide cream,https://shop.tiktok.com/my/pdp/1734738027347871630
142,HOMEFACIALPRO PORE PERFECTING ESSENCE TONER โทนเนอร์ปรับสภาพรูขุมขนให้เนียนนุ่มและสะอาด ใช้หลังล้างหน้า สำหรับการบำรุงผิว,TH,HomeFacial Pro,6899.0,4.9,906.0,179.00,THB,pore care toner,https://shop.tiktok.com/th/pdp/1733136379563902623
143,ครีมบำรุงผิว สูตรคอลลาเจน Collagen Body Cream (ขนาด250กรัม),TH,Ceo Paradise,6806.0,4.7,595.0,19.00,THB,collagen cream,https://shop.tiktok.com/th/pdp/paradise-skincare-collagen-body-cream-moisturizing-nourishing/1734260396026398632
144,EXFOLIATING TONER EFPY (Brightening and Sensetive),MY,MAF Beauty Empire,6771.0,4.9,1443.0,31.20,MYR,exfoliating toner,https://shop.tiktok.com/my/pdp/toner-ekspoliating-untuk-kulit-berkelupat-sensitif/1731402089347384326
145,"[Centellian24] K-Beauty Pharmaceutical: PDRN + TECA | Madeca Cream Time Reverse + Expert Madeca Cream Active Renew PDRN 50ml - Elasticity Firming Soothing Calming Deep Hydration Barrier Support for All Skin Types, Moisturize, Radiant Skin",US,Centellian24,6595.0,4.8,499.0,66.50,USD,barrier repair cream,https://shop.tiktok.com/us/pdp/madeca-pdrn-duo-anti-aging-moisturizer-teca-pdrn-technology/1732182463395238813
146,"Dr.Mopick Anti-Wrinkle Treatment Serum - Firming Skin Repair Reverse Aging Facial Serum, Designed for Facial Firming Routines, Helps Reduce Wrinkles, Time-Limited Activity, 1 Bottle Daily, Anti Wrinkle Serums & Essences",US,Dr. Mopick,6530.0,4.6,717.0,28.59,USD,anti aging serum,https://shop.tiktok.com/us/pdp/padoro-anti-wrinkle-essence-serum-firming-anti-aging-daily-use/1731314922025160708
147,[TIRTIR Official] Ceramic Milk Ampoule 40ml Hydrating Moisture Skincare Serum,US,TIRTIR Inc.,6508.0,4.8,586.0,26.00,USD,vegan skincare,https://shop.tiktok.com/us/pdp/ceramic-milk-ampoule-by-tirtir-hydrating-serum-with-squalane/1729613219561247322
148,"Electric Blackhead Remover Vacuum Pore Cleaner, Electric Facial Cleaning Kit, Facial Cleansing Equipment, Includes 5 Replacement Brushes + 4 Stainless Steel Tools, Deep Clean, Skincare Tool, Blackhead Removing, Facial Cleansing Brush, Pore Suction Tool",US,DuoBL Home,6474.0,4.1,521.0,16.55,USD,blackhead remover,https://shop.tiktok.com/us/pdp/electric-blackhead-cleaner-usb-rechargeable-with-5-tips-4-needles/1730940506436636706
149,(CLEANSER) Salicylic Acid Deep Cleansing Cleanser 100ML Facial Skincare Wajah,MY,mimpimikahq,6284.0,4.9,998.0,44.64,MYR,salicylic acid cleanser,https://shop.tiktok.com/my/pdp/pembersih-muka-salisylic-asid-untuk-kulit-berminyak-110ml/1729427925266106899
150,"[mixsoon Official] Vitamin C 20 Serum 0.34 Fl. Oz. / 10ml — 20% Pure Vitamin C, Lightweight Non-Sticky Face Serum, Korean Glass Skin, Antioxidant, Radiance",US,mixsoon,6272.0,4.7,782.0,19.76,USD,vitamin c serum,https://shop.tiktok.com/us/pdp/vitamin-c-serum-20-potency-0-34-fl-oz-10-ml-sensitive-skin/1731520336205746984
151,LOOSE ITEM TABITA,MY,BeautyMaps,6245.0,4.9,1169.0,12.00,MYR,clean beauty,https://shop.tiktok.com/my/pdp/loose-item-tabita-sabun-wajah-krim-siang-dan-malam-pembersih-dan-pengencang/1729584288318196002
152,Nước cân bằng (toner) giàu khoáng dành cho da dầu La Roche-Posay Effaclar Astringent Lotion 200ml,VN,La Roche-Posay Việt Nam,6221.0,4.5,430.0,468.506,VND,exfoliating toner/pore care toner,https://shop.tiktok.com/vn/pdp/nuoc-can-bang-la-roche-posay-effaclar-200ml-lam-diu-da-chong-lao-hoa-phu-hop-da-dau-nhay-cam/1730521570947009298
153,"Divine Derriere Intimate Dark Spot Remover for Body Face Bikini & Sensitive Areas - Dark Spot Corrector Cream for Intimate Areas Contains Mulberry Extract, Alpha Arbutin, Peptide  Brightening",US,Divine Derriere,6205.0,4.6,610.0,29.99,USD,dark spot corrector,https://shop.tiktok.com/us/pdp/divine-derriere-dark-spot-remover-for-face-body-sensitive-areas/1731179610259952204
154,"CosMD เซรั่ม Tranexamic Acid 3%, Alpha-Arbutin 2%",TH,CosMD,6025.0,4.9,690.0,397.00,THB,tranexamic acid serum,https://shop.tiktok.com/th/pdp/cosmd-es-ram-tranexamic-acid-3-alpha-arbutin-2-chak-aebrnd-kho-s-eomdi/1729927129402477070
155,เซราไมด์ เคโอริช Ceramide Glassy Creamy Korich,TH,nicha0818,5855.0,4.9,868.0,130.00,THB,ceramide cream,https://shop.tiktok.com/th/pdp/esra-mid-ekh-rm-sud-hru-chak-ko-rich-sutr-ekhmkhn-samhrab-phiw-swy-krachang-ais/1731281573997151444
156,"COMBO DƯỠNG NÂNG TONE DA SAU KHI PEEL DA - dưỡng sau khi peel , mờ nám , mờ tàn nhang , căng bóng , cấp ẩm nâng tone da",VN,NHI SHOP 79,5826.0,4.8,427.0,579.340,VND,post procedure skincare,https://shop.tiktok.com/vn/pdp/combo-duong-nang-tone-da-sau-khi-peel-mo-nam-cap-am/1730426531315682297
157,combo dưỡng phục hồi sau peel size nhỏ,VN,shop Nguyễn nhờ,5749.0,4.9,593.0,150.695,VND,post procedure skincare,https://shop.tiktok.com/vn/pdp/combo-duong-da-sau-peel-size-nho-kem-serum-cap-am/1729730303862147368
158,"SOLO EN IBIZA Mallorca Breeze 3-Piece Bath & Body Layering Set, 6.1 fl oz (180ml) Fragrance Mist, 16.9 fl oz (500ml) Body Lotion & Body Wash, Tropical Gourmand Scent with Coconut Cream, Warm Vanilla & Toasted Praline, Multiple Scent Options",US,Soloenibiza,5698.0,4.5,882.0,23.99,USD,body lotion,https://shop.tiktok.com/us/pdp/solo-en-ibiza-mallorca-breeze-3-piece-bath-body-set/1732471825283977991
159,"[mixsoon Official] Vitamin C Power Duo - 20% Vitamin C Serum + Cream, Korean Glass Skin Radiance Set, Ideal Gift Set",US,mixsoon,5660.0,4.7,629.0,59.00,USD,vitamin c serum,https://shop.tiktok.com/us/pdp/vitamin-c-power-duo-supplement-for-immune-support-health/1731542261951075112
160,"Luseta Rosemary Hair Growth Shampoo and Conditioner Thickening and Regrowth Formula for Men & Women 2 X 16.9Oz, shampoo for hair loss",US,BigCopyninja,5643.0,4.7,765.0,41.59,USD,hair loss shampoo,https://shop.tiktok.com/us/pdp/hair-growth-shampoo-conditioner-duo-by-luseta-rosemary-mint-2-x-16-9oz/1729692390146741218
161,INGU Black Rice Plumping Lip Mask ลิปมาส์ก บำรุงริมฝีปาก ชุ่มชื้น,TH,INGU Skin,5551.0,4.9,564.0,420.00,THB,lip mask,https://shop.tiktok.com/th/pdp/lip-mas-krim-fipak-ingu-bamrung-rimfipak-chumchuen-pongkan-mlphawa/1731852780285758142
162,[สินค้าสมนาคุณ] ไฮยาลูรอนิค แอซิด เซรั่ม 7.5 มล. X8,TH,L'Oreal Paris TH,5420.0,0,0.0,"2,657.00",THB,hyaluronic acid serum,https://shop.tiktok.com/th/pdp/lorioal-paris-ri-aiwthal-lifth-khrim-aih-ya-lu-ron-ikh-7-5-ml-x8/1731799103506647128
163,ครีมบำรุงหลังสัก (D-pan skin care crenm),TH,newclear tattoo,5296.0,4.9,365.0,97.00,THB,post procedure skincare,https://shop.tiktok.com/th/pdp/khrim-bamrung-hlang-sak-d-pan-skin-care-creme-samhrab-aephl-sak-sd/1729740503322626741
164,เซตผิวใส แลดูอ่อนเยาว์ - AMT Ultimate Anti-aging Serum 25 mL & AMT Infinite Brightening Serum 25 mL,TH,AMT Skincare,5292.0,4.9,583.0,811.99,THB,anti aging serum,https://shop.tiktok.com/th/pdp/1736541162706077536
165,"[ILLIYOON] Ceramide Ato Concentrate Cream | Moisturizer for Dry & Sensitive Skin, 100hr Lasting Hydration, For Face & Body, Gentle for Infants, Moisture Barrier Repair, Vegan Certified, 2.53 fl.oz.",US,ILLIYOON US,5256.0,4.8,217.0,23.39,USD,ceramide cream,https://shop.tiktok.com/us/pdp/illiyoon-ceramide-ato-cream-100hr-hydration-vegan-formula/1731070791377326431
166,"[WNP Official] Vitamin C Serum | Dark Spots, Hyperpigmentation, Acne Marks & Uneven Skin Tone | Niacinamide, Azelamide MEA, Bifida Ferment & Centella | Fades Pigmentation, Corrects Discoloration, Brightens Dull Skin, Smooths Texture & Restores Radiance",US,WNP SKINCARE,5253.0,4.8,806.0,17.90,USD,vitamin c serum,https://shop.tiktok.com/us/pdp/wnp-brightpop-vitamin-c-serum-anti-aging-skin-whitening/1731677063559418594
167,"Kem Chấm Mụn Azelaic Acid 20% 20g Cho Da Dầu Mụn, Hỗ Trợ Giảm Mụn, Mụn Ẩn, Đầu Đen, Mờ Thâm Sau Mụn, Kiểm Soát Dầu Thừa [COD]",VN,PopTi,5213.0,4.5,533.0,41.979,VND,azelaic acid,https://shop.tiktok.com/vn/pdp/1735548482736587995
168,"[DearKlairs] EGF Calming Cream (30g, 60g) - Korean Vegan Sensitive Skin Skincare, Silky Lightweight Cream Texture, Clinically Proven 5.9°C Guaiazulene Calm, Ceramide Spot Moisturizer, Non-Greasy Post-Treatment Redness Fade Care, 60 G",US,"dear, Klairs",5204.0,4.7,350.0,20.00,USD,vegan skincare,https://shop.tiktok.com/us/pdp/midnight-blue-calming-cream-by-dearklairs-soothing-hydrating-moisturizer/1729479221786415871
169,"+WIS + Serum chứa 577 hỗ trợ giảm nám, mờ thâm, sáng da hiệu quả sau 28 ngày., 30ml, bằng sáng chế của Hàn Quốc",VN,WIS.VN,5160.0,4.8,302.0,196.552,VND,niacinamide serum,https://shop.tiktok.com/vn/pdp/serum-niacinamide-cao-cap-wis-duong-da-lam-sang-da-30ml/1731070585513741210
170,"Super Boost Serum | #1 Dermatologist Recommended | 5 Anti-Aging Ingredients + Boosted By Ceramides to Fight 5 Signs of Aging | Hydrating Milky Texture for Smoother, Plumper, More Radiant Skin​  ​",US,CeraVe,5153.0,4.6,244.0,38.99,USD,anti aging serum,https://shop.tiktok.com/us/pdp/cerave-super-boost-serum-hydrating-anti-aging-formula-dermatologist-recommended/1732516586515894309
171,"[HONLINK] 5X Vitamin C Vegan Skincare Set - 6-In-1 Kit with Cleanser, Lotion, Serum, Hyaluronic Acid for Hydrate, Moisture, Repair, Radiant Glow, Even Skin Tone, Dark Circles - Daily Use, Ideal Gift",US,GlowFairy,5135.0,4.8,930.0,33.78,USD,vegan skincare,https://shop.tiktok.com/us/pdp/5x-vitamin-c-skincare-set-by-brand-6-in-1-moisturizing-essentials/1730854041387635432
172,"[SKIN1004 Official Shop] LAB IN NATURE Matrixyl 10 Boosting Shot Ampoule 30ml - Matrixyl 3000, Volufiline, Hydration & Volume Boost, Skin Lifting Support, Hyaluronic Acid Production",US,SKIN1004 US,5087.0,4.7,579.0,29.12,USD,centella serum,https://shop.tiktok.com/us/pdp/lab-in-nature-matrixyl-10-boosting-shot-ampoule-30ml-hydratant/1731564272960377282
173,"TruSkin Vitamin C Brightening Serum with Aloe, Jojoba Oil, and Hyaluronic Acid for Glowing Skin + FREE Retinol Serum Mini - TikTok Exclusive",US,TruSkin,5075.0,4.6,2612.0,14.12,USD,vitamin c serum,https://shop.tiktok.com/us/pdp/truskin-vitamin-c-serum-30g-brightening-with-hyaluronic-acid-vitamin-e/1730559336516915280
174,"Dr.Leo Centella Panthenol Soothing Jelly Cream Moisturizer - Calming Face Care Product with Hyaluronic Acid, Barrier Repair, Redness Relief for Acne Prone & Sensitive Skin, Non-Comedogenic, Lightweight, 50g Capsule",US,Dr.Leo-USA,5050.0,4.6,425.0,24.57,USD,barrier repair cream,https://shop.tiktok.com/us/pdp/dr-leo-5-panthenol-soothing-water-gel-for-redness-relief/1729504522149795435
175,Victoria's Secret Body Fragrance Lotion,US,Victoria's Secret,5033.0,4.9,5437.0,15.60,USD,body lotion,https://shop.tiktok.com/us/pdp/victorias-secret-body-fragrance-lotion-warm-floral-glow-236-ml/1732395260785562081
176,"[SAVE 49%] The 30+ Edit (PDRN + Kojic + Peptide) | Rejuvenating Face Serum for Radient Glass Skin, Wrinkle and Fine Line Treatment, Firming, and Deep Hydration, Korean Skincare",US,SUNGBOON EDITOR,4953.0,4.8,462.0,135.00,USD,anti aging serum,https://shop.tiktok.com/us/pdp/ultimate-boosting-ampoule-triple-set-by-sungboon-glass-skin-routine-hydration-firming-brightening-tone-correction/1732347835662635644
177,"Omic+ 10% Tranexamic Acid Face Serum for Dark Spots & Uneven Tone, 30 mL",US,Omic.Skincare,4901.0,4.4,320.0,59.00,USD,tranexamic acid serum,https://shop.tiktok.com/us/pdp/tranexamic-acid-face-serum-30ml-by-omic-for-hyperpigmentation-skin-tone/1730140957734769480
178,Kem Cốt Trắng Collagen 20gr  ( Kèm 1 Serum Meso Collagen 5ml ) - Hỗ Trợ Chăm Sóc Da Nám - Hỗ Trợ Da Không Đều Màu skincare skin care,VN,Candy Ly shop,4826.0,4.7,283.0,171.029,VND,collagen cream,https://shop.tiktok.com/vn/pdp/kem-cot-trang-collagen-serum-meso-collagen-5ml-duong-da-nam/1731566919580681376
179,[SUM SPACE] [CÔNG TY] Serum oh!oh! Niacinamide 20% & 23%  Hỗ Trợ Sáng Da & Điều Tiết Bã Nhờn Cho Da,VN,SUM SPACE,4796.0,4.8,186.0,337.754,VND,niacinamide serum,https://shop.tiktok.com/vn/pdp/serum-ohoh-skin-health-20-niacinamide-cham-soc-da-phu-hop-moi-loai-da/1729624039544228512
180,"NIACINAMIDE SUPER SERUM HIGH CONCENTRATION OF NIACINAMIDE 5% , 50ML Skincare",MY,itakosmetikdk,4789.0,4.9,1066.0,17.00,MYR,niacinamide serum,https://shop.tiktok.com/my/pdp/niacinamida-serum-tinggi-kekuatan-5-50ml-untuk-kulit-sihat/1729597023947950869
181,[ 1 แถม 1 ] ครีมคอลลาเจนมาส์ก IMME COLLAGEN MASK CREAM  มาร์คคอลลาเจน อิมมี่ ใน 1 กระปุก ปริมาณ 10 กรัม สกินแคร์ ผิวหน้า ใบหน้า บำรุง Skincare,TH,pamika4569,4745.0,4.9,515.0,310.00,THB,collagen cream,https://shop.tiktok.com/th/pdp/1-aethm-1-khrim-khollaechn-markh-imme-collagen-mask-cream-10g/1730012580577446253
182,Brand Sale【Official Authentic】Teashell  Niacinamide  ครีมเซรั่มไนอาซินาไมด์ 50มล. + เซรั่มไนอาซินาไมด์ 5% 30ml  ผ่านการรับรองจาก FDA – ช่วยปรับสีผิวให้สม่ำเสมอ ลดเลือนจุดด่างดำ บำรุงและซ่อมแซมเกราะป้องกันผิว,TH,Teashell TH,4659.0,4.8,382.0,177.00,THB,niacinamide serum,https://shop.tiktok.com/th/pdp/1737280775875101805
183,Eucerin DERMOPURE CLINICAL PEELING 10 40 ML ยูเซอริน ครีมบำรุงผิวหน้า (Treatment),TH,PATBAH,4579.0,4.9,670.0,891.65,THB,acne treatment,https://shop.tiktok.com/th/pdp/eucerin-pro-acne-solution-a-i-clearing-treatment-40-ml-bamrung-phiwhna-chadkar-siw-phlitphanth-duael-phiw-samhrab-thuk-chwngewla/1729439642948962570
184,"[ĐỘC QUYỀN] Máy Rửa Mặt Emmié by Happyskin Premium Facial Cleansing Brush-Đạt Chứng Nhận FDA - Phiên bản màu mới, bao bì mới Skincare cho Nữ",VN,HappySkin Vietnam,4569.0,4.9,287.0,862.796,VND,facial cleansing brush,https://shop.tiktok.com/vn/pdp/may-rua-mat-emmie-premium-chung-nhan-fda-thiet-ke-minh-an-toan-cho-da/1730487769698895920
185,Body Lotion dưỡng thể hương nước hoa 236ml,VN,Min Beauty Body Care,4542.0,4.8,316.0,385.028,VND,body lotion,https://shop.tiktok.com/vn/pdp/body-lotion-duong-the-huong-nuoc-hoa-236ml-duong-am-tuoi-sang-da/1731352110590363974
186,"(Tặng Set Mặt Nạ Brlab) Toner Cân Bằng Da Vacure:treat 145ml Hàn Quốc Cân Bằng - Làm Mịn - Thông Thoáng Lỗ Chân Lông, Làm Sạch Bụi Bẩn, Kiểm Soát Dầu Thừa",VN,Lê Vân Anh Cosmetics,4534.0,4.9,384.0,725.380,VND,pore care toner,https://shop.tiktok.com/vn/pdp/nuoc-hoa-hong-tri-mun-se-khit-lo-chan-long-145ml/1729643866631342648
187,"[Dr.Althea Official] Acne Relief & Skin Barrier Moisturizer Duo Set - Soothing Recovery, Deep Hydration, Barrier Enhancement, For All Skin Types, Vegan, Korean Skincare",US,Dr.Althea US,4503.0,4.8,225.0,70.20,USD,acne treatment/barrier repair cream,https://shop.tiktok.com/us/pdp/acne-relief-skin-barrier-moisturizer-duo-set-vegan-korean-skincare/1729508144103462810
188,"Sữa rửa mặt Dr. Lan Salicylic Acid (100g) giúp làm sạch da và lỗ chân lông một cách nhẹ nhàng, đồng thời hỗ trợ trị mụn và kiểm soát lượng dầu thừa. Sản phẩm mang lại cảm giác da mềm mại, đủ ẩm và phù hợp với mọi giới tính cũng như mọi loại da.",VN,lt.Drlan beauty-VN,4448.0,4.6,436.0,154.361,VND,salicylic acid cleanser,https://shop.tiktok.com/vn/pdp/sua-rua-mat-axit-salicylic-lam-sach-sau-se-khit-lo-chan-long-loai-bo-mun-dau-den-kiem-soat-dau-giam-seo-mun-cho-nam-va-nu/1732845279915444182
189,"[Beauty of Joseon Official] Light On Serum : Centella + Vita C 30mL | Brighten Dark Spot, Pigmentation, Firm Fine Lines, Hydrate, Moisturize, Korean Skincare for Men & Women",US,Beauty of Joseon,4442.0,4.8,362.0,23.00,USD,centella serum,https://shop.tiktok.com/us/pdp/light-on-serum-by-beauty-of-joseon-30ml-with-centella-vitamin-c/1729566279608996273
190,Amlactin Daily Nourish Lotion  7.9oz,US,Amlactin,4413.0,4.7,254.0,24.96,USD,body lotion,https://shop.tiktok.com/us/pdp/amlactin-daily-nourish-lotion-7-9oz-hydrate-exfoliate/1732422494203056264
191,Serum Peptide phục hồi và dưỡng sáng chuyên sâu Peptide Calming Recovery Serum,VN,OLAB VIETNAM,4398.0,4.9,313.0,312.449,VND,peptide serum,https://shop.tiktok.com/vn/pdp/serum-peptide-phuc-hoi-peptide-calming-recovery-serum-olab-cap-am-giam-tham-lam-trang-da-phu-hop-moi/1729648859716880514
192,AHA Body Lotion with Niacinamide & Shea Butter - 8fl oz | Deeply Moisturizes | Exfoliates & Evens Out Skin Tone Pack of 3,US,Chemist at Play,4396.0,4.7,548.0,38.97,USD,body lotion,https://shop.tiktok.com/us/pdp/aha-body-lotion-pack-of-3-exfoliating-hydrating-shea-butter/1732312789829259306
193,COSRX Official 1แถม1 Advanced Snail 96 Mucin Power Essence 100ml แอดวานซ์ สเนล 96 มิวซิน เพาเวอร์ เอสเซนส์ เอสเซ้นส์เมือกหอยทาก สกินแคร์ ผิวโกลว์ Glass Skin น้ำตบปูไปรยา,TH,COSRX Thailand Official,4377.0,4.9,529.0,630.86,THB,snail mucin essence,https://shop.tiktok.com/th/pdp/cosrx-khrim-namman-senl-96-bamrung-phiw-aehng-roy-aedng-khnad-100ml/1732012736257296031
194,"[Anua] 3 Ceramide Panthenol Moisture Barrier Cream (100ml/3.38 fl.oz.) | Hyaluronic Acid, Non-Comedogenic, Moisturizer, Korean Skin Care, redness soothing, ceramide, panthenol, skin barrier",US,Anua Store US,4362.0,4.9,320.0,42.90,USD,barrier repair cream/ceramide cream,https://shop.tiktok.com/us/pdp/ceramide-panthenol-moisture-barrier-cream-by-anua-with-hyaluronic-acid/1729650723709555169
195,[NEW] [Centellian24] Madeca Barrier Body Lotion | TECA Calming & Barrier Repair for Sensitive Skin | 65% Centella Asiatica & Patented Moistboom | Soothes Dryness Itchiness & Absorbs Quickly | Family-Safe Formula | 500ml (16.9fl oz),US,Centellian24,4349.0,4.9,424.0,42.80,USD,body lotion,https://shop.tiktok.com/us/pdp/madeca-barrier-body-lotion-500ml-sensitive-skin-relief/1732438527984374685
196,A2 _ Tinh Chất Peel Da Sinh Học Dịu Nhẹ PEPTIDE NATORI PHYTOPEEL SERUM 15ml Skincare Women Làm Đẹp Da,VN,soHERBs,4223.0,4.8,348.0,266.073,VND,peptide serum,https://shop.tiktok.com/vn/pdp/tinh-chat-peptide-natori-15ml-ho-tro-peel-da-duong-am-lam-sang-da/1730843291264912187
197,"Tinh chất dưỡng da ốc sên giúp cấp ẩm, làm dịu da JUMISO Snail Mucin 95 + Peptide 140ml/50ml",VN,JUMISO Vietnam,4131.0,4.8,207.0,305.701,VND,snail mucin essence,https://shop.tiktok.com/vn/pdp/serum-duong-da-jumiso-snail-mucin-peptide-140ml-50ml/1730465152087263748
198,"LION Japanese Medicated Acne Cream for Face (2x24g Pair) - Gentle Non-Irritant Hypoallergenic Fast Acne Relief, Clears Spots, Blemishes & Blackheads Skincare Treatment for Adults",US,Weee Asian Supermarket,4030.0,4.6,241.0,20.21,USD,acne treatment,https://shop.tiktok.com/us/pdp/lion-acne-cream-for-face-fast-relief-hypoallergenic/1729631043667333889
199,"[+FREE Gift] 1L Ceramide Ato Problem Skin Complete Care Trio| Damaged Barrier Repair, Fragrance-Free, Baby-Safe, Repair Cream + Relief Lotion + Gentle Wash",US,ILLIYOON US,3976.0,4.7,383.0,66.97,USD,barrier repair cream,https://shop.tiktok.com/us/pdp/illiyoon-ceramide-trio-for-dry-sensitive-skin-100hr-hydration/1732396503096660319
200,[ซื้อคู่ ถูกกว่า]Gravich Purify Niacinamide Concentrate Serum 30 ml เซรั่มไนอาซินาไมด์ เข้มข้น 19.2% ผิวแลดูกระจ่างใส ลดเลือนรอยดำรอยแดงจากสิว ไม่ทำให้ผิวบางง,TH,Gravich,3895.0,4.9,501.0,538.70,THB,niacinamide serum,https://shop.tiktok.com/th/pdp/es-ram-ain-oa-si-na-ai-md-ekhmkhn-19-2-fuenfu-phiw-eriyb-eniyn/1730583705210554888
201,"[Official] Dr.Reju-All Barrier Face Cream - Patented Long-Chain Ceramides, Gentle Korean Evening Moisturizer, Hydrating Dry Skin, Barrier Boost, 6-Month Non-Redundant Hydration, Smooth Skin Routine Support, 1.69 Fl Oz",US,Dr.Reju-All US,3840.0,4.9,526.0,39.00,USD,barrier repair cream,https://shop.tiktok.com/us/pdp/dr-reju-all-advanced-lc-ceramide-cream-deep-hydration/1732390338388595038
202,"Orange Fragrance Transparent Salicylic Acid Exfoliating Gel - Fresh, Comfortable Exfoliating Pore Cleanser with Glycerol, Mild Facial Cleanser & Body Care Moisturizer for All Skin Types (Facial & Body Use)",US,MOMAMA US,3765.0,4.3,481.0,8.96,USD,salicylic acid cleanser,https://shop.tiktok.com/us/pdp/orange-fragrance-exfoliating-transparent-gel-mild-salicylic-acid-nourishing-moisturizing-suitable-fo/1731004150521434478
203,Jade Eye Cream Massager / Massage Roller Boosts eye cream absorption Tightens and lifts Reduces dark circles Eye care product suitable for both men and women,US,Palimder,3705.0,4.3,345.0,29.99,USD,eye cream dark circle,https://shop.tiktok.com/us/pdp/jade-eye-cream-massager-reduces-dark-circles-lifts-tightens-suitable-for-all-skin-types/1731723005448524352
204,[Torriden & KOL] Serum HA Torriden 5D Hyaluronic Acid phân tử nhỏ thấm sâu cấp ẩm làm dịu da DIVE IN Serum 50ml [1],VN,Torriden VN,3650.0,4.8,144.0,468.920,VND,hyaluronic acid serum,https://shop.tiktok.com/vn/pdp/serum-hyaluronic-acid-torriden-dive-in-50ml-ho-tro-duong-am-sau-giam-kho-da-cho-da-cang-muot-danh-cho-da-nhay-cam/1733383739620755179
205,"THE GOOD SKIN COMPANY - Minyak Badan Vanila Vegan 100ML Hydrating & Membaiki Dengan Argan, Jojoba, Vitamin E, Shea Butter, Almond, Vanila Oil Untuk Kulit Kering, Gatal, Dan Teriritasi Tanpa Minyak Mineral - Koko",MY,The Good Skin Company Malaysia,3615.0,4.9,502.0,47.00,MYR,vegan skincare,https://shop.tiktok.com/my/pdp/minyak-badan-vegan-vanilla-the-good-skin-company-100ml-melembapkan-memperbaiki-argan-jojoba-vitamin-/1729500782879343944
206,"Vibriance Super C Serum - All-in-1 Vitamin C Serum for Mature Skin - Brightens, Firms & Fades the Look of Dark Spots",US,Vibriance,3560.0,4.9,371.0,38.07,USD,vitamin c serum,https://shop.tiktok.com/us/pdp/super-c-serum-by-vibriance-rejuvenating-brightening-facial-treatment/1730843595066938312
207,"Serum Proactiv Clean Azelaic Pore Perfector - Serum Azelaic Acid 5% Làm Sạch Lỗ Chân Lông, Mờ Thâm, Sáng Da Cho Da Nhạy Cảm (89ml)",VN,MiLiBeauty,3547.0,4.7,130.0,209.895,VND,azelaic acid,https://shop.tiktok.com/vn/pdp/1735111117370394347
208,[Torriden Chính Hãng] Serum Vitamin C Torriden Cellmazing 30ml Hỗ Trợ Dưỡng Sáng Làm Đều Màu Da,VN,Torriden VN,3541.0,4.9,200.0,408.987,VND,vitamin c serum,https://shop.tiktok.com/vn/pdp/serum-vitamin-c-torriden-cellmazing-30ml-duong-sang-lam-dep-da/1731106032379857643
209,"[Dr.Althea Official] Vitamin C Boosting Serum - Daily Vitamin C Serum with TRANEXAMIC ACID, Helps Remove Uneven Skin Tone, Korean Vegan Skincare",US,Dr.Althea US,3532.0,4.9,296.0,31.07,USD,vitamin c serum,https://shop.tiktok.com/us/pdp/vitamin-c-boosting-serum-with-tranexamic-acid-korean-skincare/1731454380123132826
210,[Peptide Snail Duo] COSRX Official The 6 Peptide skin booster serum 150ml + Advanced Snail 96 Mucin Power Essence 100ml เอสเซ้นต์ปูไปรยา สเนล96% เปิดผิวด้วย Peptide Serum เติมความชุ่มชื้น ด้วยเอสเซ้นส์เมือกหอยทาก Glass Skin ผิวโกลว์ น้ำตบ ของแท้,TH,COSRX Thailand Official,3455.0,4.9,437.0,707.00,THB,snail mucin essence,https://shop.tiktok.com/th/pdp/es-ram-the-6-peptide-150ml-eos-esn-sin-ol-96-emkh-in-100ml/1732118568854784671
211,Jumiso Snail Mucin 95 + Peptide Essence 50ml Serums Skincare,MY,Jumiso OFFICIAL STORE,3404.0,4.9,633.0,61.00,MYR,snail mucin essence,https://shop.tiktok.com/my/pdp/jumiso-serum-muka-dengan-mucus-siput-peptida-anti-penuaan/1729524877163201748
212,HEADS. SHAMPO HAIR LOSS (300ML),MY,diva hair salon,3397.0,4.9,875.0,38.51,MYR,hair loss shampoo,https://shop.tiktok.com/my/pdp/shampo-heads-untuk-rambut-gugur-merawat-kulit-kepala/1729597015975561755
213,"[IMAGE] Serum cấp ẩm, hỗ trợ sáng da & mờ nếp nhăn IMAGE Vital C Hydrating Anti - Aging Serum 50ml",VN,Cây Rơm,3350.0,4.7,157.0,1.632.007,VND,anti aging serum/hydrating serum,https://shop.tiktok.com/vn/pdp/serum-duong-am-lam-sang-da-giam-nep-nhanvitamin-ce50ml/1733137192230094006
214,"Waterserum SPF 50 PA+++ Facial & Body Sunscreen - UV Protection, Alcohol-Free, Fragrance-Free, Touchless Application with Zinc Oxide, Vitamin Enriched, for Face and Body Skincare Spf50 sun bear tinted sunscreens sunscreen intensive uv",MY,Santun & Jaga,3317.0,4.7,661.0,5.93,MYR,sunscreen spf50,https://shop.tiktok.com/my/pdp/mizumi-spf50-pa-sunscreen-wajah-badan-dengan-ceramide/1730197362789812069
215,[Quà Tặng Không Bán] Bộ 2 mặt nạ môi Laneige Lip Sleeping Mask EX 3g x 2 Nữ,VN,LANEIGE Vietnam,3266.0,5,3.0,924.269,VND,lip mask,https://shop.tiktok.com/vn/pdp/bo-2-mat-na-moi-laneige-lip-sleeping-mask-ex-3g-x-2-qua-tang-khong-ban-cham-soc-moi-mem-mai-giu-am-s/1731404250413500125
216,Base Laboratories Piercing Aftercare Kit | Saline Piercing Aftercare Spray -  Keloid Bump Removal Oil -  Piercing Cleaner Gel Swab Aftershave Smooth Aftershave Foam,US,Base Laboratories,3232.0,4.7,303.0,24.85,USD,post procedure skincare,https://shop.tiktok.com/us/pdp/ultimate-healing-aftercare-kit-by-base-laboratories-spray-gel-oil/1729407765290062688
217,Tinh Chất L'Oreal Hyaluronic Acid Serum Hỗ Trợ Dưỡng Ẩm Da | HASAKI BEAUTY,VN,Hasaki Vietnam Official,3214.0,4.7,312.0,498.099,VND,hyaluronic acid serum,https://shop.tiktok.com/vn/pdp/tinh-chat-loreal-hyaluronic-acid-serum-duong-am-lam-sang-da/1729498411459382007
218,"[Dr.Melaxin Official] Bright & Smooth Skincare Set Total Care Set for Glow Glass Skin Set Pore Refinement, and Spot Treatment cleansing korean skin care Set",US,Dr.Melaxin,3212.0,4.5,184.0,89.00,USD,korean skincare,https://shop.tiktok.com/us/pdp/bright-smooth-skincare-set-by-dr-melaxin-for-glow-spot-treatment-pore-refinement/1731262494968811547
219,"EyeFinity Bloom Cream , Advanced eye cream for dark circles, wrinkles and puffiness",US,Forever Bloom skincare,3211.0,4.6,279.0,89.70,USD,eye cream dark circle,https://shop.tiktok.com/us/pdp/eyefinity-bloom-cream-anti-aging-eye-care-by-forever-bloom-reduces-dark-circles-puffy-eyes-firms-and-hydrates/1731237675192980408
220,"GEEK & GORGEOUS Power Peptides Anti-Wrinkle Face Serum (1oz/30ml) - Daily Multi-Peptide Formula, Lightweight Hydrating Firming, Skin Smoothing, Elasticity Boost, Repair & Renewal, Collagen Support, Vegan Safe, Cruelty-Free, Fragrance-Free",US,Geek & Gorgeous,3143.0,4.8,336.0,25.87,USD,peptide serum,https://shop.tiktok.com/us/pdp/powerful-collagen-serum-for-firming-skin-anti-aging-formula/1731744201355399488
221,"[SKIN1004] Madagascar Centella Ampoule 55ml, Signature Ampoule, Watery texture and Non-sticky, Soothing, Caming, Korean Skin Care, Viral  Madagascar Centella Ampoule",US,StyleKorean US,3118.0,4.8,279.0,20.25,USD,centella serum,https://shop.tiktok.com/us/pdp/madagascar-centella-ampoule-55ml-by-skin1004-soothing-hydrating-formula/1729406075739738732
222,"THE FACE SHOP Alltimate Vegan Mucin Peptide 8 Cream 30ml, Face Moisturizer with Vegan snail mucin, Firming & Lifting facial cream, Korean Skincare",US,The Face Shop US,3076.0,4.6,358.0,15.39,USD,vegan skincare,https://shop.tiktok.com/us/pdp/vegan-mucin-peptide-8-cream-by-the-face-shop-30ml-moisturizer/1729632244984549664
223,[Dr.Althea Officia] 3-Step Acne Care Set (Boosting),US,Dr.Althea US,3053.0,4.9,244.0,92.04,USD,acne treatment,https://shop.tiktok.com/us/pdp/dr-althea-3-step-acne-care-set-boosting-moisture-calm-skin/1732082204085621658
224,[Estée Lauder] Renew + Hydrate - Repair Serum + Moisturizer Mini Skincare Set with Hyaluronic Acid & Peptides | Anti Aging & Hydrating Serum Set | Anti-Aging Moisturizer | Hydrating Face Moisturizer,US,The Estée Lauder Store,3036.0,4.5,351.0,31.45,USD,anti aging serum,https://shop.tiktok.com/us/pdp/estee-lauder-renew-hydrate-travel-size-duo-24hr-moisture/1731868748063871981
225,"[numbuzin official shop] No.5 Glutathione Vitamin Serum | Vitamin Concentrated Serum | Tranexamic Acid 4%, Niacinamide 5%, Glutathione, Vitamin C | Hyperpigmentation | 1.01 fl. oz.",US,numbuzin US,2960.0,4.7,229.0,30.42,USD,tranexamic acid serum,https://shop.tiktok.com/us/pdp/no-5-serum-by-numbuzin-vitamin-concentrated-1-01-fl-oz-with-glutathione/1729482894599361028
226,[Dr.Melaxin Official] TX Tranexamic Acid Dark Spot Care Line | TX Ampoule Cleanser + Peeling Toner + Ampoule Rx + Cream + Eye Cream | Dark Spot,US,Dr.Melaxin,2959.0,4.7,281.0,89.00,USD,tranexamic acid serum,https://shop.tiktok.com/us/pdp/tx-tranexamic-acid-dark-spot-care-set-by-dr-melaxin-cleanser-toner-rx-cream-eye-cream/1730616214968242203
227,Serum Giúp Dưỡng Sáng Da Đa Tầng Và Toàn Diện Thế Hệ Mới MD CARE Brightenyl Serum 30ml | NUTY cosmetics beautiful life,VN,Nuty Cosmetics,2897.0,4.6,173.0,327.813,VND,brightening serum,https://shop.tiktok.com/vn/pdp/serum-duong-sang-da-md-care-brightenyl-30ml-tang-5-mat-na/1732275045276091644
228,Serum Hỗ trợ phục hồi da PDRN Pink Peptide Serum 30ml,VN,Lunara Beauty,2893.0,4.7,132.0,587.712,VND,peptide serum,https://shop.tiktok.com/vn/pdp/serum-pdrn-pink-peptide-30ml-phuc-hoi-da-sang-chong-nep-nhan-tang-do-dan-hoi/1731122124994415592
229,"[Jumiso] Niacinamide Serum(10%, 20%) 40ml - Korean Skincare with Niacinamide, Reducing Pigmentation & Even Skin Tone",US,StyleKorean US,2880.0,4.6,281.0,22.93,USD,niacinamide serum,https://shop.tiktok.com/us/pdp/jumiso-niacinamide-20-serum-40ml-korean-skincare-reduce-pigmentation/1731922955548267116
230,"[MỚI] Tinh chất Hyaluronic Acid hỗ trợ giảm viêm, cấp ẩm sâu, hỗ trợ ngăn ngừa lão hóa - HA ULTRA RESCUE SERUM 30ML BIBALA",VN,SkinHealth - BiBaLa Vn,2849.0,4.9,351.0,453.571,VND,hyaluronic acid serum,https://shop.tiktok.com/vn/pdp/serum-ha-ultra-rescue-30ml-giup-da-nang-co-lam-mo-nham/1732238061831687017
231,Sữa Dưỡng Thể Cho Da Nhạy Cảm Eucerin Sensitive Skin pH5 Lotion 250ml - Dưỡng Da Body,VN,Eucerin Việt Nam,2833.0,4.8,193.0,247.084,VND,sensitive skin moisturizer,https://shop.tiktok.com/vn/pdp/sua-duong-the-eucerin-ph5-cho-da-nhay-cam-250ml-duong-am-lam-mem-da/1729881048810490734
232,(กล่อง x6ซอง) มิซึมิ MizuMi Advance Niacinamide 15 / Nio-TXB3 / Niosome C Concentrate Serum 6 กรัม,TH,BW ONLINE,2785.0,4.9,376.0,196.00,THB,niacinamide serum,https://shop.tiktok.com/th/pdp/es-ra-mn-am-hnak-eba-mizumi-advance-niacinamide-15-niosome-c/1731740405933704747
233,[Torriden VN Livestream] Serum HA Torriden 5D Hyaluronic Acid phân tử nhỏ thấm sâu cấp ẩm làm dịu da DIVE IN Serum 50ml [LS],VN,Torriden VN,2774.0,4.8,121.0,439.855,VND,hyaluronic acid serum,https://shop.tiktok.com/vn/pdp/serum-torriden-hyaluronic-acid-50ml-duong-am-sau-lam-diu-da/1732789409845839595
234,Toner Compliment No Problem Salicylic Acid 200ml Làm Sạch Da Kiềm Dầu,VN,ukmart.vn,2760.0,4.7,143.0,105.848,VND,salicylic acid cleanser,https://shop.tiktok.com/vn/pdp/toner-compliment-no-problem-salicylic-acid-200ml-giam-mun/1729696064612895099
235,2 step acne bundle Cleanser Cleansing Facial Wash Radiant,US,VIYANTBEAUTY,2664.0,4.6,255.0,42.79,USD,acne treatment,https://shop.tiktok.com/us/pdp/viyant-beauty-2-step-acne-bundle-cleanser-facial-wash/1731920014465864432
236,Hyper Hydration Duo ft. Super Saturated Hydrating Barrier Serum and Molecular Mesh Barrier Strengthening Moisturizer,US,Experiment Beauty,2568.0,4.9,157.0,67.60,USD,barrier repair cream,https://shop.tiktok.com/us/pdp/hyper-hydration-duo-by-brand-name-super-saturated-molecular-mesh/1730973649564111405
237,LULUROLL OIL SERUM Hydrating Dry Skin,MY,BELLA D BEAUTY,2544.0,4.8,312.0,17.00,MYR,hydrating serum,https://shop.tiktok.com/my/pdp/luluroll-oil-serum-untuk-kulit-kering-melembap-menyegar/1729489459296109825
238,Brightening Serum 30ml | 5% Niacinamide + Vitamin C + Alpha Arbutin | Lightweight Serum Untuk Kulit Kusam,MY,Nanlii Trading,2542.0,4.7,289.0,12.73,MYR,brightening serum,https://shop.tiktok.com/my/pdp/1737187213226182630
239,[กล่อง x6ซอง] Clear Nose Vitamin C Serum เคลียร์โนส วิตามิน ซี เซรั่ม 8 กรัม,TH,BW ONLINE,2521.0,4.9,244.0,44.00,THB,vitamin c serum,https://shop.tiktok.com/th/pdp/es-ram-witamin-si-clear-nose-8-kram-bamrung-phiwhna-sdais/1729543888557017643
240,Best Seller ! [เรตินอลลดริ้วรอย] KIEHL'S RETINOL DAILY SKIN-RENEWING MICRO-DOSE SERUM 50ML	เซรั่มเรตินอล ลดเลือนริ้วรอย เพื่อผิวกระชับ ผิวหน้าเนียนละเอียด,TH,Kiehl's TH,2430.0,4.7,209.0,"5,120.00",THB,retinol cream,https://shop.tiktok.com/th/pdp/es-ram-ertinol-kiehl-s-50ml-ld-elueon-riwroy-bamrung-phiw/1730697436707588565
241,(Sheet Mask แผ่นเดียว )SKIN1004 Madagascar Centella Watergel Sheet Mask 25 ml. X 1 pcs. | มาร์กแผ่น เติมเต็มความชุ่มชื่นให้ผิวฟูกระชับ ฟื้นบำรุงผิวอย่างเร่งด่วน,TH,SKIN1004 Thailand,2386.0,4.9,84.0,65.00,THB,face mask sheet,https://shop.tiktok.com/th/pdp/mas-k-est-s-skin1004-madagasca-centella-watergel-25ml-x-1pcs/1731000769780680990
242,[Torriden & Baclyn] Serum HA cấp ẩm làm dịu da Torriden 5D Hyaluronic Acid phân tử nhỏ thấm sâu DIVE IN Serum 50ml,VN,Torriden VN,2381.0,4.7,105.0,468.920,VND,hyaluronic acid serum,https://shop.tiktok.com/vn/pdp/serum-hyaluronic-acid-torriden-dive-in-50ml-duong-am-lam-muot-da/1730206201718213355
243,Lion Pair Daily Acne Treatment Cream 14g and 24g Options,US,Unineed US,2371.0,4.1,156.0,14.99,USD,acne treatment,https://shop.tiktok.com/us/pdp/acne-cream-w-by-lion-pair-14g-fast-acting-acne-treatment/1730940305338372529
244,[Clinique] Moisture Surge Duo - Moisture Surge Active Glow Serum + Moisture Surge 100H Auto-Replenishing Hydrator | Exfoliating | Hydrating | Brightening | Long-lasting | Oil-free | Lightweight | Vitamin C | Vitamin E,US,Clinique Store,2369.0,4.7,233.0,59.25,USD,vitamin c serum,https://shop.tiktok.com/us/pdp/clinique-moisture-surge-duo-serum-hydrator-set/1731742887687197025
245,"Serum Teana SUPER PEPTIDES giảm đỏ, mụn viêm/mụn ẩn/ phục hồi da nhạy cảm/ dưỡng trắng mờ thâm 10ml/20ml",VN,Teana Laboratories,2341.0,4.5,78.0,309.885,VND,peptide serum,https://shop.tiktok.com/vn/pdp/serum-teana-super-peptides-anti-rosacea-giup-tri-do-nhot/1730549988192848622
246,toner buang daki,MY,Ninaskincare empire,2327.0,4.8,414.0,18.00,MYR,exfoliating toner,https://shop.tiktok.com/my/pdp/toner-buang-daki-daki-hilang-sekelip-mata-toner-berkualiti-tinggi/1729471319789570911
247,Viên uống Manhae Menopause bổ sung nội tiết tố của Pháp 30v,VN,Yến Nhi Cosmeticss,2317.0,4.7,221.0,448.798,VND,peptide serum,https://shop.tiktok.com/vn/pdp/1733330313062156271
248,KVY Facial Cleansing Brush & Mask Applicator Blade Shape #Pink,TH,Konvy,2314.0,4.9,187.0,87.00,THB,facial cleansing brush,https://shop.tiktok.com/th/pdp/aeprng-thamkhwamsaoad-phiw-kvy-sichmphu-oupkrn-tha-mask-hna-khunphaph-sung/1731185383242566135
249,[FLASH SALE]Dầu gội ngăn ngừa và giảm rụng tóc Vichy Dercos Energy + Shampoo Hairloss 200ml giúp tóc chắc khỏe và dày dặn hơn_haircare nam và nữ_ dùng được trên mọi nền da đầu nhạy cảm,VN,Vichy Vietnam,2297.0,4.5,117.0,443.599,VND,hair loss shampoo,https://shop.tiktok.com/vn/pdp/1735585433835833019
250,SKINTIFIC Retinol Skin Renewal Moisturizer 30g มอยเจอร์ไรเซอร์เรตินอลเพื่อผิวอ่อนเยาว์ที่อ่อนโยน ผิวแลดูสว่างขึ้นและเรียบเนียน,TH,SkintificTH,2284.0,4.8,204.0,329.01,THB,retinol cream,https://shop.tiktok.com/th/pdp/2pcs-skintific-es-ram-ertinol-30g-mo-y-et-or-air-esor/1731306081443349813
251,แปรงล้างหน้า ขนนุ่ม 2หัว Face Wash Brush,TH,BBA Sale,2275.0,4.7,246.0,20.58,THB,facial cleansing brush,https://shop.tiktok.com/th/pdp/aeprng-langhna-2-haw-khn-num-ld-siw-eyn-thamkhwamsaoad-lamluek/1730915064841931679
252,SKIN1004 all-in-one pore care set (poremizing clear toner 210ml + poremizing deep cleansing foam 125ml + poremizing fresh ampoule 100ml + poremizing light gel cream 75ml + poremizing quick clay stick mask 27g),MY,SKIN1004MY,2271.0,4.9,456.0,180.00,MYR,pore care toner,https://shop.tiktok.com/my/pdp/set-penjagaan-pori-lengkap-dengan-tonar-pengelupasan-dan-pelembap/1732267239787300662
253,"Micro Oil CICA PDRN  Serum – 4.05% CICA-PDRN, 6 Types of Centella, Barrier Repair, Plumping, Glass Skin, Hydrating Facial Serum for Sensitive, Dry & Damaged Skin, Aging, Firming | Korean Skincare | 30ml",US,Ooznary US official,2261.0,4.7,299.0,39.00,USD,centella serum,https://shop.tiktok.com/us/pdp/centella-micro-oil-blender-37-serum-dual-layer-formula/1729502429151925426
254,"[1] Serum POND'S Age Miracle Double Hỗ Trợ Dưỡng Ẩm Da, Làm Đều Màu Da Và Hạn Chế Vấn Đề Về Lão Hoá Nữ 30G",VN,Unilever Beauty,2206.0,4.8,242.0,400.833,VND,anti aging serum,https://shop.tiktok.com/vn/pdp/serum-ponds-age-miracle-giup-tre-hoa-chong-lao-hoa/1729739675662060243
255,"[OFFICIAL d'Alba] Age Less, Lift More Set | 3-Step Volufiline Lifting & Anti-Aging Ritual | 50,000ppm Volufiline & White Truffle Trufferol & Vegan Collagen | Lifting,Firming,Plumping | Intensive Volufiline Spray Ampoule,Ampoule,Grinding Cream",US,d'Alba Piedmont,2181.0,4.9,167.0,88.62,USD,vegan skincare,https://shop.tiktok.com/us/pdp/dalba-intensive-volufiline-trio-skin-care-set-3-piece-kit/1732356256385635036
256,Pigeon Teens Moisturiser for All Skin Type Sensitive Skin,MY,NAARAME,2181.0,4.8,463.0,18.00,MYR,sensitive skin moisturizer,https://shop.tiktok.com/my/pdp/pigeon-teens-moisturiser-untuk-semua-jenis-kulit-sensitif/1729638928946727537
257,"[ Cao Cấp] Kem Cốt Trắng Collagen ( 30gram) - Tặng Serum Meso Collagen (5ml), , Hỗ trợ chăm Sóc Da Nám, Hỗ Trợ Da Không Đều Màu",VN,Huỳnh Thúy Kiều,2153.0,4.7,106.0,353.853,VND,collagen cream,https://shop.tiktok.com/vn/pdp/kem-cot-trang-collagen-30gram-meso-lam-trang-da-giam-nam-tang-serum-meso-collagen-5ml/1730435410185521529
258,Wall repair cream Hardware,MY,Everbeauty88,2136.0,4.7,324.0,5.70,MYR,barrier repair cream,https://shop.tiktok.com/my/pdp/krim-perbaikan-dinding-hardware-baiki-retakan-mudah-250-gram/1729441849727683492
259,Kem dưỡng hỗ trợ giảm thâm Ezanic Azelaic acid 20% 15gram,VN,Nhà thuốc Ngọc Giang,2114.0,4.7,84.0,158.719,VND,azelaic acid,https://shop.tiktok.com/vn/pdp/kem-duong-ho-tro-giam-tham-ezanic-azelaic-acid-20-15g/1730554145397377738
260,"TikTok Exclusive - r.e.m. beauty by Ariana Grande sweet dreams eyeshadow quad makeup + free mascara (GWP) - long wearing, clean, talc-free, vegan, buildable color",US,r.e.m. beauty,2109.0,4.9,328.0,30.00,USD,clean beauty,https://shop.tiktok.com/us/pdp/r-e-m-beauty-sweet-dreams-eyeshadow-quad-talc-free-vegan/1732248440458547579
261,Tranexamic Acid Serum 20 ml. ทรานซามิคแอซิดเซรั่ม,TH,WARASURE,2094.0,4.9,303.0,245.00,THB,tranexamic acid serum,https://shop.tiktok.com/th/pdp/es-ra-mth-ran-aesm-ik-aeosid-20-ml-aha-naia-sutr-ekhmkhn-samhrab-phiw-krachang-ais/1730151863138945810
262,Glass skin รองพื้นเจ้านางผิวกระจกแบบกล่อง(1กล่อง) - Chaonang Glass Skin Foundation SPF30 PA+++ 5g.(1 Box),TH,Chaonangthailand,2079.0,4.9,229.0,304.50,THB,glass skin,https://shop.tiktok.com/th/pdp/rongphuen-echo-nang-spf30-pa-samhrab-phiw-krachang-ais-pkpong-uv/1731728262362401782
263,The Complete Acne Stopper Starter Pack,US,Norse Organics LLC,2054.0,4.8,367.0,128.70,USD,acne treatment,https://shop.tiktok.com/us/pdp/the-complete-acne-stopper-starter-pack-organic-effective/1731561119416423324
264,[แพ็คคู่] AMT Ultimate Anti-Aging Serum 25 mL - เซรั่มลดเลือนริ้วรอย ผิวอิ่มฟู แลดูอ่อนเยาว์ (สูตรอ่อนโยน),TH,AMT Skincare,2052.0,4.9,201.0,882.76,THB,anti aging serum,https://shop.tiktok.com/th/pdp/es-ra-ml-d-elueon-riwroy-amt-sutr-oonoyn-25-ml-phiw-oim-fu-ld-oakar-oakesb-krachab-du-ooneyaw/1736439018212001632
265,"RE:CIPE Azelaic Acid 10 Soothing Ampoule - Official Product Soothing Serum, Facial Serum for Sensitive skin - Korean Skincare for Mild Breakouts 1.01 fl oz",US,PicketPlay Shop,2032.0,4.6,254.0,20.79,USD,azelaic acid,https://shop.tiktok.com/us/pdp/azelaic-acid-serum-re-cipe-10-soothing-facial-treatment-hydrating-non-comedogenic-for-sensitive-skin/1731928519701795216
266,Wardah Acnederm Salicylic Acid Zinc Acne Clearing Low pH Foaming Cleanser 100ml,MY,Beautik Store,2024.0,4.8,379.0,18.40,MYR,salicylic acid cleanser,https://shop.tiktok.com/my/pdp/wardah-acnederm-cleanser-100ml-salicylic-acid-ph-5-5-anti-jerawat/1729679522198227077
267,【ชุดสุดคุ้ม】Teashell  Niacinamide  ครีมเซรั่มไนอาซินาไมด์ 50มล. + เซรั่มไนอาซินาไมด์ 5% 30มล +สบู่บำรุงผิวให้กระจ่างใส 100 กรัม ผ่านการรับรองจาก FDA – ช่วยปรับสีผิวให้สม่ำเสมอ ลดเลือนจุดด่างดำ บำรุงและซ่อมแซมเกราะป้องกันผิว,TH,Teashell Thailand,1989.0,4.8,106.0,234.58,THB,niacinamide serum,https://shop.tiktok.com/th/pdp/1737282607551251675
268,WNA NEW BUBUK & LOTION Lotion,MY,yeenamanda,1971.0,4.8,357.0,41.00,MYR,body lotion,https://shop.tiktok.com/my/pdp/wna-bubuk-mutiara-whitening-blanching-cream-set-edisi-terhad/1729600925881239691
269,"【BUY1GET 2 FREE】Collagen body milk, a nourishing body care product, suitable for both men and women, is an ultra-deep moisturizing and hydrating cream",US,GloHeng,1944.0,4.6,151.0,12.99,USD,collagen cream,https://shop.tiktok.com/us/pdp/kormesic-collagen-body-milk-ultra-deep-moisturizer-free-offer/1732390917660119860
270,"Vaseline Intensive Care Cocoa Glow Nourishing Body Lotion Value Bundle (100ml/3.4oz) - Fast Acting, Non-Greasy Hydrating Body Care Product with Pure Cocoa & Shea Butter, Daily Skin Moisturizing for All Skin Types, Restores Radiance, Delightful Scent",US,Egidoo,1943.0,4.3,304.0,11.90,USD,body lotion,https://shop.tiktok.com/us/pdp/vaseline-cocoa-glow-body-lotion-non-greasy-100ml-shea-cocoa/1732482664596017485
271,[สำหรับครีเอเตอร์] The Ordinary Glycolic Acid 7% Exfoliating Toner - 240mL | โทนเนอร์ผลัดเซลล์ผิวเรียบเนียน ผิวแลดูสม่ำเสมอ,TH,theordinarystorethailand,1941.0,4.9,180.0,891.00,THB,exfoliating toner,https://shop.tiktok.com/th/pdp/othn-eno-r-glycolic-acid-7-chak-the-ordinary-240ml-phlad-esll-phiw-eriyb-eniyn-ephim-khwamkrachang-ais-ld-elueon-riwroy/1731949006346028305
272,[BCD] [แพ็คคู่] อีฟ โรเช Yves Rocher Anti-Hair Loss Shampoo 300 ml. แชมพูลดผมร่วง เส้นผมงอกใหม่ แข็งแรง สุขภาพดีตั้งแต่รากจรดปลาย,TH,Yves Rocher Thailand,1915.0,4.8,276.0,755.00,THB,hair loss shampoo,https://shop.tiktok.com/th/pdp/yves-rocher-aechmphu-ld-phm-rwng-300ml-samhrab-phm-aerng-ngok-aihm/1731192002301233398
273,"Kem dưỡng RETINOL hỗ trợ trẻ hóa, căng bóng da, giảm thâm nám sạm, đều màu da GENTLE RETINOL + NIACIN CREAM",VN,OLAB VIETNAM,1913.0,4.9,148.0,443.716,VND,retinol cream,https://shop.tiktok.com/vn/pdp/kem-duong-gentle-retinol-ho-tro-tre-hoa-da-giam-tham-nam-cai-thien-ket-cau-da/1731159714337818754
274,[Color+Clear 2PCS] SKINTIFIC PEPTIDE BRIGHTENING LIP SERUM-BABY PINK/CORAL ROSE/CHERRY RED/RADIANCE Brightening lip serum Peptide Brightening Lip Serum Brightens and evens out dark and two toned lip color Moisturizes and nourishes lips Penjagaan Kulit,MY,Skintific.my,1904.0,4.9,363.0,81.00,MYR,brightening serum/peptide serum,https://shop.tiktok.com/my/pdp/serum-bibir-skintific-cerahkan-dan-melembapkan-peptide-dan-vitamin-c/1731133559050896416
275,PINK Daily Drench Body Lotion,US,VSPINK,1894.0,4.7,276.0,15.60,USD,body lotion,https://shop.tiktok.com/us/pdp/pink-lavender-body-lotion-hydrating-moisturizing-formula/1732308934834622554
276,VIBRANT GLAMOUR Niacinamide Spot-Fading Serum 5%  Serum Niacinamide 5% mờ thâm | Làm sáng & Giảm đốm nâu | Chống xỉn màu | 5X Ceramide phục hồi hàng rào da | Dịu nhẹ cho da nhạy cảm 30ml,VN,Vibrant Glamour,1871.0,4.8,147.0,200.554,VND,niacinamide serum,https://shop.tiktok.com/vn/pdp/serum-niacinamide-5-ceramide-centella-lam-sang-da/1729828921066490157
277,"Minimalist 3% Tranexamic Acid Face Serum for Acne Scars, Melasma, Hyper Pigmentation & Erythema | For Women & Men | 30ml",MY,Minimalist Malaysia,1869.0,4.9,341.0,52.12,MYR,tranexamic acid serum,https://shop.tiktok.com/my/pdp/serum-wajah-minimalist-untuk-parut-jerawat-melasma-30ml/1729620490845522559
278,"【On Sale】Dr.Leo Clear Skin Set: Oil Control Facial Cleanser + Drying Lotion Plus with 1.8% Encapsulated Salicylic Acid & Niacinamide for 24H Acne Relief #DealsForYouDays,travel essentials #sohochic #tiktokshopbacktoschool",US,Dr.Leo-USA,1863.0,4.6,196.0,33.67,USD,acne treatment,https://shop.tiktok.com/us/pdp/dr-leo-clear-skin-set-oil-control-acne-buster-24h-relief/1731989119056188011
279,"Peach & Lily - Glass Skin Discovery Kit (4 Products) - 1 Cleanser, 1 Essence, 1 Serum & 1 Cream - Skin Care Set - Acne Routine - Travel Essentials - Self Care - Vegan & Cruelty Free - Korean Beauty",US,Peach & Lily,1860.0,4.8,299.0,50.70,USD,glass skin,https://shop.tiktok.com/us/pdp/glass-skin-discovery-kit-by-brand-name-4-trial-size-essentials/1729385587529453910
280,"[Dr.Melaxin Official] TX Tranexamic Acid Dark Spot Care Line | TX Ampoule Cleanser + Peeling Toner + Ampoule Rx + Cream | Dark Spot, Brightening",US,Dr.Melaxin,1840.0,4.6,199.0,89.00,USD,tranexamic acid serum,https://shop.tiktok.com/us/pdp/tx-tranexamic-acid-dark-spot-care-line-by-dr-melaxin-brightening-set/1730615953282535451
281,WAWA PERFECT BRIGHTENING SUNSCREEN + FREE LIP MASK | PELINDUNG MATAHARI SPF 50 | SUNCCREEN WAWA SPF 50 30 ml Sunscreen,MY,SIS ERNIY ORIGINAL AKAUN,1807.0,4.9,531.0,31.70,MYR,sunscreen spf50,https://shop.tiktok.com/my/pdp/pelindung-matahari-spf-50-untuk-kulit-sensitif-aktiviti-luar/1729561449958574620
282,"[Ủ môi lựu đỏ] collagen Lip Mask 10g - HAILAB- Dưỡng môi mềm mịn, căng mọng, làm hồng môi, loại bỏ tế bào chết trên môi",VN,Thanh@ Store,1803.0,4.8,165.0,225.431,VND,lip mask,https://shop.tiktok.com/vn/pdp/u-moi-luu-do-collagen-10g-hailab-duong-moi-mem-min-lam-hong-moi/1729778747291109705
283,Kem chống nắng Beauskin sunscreen SPF 50 PA++++ nâng tone cho da mặt 50g,VN,SKIN BEAUTY 1,1775.0,4.7,107.0,186.490,VND,sunscreen spf50,https://shop.tiktok.com/vn/pdp/kem-chong-nang-summi-sunscreen-spf-50-pa-duong-tone-da-mat/1729656144209414731
284,Nước Tẩy Trang Cho Da Nhạy Cảm Micellar Water Ultra Sensitive Skin 400ml,VN,Guardian Store,1770.0,4.7,161.0,483.050,VND,sensitive skin moisturizer,https://shop.tiktok.com/vn/pdp/nuoc-tay-trang-la-roche-posay-400ml-cho-da-nhay-cam-lam-sach-sau-an-toan-duong-am/1729692996676978728
285,Best Seller ! [ตะกร้าพิเศษ LIVE only] เรตินอลลดริ้วรอย KIEHL'S RETINOL DAILY SKIN-RENEWING MICRO-DOSE SERUM 50ML	เซรั่มเรตินอล ลดเลือนริ้วรอย เพื่อผิวกระชับ ผิวหน้าเนียนละเอียด,TH,Kiehl's TH,1662.0,4.8,141.0,"5,120.00",THB,retinol cream,https://shop.tiktok.com/th/pdp/es-ram-ertinol-kiehl-s-50ml-ld-elueon-riwroy-bamrung-phiw/1731765720923867605
286,"【Best Seller!!】Freshiny Salicylic Acid Anti-Acne Facial Cleanser 100g Membersihkan Pori-Pori Secara Mendalam, Memutihkan Dan Menyekatakan Tona Kulit Cleansing Foam Natural Oily",MY,Freshiny Store,1656.0,4.8,333.0,18.00,MYR,salicylic acid cleanser,https://shop.tiktok.com/my/pdp/pembersih-muka-anti-acnu-salisilik-100g-untuk-kulit-berminyak-sensitif/1729537897180333375
287,[SKIN1004 Official Shop] Hyalu-Cica First Ampoule 3.38 fl oz. (100ml) - Soothing Hydration Serum with Centella Asiatica & Hyaluronic Acid for Dry Skin Care,US,SKIN1004 US,1632.0,4.8,198.0,23.00,USD,centella serum,https://shop.tiktok.com/us/pdp/hyalu-cica-first-ampoule-100ml-by-skin1004-for-soothing-dry-skin/1729398432491934146
288,2PCS Collagen Nicotinamide & Vitamin C Capsule Cream Combo Set | Advanced Moisturizing & Firming Formula | Deep Hydrating K-Beauty Facial Care for All Skin Types,US,Lucien Goods,1604.0,4.7,211.0,12.99,USD,collagen cream,https://shop.tiktok.com/us/pdp/collagen-nicotinamide-vitamin-c-cream-combo-set-k-beauty/1732416758984839768
289,"【Flicker】Bàn chải rửa mặt hình móng vuốt mèo, làm từ chất liệu silicon mềm, có thể tẩy tế bào chết và loại bỏ mụn đầu đen, massage khuôn mặt và làm sạch lỗ chân lông, cán dài - tiện lợi và thực dụng",VN,Flicker,1598.0,4.9,78.0,29.095,VND,facial cleansing brush,https://shop.tiktok.com/vn/pdp/ban-chai-rua-mat-silicon-hinh-meo-massage-da-can-dai/1735497565926557508
290,"[FRANKLY] Retinol 0.1% Cream — Pure Potent Formula | Ceramides & Ginseng for Pore Minimizer, Wrinkles & Fine Lines, Firmer Skin | Daily gentle Korean retinol cream Hydrating",US,FRANKLY GLOBAL,1583.0,4.7,204.0,17.58,USD,retinol cream,https://shop.tiktok.com/us/pdp/retinol-0-1-cream-by-frankly-vegan-cruelty-free-anti-aging-moisturizer/1730673046955201171
291,POPASKIN 5x Ceramide Barrier Repair Moisturizing Kit Deep Moisturizing Repair Barrier Quickly Soothe and Calm Strengthen Skin Barrier,TH,PopaSkin,1583.0,4.8,178.0,186.14,THB,barrier repair cream,https://shop.tiktok.com/th/pdp/popa-skin-5x-es-ra-em-id-bamrung-phiw-samhrab-phu-thi-tongkar-phiw-numnwl/1731806571676599790
292,"e.l.f. Vitamin C + E + Ferulic Serum 15% - Brightening Face Serum, Helps Reduce Dark Spots & Fine Lines, Fast-Absorbing, Vegan Cruelty-Free i",US,e.l.f. Cosmetics,1567.0,4.5,104.0,9.00,USD,vitamin c serum,https://shop.tiktok.com/us/pdp/bright-icon-serum-by-e-l-f-cosmetics-vitamin-c-e-ferulic-radiant-skin/1731149171499176227
293,"[Anua] Sun-ready Travel Kit ｜no white cast sunscreen, mini cleansing foam, mini cleansing oil, travel size, korean skincare, spf, deep pore cleanse, suncare",US,Anua Store US,1514.0,4.9,58.0,44.00,USD,korean skincare,https://shop.tiktok.com/us/pdp/sun-ready-travel-kit-by-anua-spf-50-mini-cleansers/1731317415731827169
294,รองพื้นชนิดน้ำ เนื้อแมตต์ ไม่มีรูพรุน ผู้หญิง เครื่องสำอาง Cosmetics Foundation  Women,TH,RR.Fashion girl,1512.0,4.3,129.0,98.00,THB,makeup foundation,https://shop.tiktok.com/th/pdp/rongphuen-enueo-m-atte-swmais-sbay-pkpong-phiw-dwy-aebrnd-kathy/1729735198602005383
295,เซตผิวกระจ่างใส ผิวเล่นแสง ดูมีออร่า - AMT Infinite Brightening Serum 25 mL & AMT Milky Essence 50 mL,TH,AMT Skincare,1484.0,4.9,180.0,612.26,THB,brightening serum,https://shop.tiktok.com/th/pdp/1734823548594128736
296,AESTHETIC Exfoliating Toner (Oily To Combination),MY,Faridz Skin Aesthetic,1483.0,4.9,286.0,40.40,MYR,exfoliating toner,https://shop.tiktok.com/my/pdp/toner-eksfoliasi-aesthetic-untuk-kulit-berminyak-sensitif/1729570337236486658
297,Neostrata Enlighten Dark Spot Corrector | 20g,MY,Dermaskinshop,1477.0,4.9,206.0,115.76,MYR,dark spot corrector,https://shop.tiktok.com/my/pdp/neostrata-enlighten-gel-pencerah-bintik-gelap-20g-mengurangkan-pigmentasi-kaya-vitamin-c-sesuai-untu/1729432594693523974
298,AFTER MY SKIN BRIGHTENING SOAP DAN BODY SERUM GEL ORIGINAL,MY,JAYDEN SHOP BEAUTY,1449.0,4.8,211.0,21.50,MYR,post procedure skincare,https://shop.tiktok.com/my/pdp/jajja-chinta-hair-serum-frizz-vanilla-organik-untuk-rambut-sihat/1729621621561395642
299,The Ordinary Azelaic Acid Suspension 10% 30ml,MY,The O. Laboratory,1441.0,4.7,179.0,55.77,MYR,azelaic acid,https://shop.tiktok.com/my/pdp/the-ordinary-azelaic-acid-suspension-10-30ml-suspen-kulit/1733539285647722307
300,[SKIN1004 Official Shop] SKIN1004 Madagascar Centella Teca Ampoule (50ml) -  High-Purity Centella TECA Serum for Fine Line Appearance & Stressed Skin Support for Sensitive Skin,US,SKIN1004 US,1413.0,4.8,314.0,17.00,USD,centella serum,https://shop.tiktok.com/us/pdp/skin1004-madagascar-centella-teca-ampoule-50ml-intense-soothing/1732267624407273922
301,Sunscreen มิสดีเซ่ spf50 pa+++,TH,ร้านนางฟ้าไดอาน่า,1395.0,4.9,97.0,155.60,THB,sunscreen spf50,https://shop.tiktok.com/th/pdp/kanaedd-mis-di-es-spf50-pa-tha-thukwan-tonecha-pongkan-uv-raksa-khwamchumchuen/1731756509126888201
302,แป้งทองคำ   GINO McCRAY THE PROFESSIONAL MAKE UP POWDER FOUNDATION SPF 15 PA++ (11 G),TH,beautybuffetth,1390.0,4.9,150.0,410.00,THB,makeup foundation,https://shop.tiktok.com/th/pdp/gino-mccray-professional-makeup-foundation-spf-15-pa/1731727685295573419
303,Soap BeautyWise Clear Stock,MY,Afeeya Beauty,1390.0,4.8,104.0,9.05,MYR,clean beauty,https://shop.tiktok.com/my/pdp/sabun-beautywise-clear-stock-ready-stock-segera-tersedia/1732407691360961859
304,"Collagen Anti-Wrinkle Hand Cream, Daily Hydrating Care for Adults to Repair Cracked Heels & Dry Skin, Nourishing Softening Formula to Lock in Moisture",US,Lookatmy,1388.0,4.4,54.0,12.99,USD,collagen cream,https://shop.tiktok.com/us/pdp/collagen-anti-wrinkle-hand-cream-by-sadoer-hydrating-softening-moisturizer/1732478200439870192
305,"[IN] Tinh Chất Hỗ Trợ Dưỡng Sáng, Mờ Thâm Đỏ, Kiểm Soát Dầu Geek&Gorgeous aPAD 20% dẫn xuất Azelaic Acid 30ml",VN,Geek&Gorgeous Vietnam,1388.0,4.8,40.0,387.017,VND,azelaic acid,https://shop.tiktok.com/vn/pdp/tinh-chat-lam-sang-da-giam-tham-nam-dieu-khien-dau/1732806637747406268
306,"Peptide Squad Multi-Peptide Serum, boosts collagen production, reduces fine lines and wrinkles, firms skin",US,Maelove Skincare,1377.0,4.8,1202.0,77.94,USD,peptide serum,https://shop.tiktok.com/us/pdp/peptide-serum-by-maelove-skincare-multi-peptide-1-0-fl-oz/1729411168863227923
307,"5C Vitamin C Face Serum with Hyaluronic Acid & Centella Extract - Lightweight Liquid, Moisturizing Cica Repair, Brighter Skin Serums & Essences, 30 ml Skin Repair Bottle",US,BBK US,1367.0,4.7,249.0,9.09,USD,vitamin c serum,https://shop.tiktok.com/us/pdp/vitamin-c-face-serum-30ml-hydrating-essence-with-hyaluronic-acid/1732281585589129741
308,brighten toner,MY,Ninaskincare empire,1366.0,4.9,261.0,20.00,MYR,exfoliating toner/pore care toner,https://shop.tiktok.com/my/pdp/brighten-toner-menutup-pori-pudar-parut-jerawat-jeragat/1729622109338700639
309,"Goiple Unscented Tattoo Aftercare Cream, 2.6oz Bottle - Soothing Gel, Protective Balm for New & Older Tattoos, Damage Repair Works on All Skin Colors",US,GOIPLE STORE,1342.0,4.6,185.0,16.95,USD,post procedure skincare,https://shop.tiktok.com/us/pdp/tattoo-aftercare-cream-2-6oz-by-goiple-for-new-older-tattoos/1730903019086975042
310,Kem mắt dark circle pharmaform 15g Women Nữ Dưỡng Mắt,VN,DS. Thùy Trang,1338.0,4.8,69.0,376.430,VND,eye cream dark circle,https://shop.tiktok.com/vn/pdp/kem-mat-nmn-labonita-30ml-cho-phu-nu-duong-mat-hieu-qua/1730014358256322727
311,"Serum Tranexamic Acid hỗ trợ mờ nám tàn nhang, trắng sáng da, mờ thâm  - Super Serum Whitening ANHANH",VN,ANHANH STORE 683,1335.0,4.6,93.0,164.956,VND,tranexamic acid serum,https://shop.tiktok.com/vn/pdp/serum-tri-nam-tham-duong-da-ban-dem-ho-tro-mo-nam/1731966726556583797
312,ครีมกิมจิเกาหลี 1 หลอด  สกินแคร์ดูแลผิวหน้า,TH,A.nan Shop,1299.0,4.8,152.0,340.91,THB,korean skincare,https://shop.tiktok.com/th/pdp/khrim-bamrung-phiwhna-good-skin-1-chin-phlitphanth-sukhphaph-aela-khwamngam/1731004076011391095
313,(New) ETUDE Moistfull Collagen Deep Sheet Mask (37 ml) อีทูดี้ แผ่นมาสก์หน้า (จำนวน 1 แผ่น),TH,etudethailand,1298.0,4.8,43.0,100.00,THB,face mask sheet,https://shop.tiktok.com/th/pdp/mask-hna-oi-thu-di-khollaechn-luek-ld-50-chumchuen-eniyn-num/1729566480835316709
314,"Shop Mới Ưu Đãi Sốc - Giá Tốt Nhất Kem Azelaic Acid 20% Hỗ Trợ Giảm Mụn, Kiểm Soát Dầu, Làm Dịu Da, Mờ Thâm Mụn, Phục Hồi Da [COD]",VN,V.O.R.A,1288.0,4.4,101.0,31.640,VND,azelaic acid,https://shop.tiktok.com/vn/pdp/1736671291208074930
315,Mã 7 - Combo Dưỡng Căng Bóng Phục Hồi Da Sau Peel- Skincare Nữ Làm Đẹp Da Dưỡng Ẩm Da,VN,trandiva,1264.0,4.9,115.0,99.347,VND,post procedure skincare,https://shop.tiktok.com/vn/pdp/combo-duong-cang-bong-phuc-hoi-da-sau-peel-duong-am-da-nu-kem-face-meso-thanh-phan-thien-nhien-khong-gay-nhon/1729611193753045128
316,[ตะกร้าพิเศษหยกทอง] SKINPRO Rx Sensitive Skin Moisturizing Cream 50 ml มอยซ์เจอร์ไรเซอร์,TH,SKINPRO Rx,1260.0,4.9,116.0,705.00,THB,sensitive skin moisturizer,https://shop.tiktok.com/th/pdp/1733499391921783854
317,Victoria's Secret Whipped Fragrance Lotion,US,Victoria's Secret,1257.0,4.6,278.0,15.60,USD,body lotion,https://shop.tiktok.com/us/pdp/victorias-secret-whipped-fragrance-lotion-8-oz-vanilla-gourmand/1732566949651452385
318,Naturista Tea Tree Facial Toner 250ml สกินแคร์ มอยส์เจอไรเซอร์ โทนเนอร์,TH,Konvy,1249.0,4.9,154.0,112.00,THB,pore care toner,https://shop.tiktok.com/th/pdp/1730140089152539127
319,SP Đơn : Peiland Anti Wrinkle Serum with Gold Collagen 40ml - Serum chứa collagen hỗ trợ chống lão hoá và ngăn ngừa nếp nhăn Peiland 40ml,VN,Mỹ Phẩm Nhập Khẩu Peiland,1242.0,5,60.0,615.108,VND,anti aging serum,https://shop.tiktok.com/vn/pdp/1731487765211284511
320,[Torriden x HannahOlala] Serum HA Torriden 5D Hyaluronic Acid phân tử nhỏ thấm sâu cấp ẩm làm dịu da DIVE IN Serum 50ml,VN,Torriden VN,1237.0,4.8,33.0,468.920,VND,hyaluronic acid serum,https://shop.tiktok.com/vn/pdp/1734897772830951147
321,3x TLM Colour Changing Foundation Liquid base makeup foundation concealer flawless coverage for fair to medium skin tones,US,Marina Imports,1233.0,4.6,173.0,15.26,USD,makeup foundation,https://shop.tiktok.com/us/pdp/tlm-colour-changing-foundation-liquid-for-flawless-fair-to-medium-skin/1730830691418280853
322,AHA Body Lotion with Niacinamide & Shea Butter - 8fl oz | Deeply Moisturizes | Exfoliates & Evens Out Skin Tone Pack of 2,US,Chemist at Play,1231.0,4.7,159.0,25.98,USD,body lotion,https://shop.tiktok.com/us/pdp/chemist-at-play-aha-body-lotion-pack-of-2-shea-butter-hydrating-ingredients/1732274592248074282
323,Clear blackhead needaabeauty,MY,needaabeauty,1231.0,4.6,240.0,42.00,MYR,blackhead remover,https://shop.tiktok.com/my/pdp/clear-blackhead-nedaabeauty-untuk-kulit-berminyak-jerawat/1729445166365510598
324,"Daily Moisturizer With Aloe Vera, Niacinamide & Hyaluronic | Lightweight & safe for sensitive skin.",US,Haven Skin,1229.0,4.9,87.0,31.20,USD,sensitive skin moisturizer,https://shop.tiktok.com/us/pdp/daily-moisturizer-all-natural-rejuvenating-formula-hydrates-skin/1731089201002615489
325,"Kem dưỡng cấp ẩm, phục hồi INNISFREE Green Tea Ceramide Cream 50mL",VN,innisfreevietnam,1229.0,4.8,90.0,450.846,VND,ceramide cream,https://shop.tiktok.com/vn/pdp/kem-duong-cap-am-phuc-hoi-innisfree-green-tea-ceramide-50ml/1733007236790847253
326,"SERUM SEYOUL - 10% Niacinamide - Melasma, jeragat, melembapkan dan mencerahkan kulit Skincare",MY,Seyoul MY,1213.0,4.9,182.0,89.00,MYR,niacinamide serum,https://shop.tiktok.com/my/pdp/serum-seyoul-10-niacinamide-melembap-cerahkan-kulit/1729745662662969255
327,SKINTIFIC Retinol Skin Renewal Moisturizer 30g   Day Night Face Cream retinol cream Kulit Skincare Penjagaan Kulit,MY,Skintific.my,1211.0,4.9,253.0,49.00,MYR,retinol cream,https://shop.tiktok.com/my/pdp/krim-wajah-retinol-pengesan-harian-malam-melegakan-jerawat/1731067741092676640
328,"[SKIN1004 Official Shop] Madagascar Centella Tea-Trica Travel Kit - Acne Care 4-Step Kit, BHA foam, Pruifying Toner, Relief Ampoule, B5 Cream",US,SKIN1004 US,1195.0,4.7,165.0,22.00,USD,acne treatment,https://shop.tiktok.com/us/pdp/madagascar-centella-tea-trica-travel-kit-acne-care-set/1732416016557314498
329,Y65: Kem Dưỡng Đa Điểm - LUMINIUS BRIGHTENING/ REAGING FIRMING EYE CREAM DIFFER&DEEPER 30g,VN,Yumilee,1195.0,4.9,123.0,880.537,VND,eye cream dark circle,https://shop.tiktok.com/vn/pdp/kem-duong-mat-luminous-brightening-firming-eye-cream-30g/1731419618576927325
330,"Retinol Krim muka anti-penuaan, mengaktifkan kolagen secara mendalam, memudarkan jeragat gelap, mengurangkan kedutan, C9R9",MY,MILEMEI Beauty,1195.0,4.6,125.0,8.68,MYR,retinol cream,https://shop.tiktok.com/my/pdp/retinol-krim-muka-anti-penuaan-aktifkan-kolagen-kurangkan-kedutan/1729537245505292069
331,KRIM NIGHT & DAY COLLAGEN,MY,wholesale beauty world,1185.0,4.9,81.0,8.73,MYR,collagen cream,https://shop.tiktok.com/my/pdp/krim-night-day-collagen-krim-kolagen-untuk-siang-dan-malam/1729575966777444374
332,"Sol de Janeiro Limited Edition Body Badalada Daily Glow Lotion - Beauty Products with Cheirosa 62 Fragrance, Jasmine, Glycerin, Almond, Caramel, Pistachio, Coco-Caprylate/Caprate, Shimmery Finish, Hydrating, Brightening Lightweight Daily Body Moisturizer",US,Sol de Janeiro,1154.0,4.9,107.0,35.50,USD,body lotion,https://shop.tiktok.com/us/pdp/sol-de-janeiro-limited-edition-body-lotion-24h-hydration/1732382085588816286
333,"[‮ebucideM‬] NAD+ EGF Firming Serum | NAD+, EGF, Collagen Extract, Anti-aging, Plumping, Radiance Boosting Serum | Cares for Look of Fine Lines, Skin Elasticity & Firmness For Youthful-looking Skin (30ml / 1.01 fl. oz.) | Korean Skincare, K-Beauty",US,Style Korean US,1134.0,4.5,37.0,17.99,USD,anti aging serum,https://shop.tiktok.com/us/pdp/egf-firming-serum-anti-aging-plumping-30ml-korean/1732570126172065854
334,[DEAL HOT] Tẩy tế bào chết giúp làm sạch mụn đầu đen cho da dầu mụn BENZAC Blackhead Control Scrub 60G,VN,BENZAC,1129.0,4.7,55.0,203.473,VND,blackhead remover,https://shop.tiktok.com/vn/pdp/tay-te-bao-chet-benzac-blackhead-control-scrub-lam-sach-mun-dau-den-duong-am-da-mem-min-60g/1731647406744111616
335,[BEST SELLER] LANCOME CLARIFIQUE BRIGHTENING PRO SOLUTION SERUM 30 MLซรั่มเพื่อผิวกระจ่างใส (เซรั่ม สกินแคร์ ลังโคม),TH,Lancome TH,1117.0,4.7,166.0,"4,846.00",THB,brightening serum,https://shop.tiktok.com/th/pdp/1730736610902313810
336,Extreme Argan & Carrot Oil Tone Boosting Body Lotion,US,Makari Shop Online,1111.0,4.9,147.0,126.10,USD,body lotion,https://shop.tiktok.com/us/pdp/body-lotion-by-makari-extreme-argan-carrot-oil-tone-boosting-formula/1729385330394173937
337,[แป้งทองคำ] GINO MCCRAY THE PROFESSIONAL MAKE UP POWDER FOUNDATION SPF 15 PA++ (11 G),TH,Beauty Buffet Shop,1108.0,4.9,136.0,398.00,THB,makeup foundation,https://shop.tiktok.com/th/pdp/aepng-phsm-rongphuen-gino-mccray-spf-15-pa-sutr-wiess-samhrab-phiw-swy/1729719937437240209
338,เซราไมด์ กลาสซี่ ครีมมี่ เคโอริช Ceramide Glassy Creamy Korich,TH,BOWNUS1414,1092.0,4.8,175.0,132.00,THB,ceramide cream,https://shop.tiktok.com/th/pdp/esra-mid-ko-er-ich-khrim-mi-ekh-oor-ich-bamrung-phiwhnang-sutr-ekhmkhn/1732295632642476162
339,"[Purito Official] Purito Official Best Kit l Skincare Routine with Panthenol Cleanser & Cream, Unscented Centella Serum & Toner  l  For All Skin Types, Gift Set, For Face, Facial Serum l Korean Skincare Gentle Daily Gift Set for Face",US,PURITO SEOUL,1074.0,4.6,110.0,23.00,USD,centella serum,https://shop.tiktok.com/us/pdp/purito-seoul-best-kit-vegan-skincare-set-with-cleanser-serum-cream/1730361980215398571
340,mediheal Tonerpad Teatree Madecassoside koreanskincare set,US,skinsquared,1071.0,4.8,86.0,47.99,USD,korean skincare,https://shop.tiktok.com/us/pdp/toner-pad-set-mediheal-teatree-madecassoside-for-blemish-prone-skin/1729440624920138632
341,PAPA FEEL 8D HYALURONIC ACID PEPTIDE HYDRATING FIRMING SERUM 40 มล.,TH,PAPA FEEL Offcial store,1067.0,4.9,203.0,126.00,THB,hyaluronic acid serum,https://shop.tiktok.com/th/pdp/1735675770760431369
342,Toner BHA Obagi Medical Clenziderm M.D. Pore Therapy Exfoliating BHA giúp giảm mụn 148ml,VN,MaCi.Vitamin,1058.0,0,0.0,1.200.264,VND,exfoliating toner/pore care toner,https://shop.tiktok.com/vn/pdp/1736333902995359059
343,SKINPRO Rx SET ผิวแพ้ง่าย - Sensitive Skin Cleanser 200ml & Sensitive Skin Moisturizing Cream 50ml,TH,SKINPRO Rx,1049.0,5,105.0,"1,514.00",THB,sensitive skin moisturizer,https://shop.tiktok.com/th/pdp/skinpro-rx-set-phlitphanth-duael-phiw-aeph-ngay-sinkha-ekhrueongsamoang/1731076122442565678
344,"[NEW] NAD+ Firming Face Serum | Collagen Extract, Anti-Aging, Plumping, Radiance Boosting & Brightening | Reduces Look of Fine Lines, Boosts Skin Elasticity & Firmness (30ml / 1fl. oz.) | Korean Skincare, K-Beauty",US,The GlowMuse,1042.0,4.1,65.0,8.72,USD,anti aging serum,https://shop.tiktok.com/us/pdp/firming-face-serum-anti-aging-radiance-boosting-30ml/1732466386162258683
345,"Krim muka retinol, 30g, Anti-kedutan, pencerahan, pelembab, penjagaan kulit",MY,cheeryboom,1034.0,4.6,105.0,8.40,MYR,retinol cream,https://shop.tiktok.com/my/pdp/krim-muka-retinol-30g-anti-kedutan-pencerahan-kulit-pelembab/1729600650655991935
346,"[NEW] Intensive Ceramide Lip Mask | 10,000ppm Ceramide for Barrier Repair & Deep Hydration, Non-sticky Vegan Formula, Overnight lip Mask & All-Day Balm, Fragrance-Free, Korean skincare, 0.24 fl.oz.",US,ILLIYOON US,1018.0,4.8,85.0,8.99,USD,vegan skincare,https://shop.tiktok.com/us/pdp/illiyoon-intensive-ceramide-lip-mask-10000ppm-vegan-0-24-fl-oz/1732455069847884127
347,Sữa rửa mặt giúp Ngừa Mụn Đầu Đen Neutrogena Blackhead Eliminating Scrub 100g - Skincare Nữ | Chăm sóc da | Làm đẹp da,VN,Neutrogena Việt Nam,1018.0,4.9,53.0,123.852,VND,blackhead remover,https://shop.tiktok.com/vn/pdp/sua-rua-mat-neutrogena-tri-mun-dau-den-tay-te-bao-chet/1729802345510505072
348,ครีมตัวแม่ X10 (PDRN+HYA+B5),TH,DEW CARE 1,1013.0,4.9,119.0,338.00,THB,acne treatment,https://shop.tiktok.com/th/pdp/1736873606693291729
349,Tomato gel + Cica gel (เจลมะเขือเทศ+เจลใบบัวบก),TH,derracushion,1008.0,4.9,64.0,322.00,THB,vegan skincare,https://shop.tiktok.com/th/pdp/echl-maekhueoeths-aela-echl-aib-bawbk-100g-x-2-est-chak-aebrnd-eve/1730070575074674887
350,PURE BEAUTY Brighten Up Niacin-Gluta Cleansing foam 125ml,MY,Watsons Malaysia,1006.0,4.9,238.0,33.02,MYR,clean beauty,https://shop.tiktok.com/my/pdp/cleansing-foam-pure-beauty-125ml-niacin-glu-untuk-kulit-cerah-mengatasi-bintik-gelap/1730103933314237814
351,"[THE FACE SHOP] Rice Water Bright Light Facial Cleansing Oil (150ml)ㅣDeep Cleansing Daily Makeup Remover with Ceramide & Vitamins for Hydrated, Radiant Skin l Vegan l Korean Skincare",US,The Face Shop US,1003.0,4.8,99.0,12.78,USD,vegan skincare,https://shop.tiktok.com/us/pdp/cleansing-oil-the-face-shop-rice-water-bright-vegan-jojoba-skin-care/1729470948318220576
352,RtopR 【ร้านค้าอย่างเป็นทางการ】Mango Blackhead Remover / หน้ากากที่ถอดออกได้ / ทำความสะอาดรูขุมขน / ทำความสะอาดผิว / เหมาะสำหรับทุกสภาพผิว / โดยเฉพาะสิวหัวดำที่จมูก / ดูแลผิวหน้า / 40g,TH,RtopR Thailand Store,1002.0,4.3,69.0,137.37,THB,blackhead remover,https://shop.tiktok.com/th/pdp/rtopr-mango-blackhead-remover-ld-siwhawdam-khnad-40g-chak-aebrnd-rtopr/1731117637805837177
353,"Vaseline Advanced Repair Unscented Body Lotion - 400ml Pack, Fast-Absorbent Fast Acting Gentle Daily Body Care Product, Long-Lasting 72H Moisture Lock for Dry & Sensitive Skin, Skin Restore & Repair",US,Egidoo,997.0,4.6,151.0,6.56,USD,body lotion,https://shop.tiktok.com/us/pdp/vaseline-advanced-repair-body-lotion-400ml-unscented/1732482729661141325
354,THE EYELAB by Ophthalmologist anti-dark circles serum เซรั่มบำรุงผิวรอบดวงตา สำหรับทุกสภาพผิว ขนาด 15 ml,TH,THE EYELAB by Ophthalmologist,992.0,4.9,39.0,"1,037.00",THB,eye cream dark circle,https://shop.tiktok.com/th/pdp/es-ra-ml-dr-oy-hmi-ait-ta-tyelab-ody-chaksuaephthy-khnad-15ml/1731166286438369949
355,Jumiso Snail Mucin 95 + Peptide Facial Essence 7ml / 140ml,MY,Tree Skin Beauty,988.0,4.9,191.0,78.10,MYR,snail mucin essence,https://shop.tiktok.com/my/pdp/jumiso-snail-mucin-peptide-essensi-wajah-7ml-140ml/1729722071495968037
356,Redness Relief Azelaic Acid Serum,US,Peach Slices,987.0,4.6,160.0,27.98,USD,azelaic acid,https://shop.tiktok.com/us/pdp/redness-relief-serum-by-peach-slices-with-10-azelaic-acid-cica/1729435352385491908
357,Sữa dưỡng thể thiên nhiên Yves Rocher Body Lotion 390ml (đa dạng mùi hương),VN,YVES ROCHER,983.0,4.9,58.0,296.827,VND,body lotion,https://shop.tiktok.com/vn/pdp/sua-duong-the-yves-rocher-390ml-huong-ha-mam-xoi-do/1730339843264383363
358,Glass Skin Foundation - MsYienn,MY,Miss Yienn Empire,982.0,4.9,54.0,"2,188.00",MYR,glass skin,https://shop.tiktok.com/my/pdp/1737514387427132499
359,BIOAQUA Vitamin C Essence Serum 30ml,MY,ROREC Malaysia,967.0,4.7,93.0,4.50,MYR,vitamin c serum,https://shop.tiktok.com/my/pdp/bioaqua-vitamin-c-essence-serum-30ml-untuk-mata-kulit/1729527189943126235
360,"Naturium Azelaic Acid Derivative Complex 10% (30ml) - Serum for Uneven Skin Tone, Redness Soothing",US,Naturium,964.0,4.7,44.0,27.95,USD,azelaic acid,https://shop.tiktok.com/us/pdp/azelaic-acid-serum-10-by-naturium-with-niacinamide-vitamin-c/1729776437589283222
361,Hydration Moisturizing Serum เนื้อชุ่มชื่น ซึมซาบง่าย ไม่เหนียวเหนอะหนะ อ่อนโยน ไม่ระคายเคือง,TH,Haooolongs,964.0,4.7,84.0,103.86,THB,hydrating serum,https://shop.tiktok.com/th/pdp/es-ram-bamrung-phiw-chumchuen-ld-elueon-roy-aedng-siw-samhrab-phuchay/1729780544381094648
362,SUNGLOW SUNSCREEN (NEW EDITION) Spf50 Pa+++,MY,zaliyaalistore,952.0,4.8,186.0,42.50,MYR,sunscreen spf50,https://shop.tiktok.com/my/pdp/sunglow-sunscreen-spf50-pa-mencerahkan-tahan-air/1729427963399015073
363,Kem chống nắng vật lý SPF 50,VN,Như ngọc cherry,948.0,4.7,40.0,223.217,VND,sunscreen spf50,https://shop.tiktok.com/vn/pdp/1729517231207647803
364,[NEW] Wardah Exfoliating & Clarifying Toner 100 ml-,MY,Beautik Store,947.0,4.9,257.0,35.87,MYR,exfoliating toner,https://shop.tiktok.com/my/pdp/toner-pengilat-dengan-ekstrak-edelweiss-aha-pha-125ml/1729679702792374405
365,Helen Beauty MY Krim Mata Retinol Treatment 20g KELULUSAN KKM Rawatan Retinol Eye Cream untuk Semua Jenis Kulit Mengurangkan Garisan Halus Mencerahkan Kawasan Bawah Mata Kecantikan,MY,HELEN.HQ,942.0,4.8,166.0,23.22,MYR,retinol cream,https://shop.tiktok.com/my/pdp/krim-mata-retinol-helen-rawatan-semua-jenis-kulit-kurangkan-garisan-halus-kecantikan-cerahkan-bawah-mata/1731910666089235658
366,[ANGELA] MISTINE Combo Kem Nền FOUNDATION Bền Màu Lâu Trôi Che Phủ 30G + Kem Lót Cấp Ẩm Kiềm Dầu Thoáng Nhẹ Không Bết Dính 30ML + [QUÀ] 1 Xịt Khóa Nền 30ML + 1 Phấn Phủ Mini + 1 Son Mini,VN,MISTINE BWG VIETNAM,938.0,4.8,76.0,424.809,VND,makeup foundation,https://shop.tiktok.com/vn/pdp/1734922521264752526
367,Collagen Cream (1Box 12pcs) Wholesale Price,MY,Veloura Beauty,937.0,4.7,128.0,46.73,MYR,collagen cream,https://shop.tiktok.com/my/pdp/krim-kolagen-1-kotak-12-keping-harga-pembesar-grosir/1729644569655151256
368,"2x TLM Colour-Changing SPF Foundation Bottles, High Coverage Cosmetics Liquid Makeup Base, Seamless Tinted Concealer with Flawless Finish & Colour-Changing Effect for Fair-Medium Skin Tones, Bottle",US,Marina Imports,936.0,4.3,138.0,15.59,USD,makeup foundation,https://shop.tiktok.com/us/pdp/tlm-colour-changing-foundation-liquid-makeup-concealer-for-fair-to-medium-skin/1729569042406609813
369,"TATAGALTIER Celaney Fortifying Serum (30ml)– Serum untuk Bekas Jerawat, Dark Spot & Kulit Kusam+ Alpha Arbutin",MY,Tatagaltier,928.0,4.9,169.0,86.70,MYR,centella serum,https://shop.tiktok.com/my/pdp/serum-pencerah-celaney-tatagaltier-30ml-mencerahkan-menyembuhkan-memperbaiki-barrier/1731163047522960649
370,HEADS.  SHAMPO HAIR LOSS (1000ML). HALAL,MY,diva hair salon,928.0,4.9,254.0,99.86,MYR,hair loss shampoo,https://shop.tiktok.com/my/pdp/shampo-heads-merawatkan-kulit-kepala-hair-loss-1000ml-halal/1729597016096868891
371,SERUM HA DƯỠNG SÁNG DA CẤP ẨM LÀM MỀM MỊN DA TỪ TINH CHẤT SEN B3 B5,VN,Miss White - Pharma,920.0,4.8,73.0,87.365,VND,hydrating serum,https://shop.tiktok.com/vn/pdp/1735163204050061073
372,[CHÍNH HÃNG - MẪU MỚI 8/24] Kem dưỡng thể body ALPHA ARBUTIN - PRECIOUS SKIN lotion 500ml- Lô Thị Dưỡng Da Body,VN,Lô Thị Cosmetic,915.0,4.8,118.0,246.367,VND,body lotion,https://shop.tiktok.com/vn/pdp/kem-duong-the-body-alpha-arbutin-duong-am-chong-lao-hoa/1730434439055837220
373,Serum MEERACLE Multi Bright dengan Tranexamic Acid 3% & Succinic Acid 2% untuk Wajah - Skincare,MY,MEERACLE,905.0,4.8,154.0,58.00,MYR,tranexamic acid serum,https://shop.tiktok.com/my/pdp/serum-meeracle-multi-bright-dengan-tranexamic-acid-3-succinic-acid-2-mencerahkan-kulit/1729701215779259776
374,Bee Rose  SERUM 35g.Extra Brightening.KKM. All skin type.BESAR + free gift,MY,Be Beauty enterprise,898.0,4.9,150.0,17.00,MYR,brightening serum,https://shop.tiktok.com/my/pdp/serum-semula-jadi-untuk-kulit-seluruh-jenis-cerahkan-melembapkan/1732101626949044154
375,SKIN1004 | Madagascar Centella Hyalu-Cica Water-Fit Sun Serum SPF50+ PA+++ 50 ml. I กันเเดดเนื้อบางเบา พร้อมบำรุงผิว,TH,AllAboutYouOfficial,896.0,4.9,93.0,635.00,THB,centella serum,https://shop.tiktok.com/th/pdp/1730023837292595451
376,[CFV KOL2] Serum HA Torriden 5D Hyaluronic Acid phân tử nhỏ thấm sâu cấp ẩm làm dịu da DIVE IN Serum 50ml,VN,Torriden VN,894.0,4.8,44.0,450.904,VND,hyaluronic acid serum,https://shop.tiktok.com/vn/pdp/serum-hyaluronic-acid-torriden-dive-in-50ml-cho-da-kho-nhay-cam/1730131849341340395
377,VITAMIN C SERUM FOR SKIN,MY,is beauty hq,893.0,4.9,119.0,15.90,MYR,vitamin c serum,https://shop.tiktok.com/my/pdp/vitamin-c-serum-20ml-untuk-kulit-cerah-bebas-jerawat/1729602402763507812
378,"SPF50 Vitamin E Facial Sunscreen (50g) - Broad-Spectrum UVA/UVB Sun Defense for Dry Skin, No White Cast, Matte Finish, Skin Repair, Shine Enhancing Winter Sunblock for Christmas Travel, Parties",US,HOME KITCHEN BLISS,884.0,4.1,117.0,7.99,USD,sunscreen spf50,https://shop.tiktok.com/us/pdp/spf50-vitamin-e-sunscreen-50g-uva-uvb-protection-matte/1731692304815132857
379,Jumiso Snail Mucin 95 + Peptide Facial Essence 140ml,MY,lunabeauty,881.0,4.9,168.0,70.35,MYR,snail mucin essence,https://shop.tiktok.com/my/pdp/jumiso-snail-mucin-peptide-essensi-wajah-anti-penuaan/1729663749402561110
380,"5X Vitamin C Facial Serum with Hyaluronic Acid & Niacinamide - Daily Use Serum, Moisture & Hydration Boost Formula for Soft, Glowing Skin - Multiple Bottles, Suitable for All Skin Types, Apply Daily",US,Glorich US,873.0,4.8,154.0,6.99,USD,vitamin c serum,https://shop.tiktok.com/us/pdp/vitamin-c-facial-serum-with-hyaluronic-acid-niacinamide/1732466438271767073
381,The INKEY List Redness Relief Solution 10% Azelaic Acid Serum with Centella Asiatica Hyaluronic Acid for Sensitive Skin Redness 30ml,US,The INKEY List,866.0,4.3,203.0,26.00,USD,azelaic acid,https://shop.tiktok.com/us/pdp/redness-relief-serum-by-the-inkey-list-10-azelaic-acid-30ml/1729666617683448370
382,[Purito Official] Wonder Releaf Centella Serum Unscented I Vegan Cruelty Free Skin Repair Vitamin C Glow Serum Acne Cica,US,PURITO SEOUL,864.0,4.6,59.0,21.00,USD,centella serum,https://shop.tiktok.com/us/pdp/centella-serum-by-purito-unscented-vegan-skin-repair-for-all-types/1729729688367108267
383,GENTLE RETINOL CREAM - ANTI DARK SPOT/WRINKLE/FINE LINES/HYPERPIGMENTATION 30ml,MY,Moha Biotech,853.0,4.8,181.0,45.00,MYR,retinol cream,https://shop.tiktok.com/my/pdp/krim-retinol-lembut-anti-noda-selipar-kedut-30ml/1729534124404081915
384,"COSRX Advanced Snail 92 All-In-1 Cream (3.5oz) - Lightweight, Hydrating Snail Mucin Moisturizer for Sensitive Adults, Boosts Moisture, Supports Self-Care, Promotes Radiant Complexion",US,Unineed US,841.0,4.5,93.0,24.78,USD,snail mucin essence,https://shop.tiktok.com/us/pdp/advanced-snail-92-cream-by-cosrx-hydrating-moisturizer-3-5oz/1729385236287754673
385,"SN2086 - Tinh Chất Dưỡng Da Cấp Ẩm LUBYLAB THE 20 NIACINAMIDE SERUM 30ml (Niacinamide, 3-0-Ethyl Ascorbic Acid, Succinic Acid)",VN,Lubylab Official Mall,837.0,4.8,46.0,670.758,VND,niacinamide serum,https://shop.tiktok.com/vn/pdp/sn2086-tinh-chat-duong-da-cap-am-lubylab-30ml-niacinamide/1734540316623734006
386,Ruruberry Ceramide Barrier Repair Cream 50ml | Moisturizer | Hydration | Moisture | Soothing | Calming | Skincare | All Skin Types | Sensitive Skin,MY,ruruberry.my,815.0,4.9,149.0,46.00,MYR,barrier repair cream,https://shop.tiktok.com/my/pdp/krim-perbaikan-barier-ceramide-ruruberry-50ml-untuk-kulit-sensitif/1729478284353373408
387,Cọ chuyên dùng để quét mặt nạ,VN,Coffeematevn,798.0,4.7,26.0,11.743,VND,facial cleansing brush,https://shop.tiktok.com/vn/pdp/co-quet-mat-na-chuyen-dung-long-mem-khong-phai-mau-an-toan/1731686566229279954
388,ALIA Salicylic Acid Acne Care Facial Cleanser 100ml,MY,Watsons Malaysia,797.0,4.9,185.0,26.20,MYR,salicylic acid cleanser,https://shop.tiktok.com/my/pdp/pembersih-muka-alia-100ml-dengan-asid-salisilik-sesuai-untuk-kulit-berjerawat-melembapkan-dan-redaka/1730374388429522294
389,HEADS. SHAMPO HAIR LOSS + (300ML)                CONDITIONER +                                                   BOTAMIX SMOOTH. HALAL,MY,diva hair salon,788.0,4.9,215.0,103.00,MYR,hair loss shampoo,https://shop.tiktok.com/my/pdp/heads-shampu-anti-hilang-rambut-kondisioner-halal-300ml/1729597014181579291
390,COSRX Sữa rửa mặt Salicylic Acid Daily Gentle Cleanser 150ml,VN,SammiShop Offical,782.0,4.6,80.0,190.109,VND,salicylic acid cleanser,https://shop.tiktok.com/vn/pdp/cosrx-sua-rua-mat-salicylic-acid-diu-nhe-150ml-lam-sach-chong-mun/1729435757613254853
391,Serum 30ml - Peptide Brightening Repair,MY,Noir Health & Beauty HQ,778.0,5,157.0,136.36,MYR,peptide serum,https://shop.tiktok.com/my/pdp/serum-30ml-peptide-brightening-repair-sesuai-untuk-semua-jenis-kulit/1733351994123977811
392,"SoloVegan Guava Lip Duo - 2-Tube Vegan Moisturizer with Guava Extract, Hyaluronic Acid, Rosehip Oil, Shea, Youth Boost, Glossy Repair for Dry Lips, Ideal Gift",US,SoloVegan Skincare,775.0,4.8,243.0,12.79,USD,vegan skincare,https://shop.tiktok.com/us/pdp/solovegan-mwah-velous-guava-lip-duo-hydrating-moisturizing/1732248231880528208
393,สบู่+เซรั่มบำรุงผิว centella soap+serum บำรุงดูแลผิว สกินแคร์,TH,Superstore99,775.0,4.6,57.0,150.00,THB,centella serum,https://shop.tiktok.com/th/pdp/sbu-aela-es-ram-bamrung-phiw-centella-soap-serum-skincare-set/1731229327169128927
394,HADA LABO Serum Pelembap Ha Supreme Cera Hydrating Concentrate 30ml Hyaluronic Acid Essence - For Dry Skin,MY,Hada Labo MY,770.0,4.9,125.0,83.13,MYR,hyaluronic acid serum,https://shop.tiktok.com/my/pdp/hada-labo-ha-supreme-cera-hydrating-concentrate-30ml-hidrat-dalam-melindungi-kulit-ringan-dan-cepat-/1729480408847517316
395,(ผลิตภัณฑ์ดูแลผิว) HIRUSCAR Gel /  POSTACNE / SILICONE PRO /  ULTRA SCAR CARE GEL,TH,Pharmashop4U,764.0,4.8,72.0,190.00,THB,post procedure skincare,https://shop.tiktok.com/th/pdp/hiruscar-gel-samhrab-royaephl-epn-payha-siw-bamrung-phiw-aebb-lamluek/1730161024309954792
396,"Sữa rửa mặt Dr. Lan trị mụn chứa Salicylic Acid 100ml ，Được thiết kế đặc biệt dành cho da nhạy cảm, da dầu và da dễ bị mụn. ，làm sạch mồ hôi và dầu thừa ,phù hợp nhiều loại da，thích hợp cho cả nam & nữ",VN,Dr.lan beauty-VN,763.0,4.7,68.0,77.180,VND,salicylic acid cleanser,https://shop.tiktok.com/vn/pdp/1735309494187689758
397,[1] CERADIN (5X) 100G CERAMIDE MOISTURIZER SKIN BARRIER CREAM | Anti-Itch for Sensitive & Very Dry Skin (Face & Body) | Krim Ceramide Pelembap Skin Barrier | Anti Gatal Kulit Sensitif & Kering Teruk,MY,Jardin Dermatology Research,763.0,4.9,94.0,10.20,MYR,ceramide cream,https://shop.tiktok.com/my/pdp/1735510774965634214
398,Eucerin - Exclusive Set SPOTLESS BRIGHTENING BOOSTER SERUM 30ML + SUN SPOTLESS BRIGHTENING SPF50 PA++++ 50ML เซตบูสผิวกระจ่างใส พร้อมปกป้องแสงแดด,TH,PATBAH,761.0,4.9,103.0,"3,279.00",THB,brightening serum,https://shop.tiktok.com/th/pdp/est-eucerin-spotless-bus-et-or-esrum-30-ml-kanaedd-spf50-50-ml/1733127390439965962
399,[Torriden VN Livestream] Serum Vitamin C Torriden Cellmazing 30ml Hỗ Trợ Dưỡng Sáng Làm Đều Màu Da [LS],VN,Torriden VN,760.0,4.8,56.0,543.492,VND,vitamin c serum,https://shop.tiktok.com/vn/pdp/serum-vitamin-c-torriden-cellmazing-30ml-duong-sang-da-lam-deu-mau/1732789699224372971
400,[Quà Tặng Không Bán ] Peiland Anti Wrinkle Serum With Gold Collagen 4ml - Serum chứa collagen hỗ trợ chống lão hoá và ngăn ngừa nếp nhăn 4ml,VN,Mỹ Phẩm Nhập Khẩu Peiland,755.0,0,0.0,586.324,VND,anti aging serum,https://shop.tiktok.com/vn/pdp/serum-chua-collagen-ho-tro-chong-lao-hoa-ngan-nen-nhan-4ml/1732737715343819807
401,CeraVe Acne-Prone Skin Bundle: CeraVe Acne Control Cleanser & CeraVe Acne Resurfacing Retinol Serum,US,CeraVe,754.0,4.5,79.0,45.47,USD,acne treatment,https://shop.tiktok.com/us/pdp/cerave-acne-bundle-control-cleanser-retinol-serum-for-acne-skin/1729614693065396261
402,"[ETUDE] SoonJung 2x Barrier Intensive Cream 60ml, Hypoallergenic Shea Butter Hydrating Facial Cream for Sensitive Skin, Water-oil Balance & Panthenol for Damaged Skin, K-beauty",US,StyleKorean US,749.0,4.5,47.0,20.99,USD,barrier repair cream,https://shop.tiktok.com/us/pdp/soonjung-2x-barrier-intensive-cream-by-etude-60ml-hypoallergenic-moisturizer/1729442104496919148
403,IntelDerm Serum Sáng Da 3% Tranexamic Acid 30ml Cấp Ẩm Phục Hồi Giảm Thâm Nám Mờ Đốm Nâu Dành Cho Mọi Loại Da,VN,DƯỢC MỸ PHẨM 5K,748.0,4.7,40.0,652.952,VND,tranexamic acid serum,https://shop.tiktok.com/vn/pdp/serum-trang-da-intelderm-3-chua-axit-tranexamic-ha/1731113085288810545
404,"r.e.m. beauty x Wicked: For Good Cherry Blossom Blush Palette - pink and coral, soft floral look, buildable color, clean makeup",US,r.e.m. beauty,741.0,4.9,194.0,30.00,USD,clean beauty,https://shop.tiktok.com/us/pdp/blush-palette-r-e-m-beauty-x-wicked-cherry-blossom-trio-soft-matte-shimmer/1731854223130792315
405,"XUNMENG Centella Tone Brightening Ampoule Serum 100ml - Mencerahkan Kulit Cepat Menyerap dan Melembapkan dengan Ekstrak Centella Asiatica dan Bahan Paten MADEWHITE - Cleansing, Water",MY,XUNMENG.Beauty,739.0,4.5,49.0,25.64,MYR,centella serum,https://shop.tiktok.com/my/pdp/xunmeng-skin1004-centella-tone-brightening-ampoule-100ml/1732867672258414043
406,Kem dưỡng làm dịu và phục hồi da INNISFREE Retinol Cica Barrier Defense Cream 50mL,VN,innisfreevietnam,732.0,4.6,78.0,596.676,VND,barrier repair cream,https://shop.tiktok.com/vn/pdp/kem-duong-lam-diu-retinol-cica-innisfree-50ml-ngan-ngua-mun-thich-hop-cho-da-nhay-cam-cai-thien-be-m/1729592297248164629
407,Mini dầu gội Yves Rocher 50ml (nhiều phân loại),VN,YVES ROCHER,731.0,3,5.0,103.163,VND,hair loss shampoo,https://shop.tiktok.com/vn/pdp/dau-goi-giam-toc-gay-rung-yves-rocher-50ml-khong-sulfate-thien-nhien/1731216496637479299
408,Dr.AcnesCE Combo Hỗ Trợ Loại Bỏ Mụn Thâm Giảm Mụn Serum Acnes 10ml & Sữa Rửa Mặt Purifying Cleanser 100ml Chăm Sóc Da Dầu Và Da Hỗn Hợp,VN,Dược Sĩ Phương Loan Store,726.0,4.8,58.0,375.507,VND,acne treatment,https://shop.tiktok.com/vn/pdp/combo-serum-sua-rua-mat-dracnes-ce-lam-sach-da-hieu-qua/1730453261572803134
409,เดอะเดย์ เซรั่ม ไนอะซินาไมด์ 10% - THE D.A.Y. Niacinamide 10% serum ส่งตรงจากโรงงาน,TH,เดอะ เดย์ เซรั่ม,724.0,4.7,86.0,103.00,THB,niacinamide serum,https://shop.tiktok.com/th/pdp/es-ram-bamrung-phiwhna-the-d-a-y-serum-khnad-30-ml-samhrab-thuk-sphaph-phiw/1731543525931845391
410,หวานใจ  สบู่โสมทองเกาหลี ผิวใส สิว จุดด่างดำ ผิวนุ่ม,TH,Whanjai Skincareเจ้าของแบรน,717.0,5,81.0,190.00,THB,korean skincare,https://shop.tiktok.com/th/pdp/1734428633030297165
411,[แป้งทองคำ] GINO MCCRAY THE PROFESSIONAL MAKE UP POWDER FOUNDATION SPF 15 PA++ (11 G),TH,Beauty Buffet Shop,716.0,4.8,70.0,467.00,THB,makeup foundation,https://shop.tiktok.com/th/pdp/pha-w-ed-or-rongphuen-samhrab-aetnghna-spf-15-pa-khnad-11-kram/1729616099047213969
412,"CLEARITY® - ""The Blackhead Dissolver""",US,CLEARSTEM Skincare,713.0,4.5,247.0,82.00,USD,blackhead remover,https://shop.tiktok.com/us/pdp/mandelic-acid-serum-by-clearity-blackhead-dissolver-with-vitamin-c/1729397202435216151
413,"r.e.m. beauty x Wicked: For Good Ozian Forest Eyeshadow Palette - long-wearing and high-impact, highly pigmented, clean makeup, dup chromes, vibrant metallics, rich mattes",US,r.e.m. beauty,711.0,4.9,116.0,60.00,USD,clean beauty,https://shop.tiktok.com/us/pdp/r-e-m-beauty-ozian-forest-eyeshadow-palette-vibrant-metallics-duo-chromes-rich-mattes/1731854246348755323
414,"Serum 15% Niacinamide Giúp Dưỡng Sáng, Mịn Màng Neogen Dermalogy Real Niacinamide Serum 30ml",VN,Neogen Lab VN,704.0,4.6,45.0,513.035,VND,niacinamide serum,https://shop.tiktok.com/vn/pdp/serum-15-niacinamide-neogen-dermalogy-30ml-duong-trang-muot/1729717608630618239
415,มาส์กคอลลาเจน + ครีมชาร์ลอตต์  คอลลาเจนมาส์กครีม IMME ขนาด 10g./ครีมชาล็อตต์ Charlotte ขนาด 7.5 g. Mask สกินแคร์ ผิวหน้า บำรุง Skincare,TH,pamika4569,692.0,4.9,48.0,310.00,THB,collagen cream,https://shop.tiktok.com/th/pdp/mas-kkh-ol-la-echn-khrim-cha-r-ol-tt-samhrab-duael-phiwhna-khnad-10g-7-5-g/1730280688167651693
416,Body Lotion 260ml โลชั่นบำรุงผิวกายที่มีกลิ่นหอม บำรุงผิวที่แห้งกร้านให้ดีขึ้น กลิ่นหอมติดทนนาน,TH,LAMWIN,691.0,4.8,83.0,43.00,THB,body lotion,https://shop.tiktok.com/th/pdp/1735235649445070595
417,Oxecure Ultra Gentle Moisturizer 75ml ครีมบำรุงผิวหน้า เนื้อครีมบางเบาสูตรอ่อนโยนพิเศษ สำหรับผิวบอบบางแพ้ง่าย มอยเจอร์ไรเซอร์ ผิวชุ่มชื้น,TH,THAI ALL SHOPPING,690.0,4.9,85.0,284.00,THB,sensitive skin moisturizer,https://shop.tiktok.com/th/pdp/oxecure-ultra-gentle-moisturizer-75ml-khrim-namhom-oonoyn/1729650529043908756
418,เดอะเดย์ เซรั่ม ไนอะซินาไมด์ 10% 2 แถม 2 ขวด - THE D.A.Y. Niacinamide serum ส่งตรงจากโรงงาน,TH,เดอะ เดย์ เซรั่ม,687.0,4.6,89.0,176.00,THB,niacinamide serum,https://shop.tiktok.com/th/pdp/es-ram-bamrung-phiwhna-the-d-a-y-serum-khnad-30-ml-samhrab-phuhying/1731542550862726927
419,"Medicube PDRN Pink Peptide Serum 30ml - Moisturizing Firming Moisturizing Serum with Hyaluronic Acid for Radiant Skin Repair, Sensitive & All Skin Types, 12-Month Shelf Life Support, Moisturize, Hydrate",US,Unineed US,680.0,4.9,50.0,28.99,USD,peptide serum,https://shop.tiktok.com/us/pdp/pdrn-pink-peptide-serum-30ml-by-medicube-for-hydration-and-elasticity/1730810954922299825
420,BMCN SKIN Serum Giảm Nám Spot Brightening Serum Hỗ Trợ Giảm Nám Thâm Sạm Cải Thiện Đốm Nâu Dưỡng Sáng Đều Màu Da,VN,BÁC MAI CHUYÊN NÁM,678.0,4.8,22.0,549.377,VND,brightening serum,https://shop.tiktok.com/vn/pdp/1737109006067467624
421,See To Nine Niacinamide 10% + Zinc 1% Brightening Serum (เน้นความกระจ่างใสและบำรุงผิว),TH,B&P Brand,677.0,4.9,92.0,239.00,THB,brightening serum,https://shop.tiktok.com/th/pdp/si-thu-ainn-es-ra-ml-d-chuddang-dam-10-na-i-si-na-ai-md-1-sangkasi/1731203143042630841
422,[VIC x Hannah]Dầu gội ngăn ngừa và giảm rụng tóc Vichy Dercos Energy + Shampoo Hairloss 200ml giúp tóc chắc khỏe và dày dặn hơn_haircare nam và nữ_ dùng được trên mọi nền da đầu nhạy cảm,VN,Vichy Vietnam,672.0,4.8,31.0,443.516,VND,hair loss shampoo,https://shop.tiktok.com/vn/pdp/1735585462074508987
423,JUMISO Tinh Chất Niacinamide 20% Serum 40ml Cải Thiện Thâm Sạm Hỗ Trợ Sáng Da,VN,Tina Beauty Mỹ Phẩm Chính Hãng,671.0,4.8,46.0,314.103,VND,niacinamide serum,https://shop.tiktok.com/vn/pdp/tinh-chat-niacinamide-20-serum-duong-da-sang-min-40ml/1732696103380354660
424,(รับตรงโรงงานเกาหลี)Yuhan Vitamin C  1000mg วิตามินซีพี่จุน วิตามินซียูฮัน,TH,Koreacareskin,664.0,4.8,77.0,282.24,THB,korean skincare,https://shop.tiktok.com/th/pdp/ckd-retinol-mask-ertinol-mas-kh-na-ekahli-aich-ngay-bamrung-phiw/1729433953517865364
425,"Combo 1 kem cốt trắng collagen 20gr, 1 sữa rửa mặt lúa mạch collagen 70ml tặng 1 serum meso 5ml Skincare Massage",VN,Ngọc Vương cosmetics 3979,662.0,4.7,59.0,227.297,VND,collagen cream,https://shop.tiktok.com/vn/pdp/combo-kem-com-trang-collagen-serum-meso-tang-70ml-5ml/1730569578897836526
426,"I DEW CARE Korean Sheet Mask 14 Day Routine Treatment Set (14 sheets) l Let’s Get Sheet Faced | 14-Day Intense Skincare Makeover with Collagen and Tea Tree Oil l Hydrating Brightening Calming, Skincare Ultra-Moisturizing",US,I Dew Care,657.0,4.7,82.0,27.00,USD,face mask sheet,https://shop.tiktok.com/us/pdp/i-dew-care-14-day-korean-sheet-mask-set-collagen-tea-tree-oil-hydrating-brightening-skincare/1729441826961527220
427,DR.ALTHEA 147 BARRIER CREAM 50 ML เสริมเกราะป้องกันผิว บำรุงผิวอย่างล้ำลึก,TH,Dr.Althea.th,651.0,4.9,55.0,913.00,THB,barrier repair cream,https://shop.tiktok.com/th/pdp/dr-althea-147-barrier-cream-50ml-sutr-ekhmkhn-pkpong-phiw/1732158544039216556
428,"Dr.Mopick Advanced Vitamin C Brightening Complex Dual Chamber Serum - Korean Vitamin C Serum, Niacinamide Radiance, Reparative, Moisturizing, Hydrating Day-Night Face Care Skin Repair",US,Dr. Mopick Glow,642.0,4.5,55.0,25.99,USD,vitamin c serum,https://shop.tiktok.com/us/pdp/dr-mopick-vitamin-c-dual-chamber-serum-niacinamide-hydrating-moisturizer/1732387144851755820
429,"Hyaluronic Acid Firming Serum, Facial Serum used for moisturizing and firming, suitable for all Light Beige types, Firming Deep Hydration",US,marrwar,639.0,4.3,73.0,3.13,USD,hyaluronic acid serum,https://shop.tiktok.com/us/pdp/hyaluronic-acid-firming-serum-moisturizing-firming-suitable-for-all-skin-types/1731964283381584024
430,MEERACLE TXA MULTI BRIGHT BOOSTER ( Tranexamic Acid 3% & Succinic Acid 2% ) Serums Pudarkan Hitam Wajah Glowing,MY,MEERACLE.CHERAS Cindy,639.0,4.8,157.0,58.00,MYR,tranexamic acid serum,https://shop.tiktok.com/my/pdp/meeracle-txa-booster-warna-cerah-dengan-tranexamic-acid/1729609434285181653
431,SERUM VITAMIN C 20ml - Tabita Skincare,MY,Tabita Skincare HQ,638.0,4.7,69.0,40.00,MYR,vitamin c serum,https://shop.tiktok.com/my/pdp/serum-vitamin-c-20ml-mencerahkan-menghalus-kulit-wajah/1729634168436983049
432,[A] CERADIN (5X) 100G CERAMIDE MOISTURIZER SKIN BARRIER CREAM | Anti-Itch for Sensitive & Very Dry Skin (Face & Body) | Krim Ceramide Pelembap Skin Barrier | Anti Gatal Kulit Sensitif & Kering Teruk,MY,Dr Maryam Aziz,636.0,4.9,86.0,68.00,MYR,ceramide cream,https://shop.tiktok.com/my/pdp/1735130127787722638
433,มาสก์ทองคำ VEEDAA ให้ความชุ่มชื้น ผิวทุกประเภท  Mask สกินแคร์ Skincare คอลลาเจน,TH,VandaVeedaa,633.0,4.9,95.0,944.00,THB,vegan skincare,https://shop.tiktok.com/th/pdp/mask-fuenfu-phiw-dwy-veedaa-gold-collagen-overnight-mask/1729602082090420326
434,jerawat mexcha limited,MY,mexcha beauty,631.0,5,210.0,"1,198.90",MYR,clean beauty,https://shop.tiktok.com/my/pdp/5x-whitening-travel-new-mencerahkan-kulit-bersihkan-kotoran/1736765394481350582
435,Nixoderm Intensive Moisturizing Lotion Vitamin Body Care Sensitive Skin Sensitive,MY,Nixoderm MY,628.0,4.9,114.0,14.37,MYR,sensitive skin moisturizer,https://shop.tiktok.com/my/pdp/nixoderm-losyen-melembapkan-intensif-untuk-kulit-sensitif-vitamin-b5-dan-e-tanpa-paraben/1729494158600865629
436,"[Dr.Althea Official] Melaclear Cream - Evens skin tone while soothing and hydrating, Lightweight, Vegan Formula, Korean skincare",US,Dr.Althea US,625.0,4.7,36.0,38.74,USD,vegan skincare,https://shop.tiktok.com/us/pdp/dr-althea-melaclear-cream-even-skin-tone-hydrating-soothing/1732276910210323354
437,เจลลี่มาส์ก เกาหลี [ส่งฟรี ของแท้] Medi Answer  CKD สกินแคร์ face mask ใบหน้า คอลลาเจน Skincare บำรุง ความชุ่มชื้น ผิวหน้า,TH,Minkorea Japan,617.0,5,40.0,82.00,THB,korean skincare,https://shop.tiktok.com/th/pdp/medi-answer-ckd-face-mask-samhrab-eriyb-eniyn-phiwhna-phlitphanth-duael-phiwhna-aebb-ekhmkhn/1730635939084929956
438,Kem Dưỡng Image Retinol AGELESS Total Retinol A Crème 14.2gr,VN,HiSkin Store,616.0,5,35.0,1.289.872,VND,retinol cream,https://shop.tiktok.com/vn/pdp/kem-duong-image-retinol-ageless-total-retinol-a-creme-14-2gr/1733234375946372987
439,Clera Glow Serum 10% niacinamide,MY,nureishatarmizi,613.0,4.5,94.0,20.00,MYR,niacinamide serum,https://shop.tiktok.com/my/pdp/1729428356127164571
440,Lược Gội Đầu Hotosu Massage Cao Cấp Premium Scalp Massaging Shampoo Brush | HASAKI BEAUTY,VN,Hasaki Vietnam Official,605.0,4.6,40.0,74.506,VND,hair loss shampoo,https://shop.tiktok.com/vn/pdp/luoc-goi-dau-hotosu-premium-massage-da-dau-lam-sach-de-dang/1730479847976110839
441,"A5 _ soHERBs - Tinh Chất Hỗ Trợ Dưỡng Trắng Da - PEPTIDE WHITENING SERUM 20ML Hỗ Trợ Dưỡng Trắng, Giúp Làm Sáng Đều Màu Da - Tặng Kèm 1 Gói Sữa Rửa Mặt Qua Dưỡng Ẩm Da Skincare Nữ",VN,soHERBs,598.0,5,42.0,404.987,VND,peptide serum,https://shop.tiktok.com/vn/pdp/tinh-chat-duong-trang-da-soherbs-lam-min-thom-cho-da/1733079174464374587
442,DR. RASHEL Vitamin A RETINOL Night Cream 50g Krim Malam Anti-penuaan & Hidratkan Kulit,MY,BeautyOEM,598.0,4.9,159.0,10.15,MYR,retinol cream,https://shop.tiktok.com/my/pdp/krim-mata-dr-rashel-vitamin-a-retinol-anti-penuaan-hidrasi/1729547553290355941
443,Serum Co&K’lear Niacinamide 20% 30ml,VN,Kiều Oanh Cosmetics,592.0,4.9,54.0,334.953,VND,niacinamide serum,https://shop.tiktok.com/vn/pdp/serum-clear-niacinamide-20-duong-da-toi-uu-30ml/1732542878862116372
444,[The INKEY List] Salicylic Acid Exfoliating Gel Cleanser - Skincare for Breakouts - 150ml,US,The INKEY List,590.0,4.7,292.0,18.00,USD,salicylic acid cleanser,https://shop.tiktok.com/us/pdp/salicylic-acid-cleanser-by-the-inkey-list-150ml-gel-for-acne-and-oily-skin/1729597264725316146
445,"Glow Recipe Korean Prickly Pear Peptide Mucin 40ml Bottle - Vegan Adults' Glow Beauty Serums & Essences, Peptides + Cactus Face Serum that Hydrates, Soothes, Restores Skin Barrier, Gentle for Sensitive Skin",US,Glow Recipe,587.0,4.7,81.0,32.00,USD,vegan skincare,https://shop.tiktok.com/us/pdp/glow-recipe-prickly-pear-peptide-mucin-serum-vegan-81/1731673088542151481
446,"[SKINTIFIC] Pure Vitamin C Brightening Serum for face with 10% L-Ascorbic Acid, Fades Dark Spots, Evens Skin Tone, Boosts Radiance, Duo Chamber Fresh Lock Technology, Glow C + Brightenyl",US,SKINTIFIC US Store,584.0,4.4,72.0,23.27,USD,vitamin c serum,https://shop.tiktok.com/us/pdp/vitamin-c-serum-by-skintific-brightens-skin-fades-dark-spots-hydrating/1731744874501345400
447,[GIFT] Kem dưỡng phục hồi da Real Barrier Extreme Cream Light 10ml,VN,Real Barrier,578.0,0,0.0,542.654,VND,barrier repair cream,https://shop.tiktok.com/vn/pdp/kem-duong-real-barrier-extreme-cream-light-10ml-duong-am-lam-diu-da-nhay-cam/1731357385200994270
448,combo glowing oat & mizz jerawat,MY,mexcha beauty,577.0,4.9,211.0,"1,198.90",MYR,clean beauty,https://shop.tiktok.com/my/pdp/1736757497147918262
449,"7% Glycolic Acid Exfoliating Toner - Daily Use, Acne Care, Pore Minimizing, Smooth Skin, Even Tone, Hydrating Formula for All Skin Types (exfoliate)",US,bkncr,569.0,4.7,89.0,6.99,USD,exfoliating toner,https://shop.tiktok.com/us/pdp/sadoer-7-glycolic-acid-exfoliating-toner-pore-minimizer-hydrating/1732244606613951356
450,"[Official Shop] Green Tomato Pore Detox Duo Deep Cleanse Set - Vegan Facial Clay Mask Cleanser, Pore Cleaning Brush, Daily Porefection Skincare Kit",US,FULLY Skincare,561.0,4.8,30.0,35.90,USD,vegan skincare,https://shop.tiktok.com/us/pdp/fully-green-tomato-pore-detox-duo-clay-mask-brush-120ml/1732551436088283544
451,【LIVE พิเศษ】 ผ่านการรับรองจาก FDA Teashell  Niacinamide  ครีมเซรั่มไนอาซินาไมด์ 50มล. + เซรั่มไนอาซินาไมด์ 5% 30ml  – ช่วยปรับสีผิวให้สม่ำเสมอ ลดเลือนจุดด่างดำ บำรุงและซ่อมแซมเกราะป้องกันผิว,TH,Teashell Thailand,554.0,4.9,56.0,225.27,THB,niacinamide serum,https://shop.tiktok.com/th/pdp/1737347795025560795
452,CBG Devices Blackhead Remover เครื่องดูดสิวเสี้ยนอเนกประสงค์ ปรับแรงดูดได้ ฟรีหัว 4 แบบ ชาร์จแบตได้ (BHR),TH,CBG Thailand,550.0,4.7,52.0,727.31,THB,blackhead remover,https://shop.tiktok.com/th/pdp/cbg-devices-blackhead-remover-ekhrueong-siw-eyn-4-haw-prab-aerng-aid/1729582421507869504
453,"SLMD Salicylic Acid Cleanser - Exfoliates, Clears Pores, Treats and Prevents Active Acne - Created by Dr. Pimple Popper",US,"SLMD, by Dr Pimple Popper",542.0,4.7,230.0,21.95,USD,salicylic acid cleanser,https://shop.tiktok.com/us/pdp/salicylic-acid-cleanser-by-slmd-skincare-0-5-exfoliating-gel-wash/1729436417948225913
454,"Tổng Hợp Các Sản Phẩm Chứa Azelaic  - Hỗ Trợ Thâm Đen,Thâm Đỏ Sau Mụn",VN,Songnhi Pharmacy,533.0,4.7,23.0,137.118,VND,azelaic acid,https://shop.tiktok.com/vn/pdp/1734728671315068315
455,"Body Lotion Sữa Dưỡng Thể Nội Địa Mỹ 236ml – Dưỡng Ẩm Sâu, Thơm Lâu, Da Mềm Mịn Cả Ngày",VN,Dan Thuy Corner,533.0,4.8,59.0,379.771,VND,body lotion,https://shop.tiktok.com/vn/pdp/body-lotion-sua-duong-the-noi-dia-my-236ml-duong-am-huong-nong/1731906053152147497
456,Mix duy trì sau khi tái tạo,VN,Mix tái tạo da,532.0,4.8,59.0,170.358,VND,post procedure skincare,https://shop.tiktok.com/vn/pdp/mix-duy-tri-sau-khi-tai-tao-san-pham-cham-soc-da-hieu-qua/1731753511492027606
457,Tinh Chất Tự Sinh Chống Lão Hóa Thế Hệ Thứ 4 THE WHOO Bichup Ultimate Recovery Youth Serum,VN,ThơmPhùngOhui94,528.0,5,37.0,533.022,VND,anti aging serum,https://shop.tiktok.com/vn/pdp/serum-bichup-seft-essence-chong-lao-hoa-duong-am-da/1730915210068200327
458,[DUY NHẤT 21 - 23.09] Dưỡng chất (serum) Kiehl's Clearly Corrective Dark Spot Solution 30ml,VN,Kiehl's Việt Nam,526.0,4.4,27.0,1.788.755,VND,dark spot corrector,https://shop.tiktok.com/vn/pdp/serum-kiehls-clearly-corrective-dark-spot-solution-30ml/1730286337433766575
459,TONER/SPRAY skin all type (AURASKINCARE),MY,Nour manes Beauty,522.0,4.8,56.0,23.00,MYR,pore care toner,https://shop.tiktok.com/my/pdp/toner-appleskincare-untuk-kulit-kusam-terang-lembut/1729579257786632255
460,"[NEW] NAD+ Firming Face Care Serum, Peptides & Collagen Rich Collagen Extract, Fresh Anti-Aging Formula, Plumping, Radiance Boosting, Targets Fine Lines, Enhances Skin Elasticity (30ml/1fl. oz.), Korean Skincare Serum Form",US,Mirabelle,518.0,4.3,60.0,22.09,USD,anti aging serum,https://shop.tiktok.com/us/pdp/firming-face-care-serum-anti-aging-30ml-k-beauty/1732545634805649663
461,"KEM FACE - TRỊ MỤN , TRẮNG DA ( HỖ TRỢ GIẢM THÂM , SẠM )",VN,TUYẾT TRÂN Louis,516.0,4.9,33.0,85.986,VND,acne treatment,https://shop.tiktok.com/vn/pdp/kem-face-tri-mun-trang-da-tran-cem-cham-soc-da-hieu-qua/1732941246050043646
462,ZiiiT Skin Barrier Moisture Cream 30g. ครีมบำรุงผิวหน้า สูตรเติมความชุ่มชื้น.,TH,ZiiiT,515.0,4.9,69.0,194.00,THB,barrier repair cream,https://shop.tiktok.com/th/pdp/ziiit-skin-barrier-moisture-cream-30g-khrim-namman-samhrab-phiw-aeph-ngay-duael-phiw-pingzhang/1731333238284651394
463,Kem Chống Nắng Vegan - Phù hợp cho da nhạy cảm - VEGAN UV SUNCREAM SPF 50+ (Size 40ml),VN,Như Hằng Store,514.0,4.9,99.0,335.440,VND,vegan skincare,https://shop.tiktok.com/vn/pdp/kem-chong-nang-vegan-spf-50-danh-cho-da-nhay-cam-size-40ml/1729606237718284291
464,Combo 2 Serum Hỗ Trợ Làm Sáng Mờ Thâm Sạm & Căng Bóng Da - SUPER BRIGHTENING ESSENCE 30ml,VN,Define skin,511.0,4.9,50.0,245.242,VND,brightening serum,https://shop.tiktok.com/vn/pdp/serum-lam-sang-da-cang-bong-da-many-colors-30ml-ho-tro-mo-tham/1731518421302347368
465,"Serum giúp dưỡng sáng, làm mờ vết nám DÉPIDERM ANTI-DARK SPOT SERUM - BRIGHTENING BOOSTER 30ml Women Nữ Làm Đẹp Da Vitamin C",VN,Uriage,511.0,4.7,40.0,1.160.096,VND,brightening serum,https://shop.tiktok.com/vn/pdp/serum-duong-sang-lam-mo-nam-uriage-depiderm-30ml-vitamin-c/1729935572580993252
466,(1 ซอง)Rojukiss โรจูคิส Pore Bright 10 Whitening Serum 1 ซอง ปริมาณ 8 ml. ด้วย Niacinamide และ Tranexamic สำหรับผิวขาวกระจ่างใส,TH,Lumiere .Thai,509.0,4.8,22.0,19.63,THB,tranexamic acid serum,https://shop.tiktok.com/th/pdp/1736982742261466644
467,"Naturium Tranexamic Topical Acid 5, Face & Skin Care Serum, with Kojic Acid, Niacinamide & Licorice Root, 1 oz",US,Naturium,506.0,4.9,29.0,27.95,USD,tranexamic acid serum,https://shop.tiktok.com/us/pdp/tranexamic-topical-acid-5-serum-by-naturium-brightens-dark-spots/1729781658970067350
468,BK Acne Booster Serum Centella บูสเตอร์เซรั่ม สำหรับผู้มีปัญหาสิว ผิวแพ้ง่าย บรรจุ 6 ซอง 8 กรัมต่อซอง ด้วย Salicalic Acid Madewhite และ VitaminB6 ไม่เหนอะหนะ ใช้ได้ทุกสภาพผิว,TH,BK Thailand,504.0,4.9,50.0,348.00,THB,centella serum,https://shop.tiktok.com/th/pdp/bk-acne-booster-serum-centella-ld-siw-eyn-bamrung-phiw-eriyb-eniyn/1729430055979944329
469,Hi!papa Kids Sunscreen Mineral SPF50 Waterproof PA+++ UV Protection for Sensitive Skin-D,US,Hipapa USA,499.0,4.8,57.0,17.99,USD,sunscreen spf50,https://shop.tiktok.com/us/pdp/kids-sunscreen-waterproof-spf50-from-hipapa-for-sensitive-skin/1729479628900833234
470,Sữa Rửa Mặt Ph5 Cho Da Nhạy Cảm Eucerin Facial Cleanser Sensitive Skin 400ml,VN,Picare Việt Nam,493.0,4.9,37.0,398.951,VND,sensitive skin moisturizer,https://shop.tiktok.com/vn/pdp/sua-rua-mat-eucerin-ph5-400ml-cho-da-nhay-cam-diu-nhe-an-toan/1731886514344463127
471,"[SKIN1004] Madagascar Centella Ampoule 100ml, Face Moisturizer, Facial Hydrating Serum for All Skin Types, Moisture Booster for Dry Skin,Korean Skincare, Leightweight Caming Serum, Viral Centella Ampoule",US,StyleKorean US,489.0,4.9,42.0,25.94,USD,centella serum,https://shop.tiktok.com/us/pdp/skin1004-madagascar-centella-ampoule-100ml-lightweight/1729406075655721580
472,"MAC Kaizen Studio Fix Fluid SPF 15 | Kem nền dưỡng da, độ che phủ linh hoạt từ trung bình tới cao, dành cho da thường và da dầu - kem nền bán chạy cho lớp nền lì mềm mịn",VN,MAC Cosmetics Vietnam,483.0,4.7,32.0,973.831,VND,makeup foundation,https://shop.tiktok.com/vn/pdp/mac-kaizen-studio-fix-fluid-spf-15-kem-nen-duong-da-che-phu-linh-hoat/1733714218065889050
473,BEAUTYWIS LOOSE ITEM,MY,Qist Beauty,483.0,4.9,74.0,10.70,MYR,clean beauty,https://shop.tiktok.com/my/pdp/beautywis-loose-item-set-kecantikan-ori-masalah-muka-teratasi/1729597700920805966
474,"[Blanc Nature Official Shop] Calming Serum for Face, Soothing & Hydrating Facial Serum for Sensitive Skin, Lightweight Daily Care with Hyaluronic Acid, Centella Asiatica & Panthenol, Korean Skincare for Glass Skin, 1.01 fl oz",US,Blanc Nature US Store,480.0,4.7,42.0,27.95,USD,centella serum,https://shop.tiktok.com/us/pdp/calming-serum-for-sensitive-skin-hydrating-soothing-1-01-fl-oz/1732136943074054982
475,Brogel 5ml sensitive skin gel,MY,imaluxury_beauty,478.0,4.5,72.0,17.00,MYR,sensitive skin moisturizer,https://shop.tiktok.com/my/pdp/canax-gel-sensitif-kulit-untuk-lelaki-sesuai-untuk-kulit-sensitif/1729521308843870670
476,"Ceramide Repair Cream 30g – Barrier Support Gel Cream with Ceramides, Niacinamide & Panthenol",TH,SHIK BEAUTY,474.0,4.8,65.0,387.00,THB,barrier repair cream/ceramide cream,https://shop.tiktok.com/th/pdp/khrim-somaesm-esra-ai-md-30g-shik-beauty-chwy-khng-khwamchumchuen-aela-esrim-ekraa-phiw/1734426573078365229
477,"[Official Medicube Partner] Triple Collagen Cream 4.0 50ml - Boosts Elasticity, Wrinkle Care, Pore care",US,StyleKorean US,473.0,4.9,45.0,31.79,USD,collagen cream,https://shop.tiktok.com/us/pdp/triple-collagen-cream-4-0-50ml-moisturizes-nourishes/1732252290269352556
478,[EXFOLIATING TONER] The Ordinary. Glycolic Acid 7% Exfoliating Toner (240ml) toner pad viral magic toner filia,MY,MY the ordinary.os,472.0,4.1,43.0,18.86,MYR,exfoliating toner,https://shop.tiktok.com/my/pdp/1736742963928205145
479,มาส์กหน้าวิตซีน้องฉัตร Vit C Bio Facial Mask ชีทมาส์ก ขนาด 33ml. x 1 กล่อง มี 6 ซอง,TH,มะปรางบิ้วตี้แอนด์คอสเมติก,467.0,4.9,30.0,43.00,THB,face mask sheet,https://shop.tiktok.com/th/pdp/vit-c-bio-facial-mask-samhrab-phiwkhaw-krachang-ais-khnad-33ml-x1-klong-mi-6-song-ain-aetla-klong/1729604887690315944
480,100pcs Disposable Non-Woven Fabric Face Mask Paper  DIY Facial Masque Sheet,MY,ANLOOY,466.0,4.8,68.0,6.83,MYR,face mask sheet,https://shop.tiktok.com/my/pdp/100pcs-topeng-muka-kain-bukan-tenunan-sekali-pakai-untuk-diy/1729580213084062795
481,"Avatara Collagen Moisturizing Hydrogel Mask - 15 Pack | Advanced K-Beauty Mask Technology for Dry, Stressed-Out Skin | Clean, Vegan & PETA-Approved | Promotes Nourished, Glass-Like Skin That Glows | Dermatologist-Tested",US,Avatara Skin,455.0,4.8,53.0,21.02,USD,vegan skincare,https://shop.tiktok.com/us/pdp/avatara-collagen-hydrogel-mask-15-pack-vegan-peta-approved/1732396839821546083
482,COSRX Official เซรั่มไฮยาลูรอน 3% Hyaluronic Acid 3 Serum อะมิโน แอซิด + เซราไมด์ เอ็นพี ผิวเนียน ชุ่มชื่น อิ่มน้ำ Skincare,TH,COSRX Thailand Official,451.0,4.8,46.0,457.38,THB,hyaluronic acid serum,https://shop.tiktok.com/th/pdp/cosrx-es-ram-aih-ya-lu-ron-3-hyaluronic-acid-serum-samhrab-phiwhna/1730086743030794911
483,Serum Vitamin C sáng da mờ thâm nám tàn nhang dưỡng da chiết xuất Sơ-ri Cỏ Mềm 30gr,VN,Cỏ Mềm Miền Nam,451.0,4.7,22.0,522.611,VND,vitamin c serum,https://shop.tiktok.com/vn/pdp/serum-vitamin-c-co-mem-sang-da-mo-tham-nam-an-toan-cho-ba-bau/1732249428489112487
484,1H KONE THÁI LAN YẾN OANH YO,VN,KhaNguyen01,451.0,4.8,30.0,118.721,VND,korean skincare,https://shop.tiktok.com/vn/pdp/1734141684590543952
485,เรตินอลครีม SKINPASTEL RITINAL X5 ELASTIN CREAM 30 ml.(ฉลากไทย),TH,อนนี่เคช๊อป,447.0,4.9,68.0,208.00,THB,retinol cream,https://shop.tiktok.com/th/pdp/ertinol-khrim-skinpastel-ritinal-x5-elastin-cream-30ml/1729690289894099781
486,toner trial 30ml untuk kecilkan pori dan awet muda,MY,Rinie Firny,442.0,4.9,64.0,17.50,MYR,pore care toner,https://shop.tiktok.com/my/pdp/toner-30ml-untuk-kecilkan-pori-awet-muda-dan-cerahkan-kulit/1729609043646843743
487,Sữa dưỡng ẩm dịu lành cho da nhạy cảm CETAPHIL MOISTURIZING LOTION 236ML,VN,cetaphilvietnam,440.0,4.2,29.0,477.757,VND,sensitive skin moisturizer,https://shop.tiktok.com/vn/pdp/sua-duong-am-diu-lanh-cho-da-nhay-cam-237ml-cetaphil/1731141768095893519
488,LANE Moisturising Cream ceramide เซราไมด์ ขนาด 30g,TH,WARASURE,439.0,5,62.0,222.00,THB,ceramide cream,https://shop.tiktok.com/th/pdp/khrim-namman-samhrab-phiw-30ml-sutr-namman-thrrmchati-bamrung-lamluek/1731692251774028562
489,Mayrita centella ka serum,TH,กัส168,438.0,4.9,45.0,296.00,THB,centella serum,https://shop.tiktok.com/th/pdp/1736633774166017864
490,"Kem Ezanic Azelaic Acid 20% 15g  Giảm Mụn, Giảm Thâm Mụn",VN,Civyvy,437.0,4.8,29.0,143.327,VND,azelaic acid,https://shop.tiktok.com/vn/pdp/kem-ezanic-azelaic-acid-20-15g-giam-mun-tham-hieu-qua/1729672330087729836
491,"Freshiny 100G*1Pcs Salicylic Acid Anti-Acne Facial Cleanser, The Core 0.5% Salicylic Acid Penetrates Deep Into The Pores To Clear Acne, Niacinamide Brightens The Skin, 3X Mild And Surfactant Blessing, Gently Cleanses The Skin Without Irritation.",MY,freshinystore.my,437.0,4.7,50.0,17.10,MYR,salicylic acid cleanser,https://shop.tiktok.com/my/pdp/freshiny-pembersih-jerawat-asid-salisilik-100g-niacinamide/1729745760410044113
492,"Bee Venom Collagen Face Cream, Firming & Hydrating Facial Moisturizer for Smoother-Looking Skin, Nourishing Daily Skincare for Face & Neck, All Skin Types, 0.71 oz",US,Serene Skin Studio,434.0,4.3,87.0,14.27,USD,collagen cream,https://shop.tiktok.com/us/pdp/botox-bee-venom-anti-aging-cream-wrinkle-removal-firming/1732323719461638356
493,[RoC Skincare] DERM CORREXION Eye Repair Dark Circle Cream,US,ROC,434.0,4.6,44.0,50.69,USD,eye cream dark circle,https://shop.tiktok.com/us/pdp/eye-repair-dark-circle-cream-by-roc-patented-retinol-hypoallergenic/1731354982329651919
494,sabun loose mimie BEAUTY hq,MY,TIE BETTY,434.0,4.9,60.0,18.00,MYR,clean beauty,https://shop.tiktok.com/my/pdp/sabun-loose-mimie-beauty-hq-untuk-kulit-bersih-dan-segar/1731951522480227481
495,"SoloVegan SPF 60 Facial Sunscreen Moisturizer (40ml Bottle) - Non-Toxic, Cruelty-Free, Lightweight UV Protection for Face with Peptides, Vitamin C, Hyaluronic Acid, No White Cast, Brightening, Firming, Targets Uneven Skin Tone, Suitable for All Skin Types",US,SoloVegan Skincare,429.0,5,190.0,18.99,USD,vegan skincare,https://shop.tiktok.com/us/pdp/spf-60-sunscreen-with-peptides-vitamin-c-firming-brightening/1732349187070923088
496,[NEW LAUNCH]XXT 377 Hydrating & Firming Body Lotion 500ML Mencerahkan Losyen pelembap badan Infuses Skin with Moisture Niacinamide-Infused Fresh Fragrance 24H Moisture Lock Moisturizers Kulit Kering,MY,XXT-STORE,428.0,4.7,33.0,33.33,MYR,body lotion,https://shop.tiktok.com/my/pdp/1734445970688673450
497,PURITO SEOUL | WONDER RELEAF CENTELLA SERUM UNSCENTED 60 ml. | วันเดอร์ รีลีฟ เซนเทลล่า เซรั่ม อันเซ็นต์ 60 ml. บำรุงผิวหน้าเนื้อบางเบา ช่วยปลอบประโลมผิว,TH,Purito Seoul Thailand,426.0,5,49.0,579.00,THB,centella serum,https://shop.tiktok.com/th/pdp/es-ram-bamrung-phiwhna-purito-wonder-releaf-centella-serum-60ml/1732617466287851036
498,Bàn chải rửa mặt silicon- Bàn chải tẩy tế bào chết làm sạch lỗ chân lông nhỏ gọn Cho Bé tk1511,VN,Tổng kho 1511,423.0,4.6,34.0,17.807,VND,facial cleansing brush,https://shop.tiktok.com/vn/pdp/ban-chai-rua-mat-silicon-mini-cho-be-tay-te-bao-chet-massage-da-mat/1732260813198756539
499,EverySkin [เช็ท Barrier Repair Set] Every Barrier Booster Cleanser + Every Soothing Double Barrier Cream,TH,EverySkinTH,417.0,4.9,34.0,"1,344.00",THB,barrier repair cream,https://shop.tiktok.com/th/pdp/est-bamrung-phiwhna-every-skin-ekhrueongsamoang-bamrung-phiw-songchan/1732039865179211413
500,อีส-สกิน/มูดส์ แผ่นมาส์กหน้า EAST-SKIN/Moods Facial Mask Sheet 38ml. สกินแคร์ Skincare,TH,DKskinshop เครื่องสำอาง,416.0,4.9,51.0,33.00,THB,face mask sheet,https://shop.tiktok.com/th/pdp/aephn-mas-kh-na-east-skin-moods-khnad-38ml-samhrab-bamrung-phiw/1730201238419704041
501,"Tattoo Aftercare 2.6oz Cream for Before, During, and After Tattoo Process - Scar Repair, Gel, and Protective Balm for New & Older Tattoos",US,GOIPLE CARE,415.0,4.3,43.0,13.04,USD,post procedure skincare,https://shop.tiktok.com/us/pdp/tattoo-aftercare-cream-2-6oz-by-goiple-healing-balm-for-new-older-tattoos/1730854448335065315
502,"YANYUTONG 7-in-1 500ml Functional Mushroom Shampoo (Black, Red, Chestnut, Dark Shades) with Reishi & Polygonum Multiflorum - Haircare for Hair Aging Slowdown, Shine, Strength, Follicle Nutrition, Hair Loss Prevention",US,Natural Workshop,413.0,4.4,59.0,19.50,USD,hair loss shampoo,https://shop.tiktok.com/us/pdp/yanyutong-7-in-1-500ml-shampoo-with-reishi-polygonum/1732185461162676971
503,"Pharmlitalia Azelaic Acid 15 Acne Cream for Face - Redness Relief, Rosacea Treatment for Face - Soothes Acne, Hyperpigmentation, Enhanced Formula for Brighter, Healthier Skin Care",US,Pharmlitalia Shop,412.0,4.7,23.0,54.98,USD,azelaic acid,https://shop.tiktok.com/us/pdp/1732447713585370017
504,"【COD】Freshiny Salicylic Acid Acne Cleanser 100g*1pcs, 0.5% Salicylic Acid Directly Hits The Source Of Acne, Niacinamide Repairs And Brightens, Gentle Foaming, Cleans And Controls Oil In One Step",MY,Freshiny-Official-Store,412.0,4.9,80.0,17.00,MYR,salicylic acid cleanser,https://shop.tiktok.com/my/pdp/kulit-bersih-cerah-dengan-pembersih-jerawat-0-5-sa/1730600087007299107
505,"[TycKcy PDRN Anti-aging Serum Set]Anti-aging, reduces fine lines & wrinkles, oil-controlling & moisturizing, lightweight non-greasy. Enriched with salmon DNA and beta-glucan to calm sensitive red skin; fits dry, oily, combination & sensitive skin.",US,TycKcy,410.0,4.8,33.0,63.38,USD,anti aging serum,https://shop.tiktok.com/us/pdp/tyckcy-pdrn-anti-aging-serum-set-reduces-fine-lines-wrinkles/1732446550399226182
506,"Mineral Sunscreen SPF 50+ Hydrating Face Lotion - Broad-Spectrum Zinc Oxide Protection, Soothing Aloe Vera, Hyaluronic Acid for Daily Hydration and Lightweight, Non-Greasy Finish",US,Skinovo,409.0,4.9,46.0,25.50,USD,sunscreen spf50,https://shop.tiktok.com/us/pdp/sunscreen-spf-50-by-brand-mineral-formula-with-aloe-hyaluronic-acid/1729515860145181370
507,HERBITAGE Advanced ENCAP RetinAL Concentrate 29.8 Anti-Aging Serum (Encap Retinal + Melatonin + Adenosine) เพื่อผิวแลดูอ่อนเยาว์,TH,Herbitage Store,409.0,5,42.0,664.00,THB,anti aging serum,https://shop.tiktok.com/th/pdp/herbitage-es-ram-bamrung-phiwhna-29-8-samhrab-phiw-aehng-aela-aim-mak/1729462014644947091
508,"Divine Derriere Intimate Dark Spot Remover for Body, Face, Bikini and Sensitive Areas - Dark Spot Corrector Cream for Intimate Areas Contains Kojic Acid, Mulberry Extract, Alpha Arbutin, Lactic Acid, Peptide Brightening Discoloration Serums",US,Divine Derriere,400.0,4.5,52.0,27.00,USD,dark spot corrector,https://shop.tiktok.com/us/pdp/divine-derriere-dark-spot-remover-gel-30ml-natural-plant-based/1729385120488264268
509,[ซื้อ 5 แถม 5] ครีมบำรุงรอบดวงตาทับทิม รองรับ  บรรจุภัณฑ์ใหม่และเก่าจัดส่งแบบสุ่ม ครีม  ลด  ขอบ  ตาดํา eye  cream  wrinkles eye  cream อ  า  ย  ค  ร  ี  ม eye  mask eye  serum,TH,MINGYU MALL,399.0,4.8,46.0,129.57,THB,eye cream dark circle,https://shop.tiktok.com/th/pdp/sueo-5-aethm-5-khrim-bamrung-phiw-rob-dwngta-ld-elueon-roy-hmong-khlam/1731685276081424875
510,"[CELDYQUE] 9-Peptide Cooling Hair & Scalp Care Roll-On Serum, 1.35 fl oz - Cruelty-Free Lightweight Daily Hair Loss Haircare Serum for Adults with 2% Rosemary, 1% Caffeine, 300 PDRN, Spicule, Biotin for Voluminous Fine & Normal Locks",US,CELDYQUE,397.0,4.6,78.0,25.99,USD,peptide serum,https://shop.tiktok.com/us/pdp/rosemary-2-copper-peptide-scalp-serum-hair-growth-roll-on/1732306612274368984
511,"Minimalist 2% Salicylic Acid + LHA Acidic Facial Cleanser, Sulphate-Free Beauty Product for Acne-Prone Oily Skin, Oil Control Cleansing Wash for Women & Men, Leaves Skin Smoother, Reduces Acne Over Weeks",US,Minimalist USA,396.0,4.8,42.0,10.39,USD,acne treatment,https://shop.tiktok.com/us/pdp/minimalist-2-salicylic-acid-face-wash-for-oily-skin-anti-acne/1732255961445798012
512,SERUM CẤP ẨM LÀM DỊU DA 30ml,VN,MALL TG,396.0,5,23.0,342.823,VND,hydrating serum,https://shop.tiktok.com/vn/pdp/serum-duong-da-diu-nhe-30ml-serum-cham-soc-da-hieu-qua/1733959423033968497
513,"EQQUALBERRY Vitamin Illuminating Serum (2-Pack)  – Brightening Vitamin C Serum with Niacinamide | Strengthens skin barrier | Hydrates using Ceramide and Hyaluronic Acid, 1.01oz / 30ml Each",US,Eqqualberry,393.0,4.9,44.0,79.98,USD,vitamin c serum,https://shop.tiktok.com/us/pdp/eqqualberry-vitamin-c-serum-2-pack-brighten-hydrate/1732315195649856427
514,"QINGLIN Anti-Aging Collagen Retinol Hyaluronic Acid Face/Neck Moisturizer Gel Cream - Hypoallergenic, Oil-Free, Firming, Instant Glow, Moisture-Boosting, Daily Hydrating, 1.76 fl oz (Buy 2 Get 1 Free)",US,YONI MALL,392.0,4.6,34.0,24.90,USD,collagen cream,https://shop.tiktok.com/us/pdp/qinglin-anti-aging-gel-cream-collagen-retinol-1-7-oz/1732085903118799855
515,"THE FACE SHOP Rice Water Bright Vegan Cream - Hydrating Skincare for Comfort and Moisture - Ideal for Skin Repair, Korean Skincare",US,The Face Shop US,390.0,4.8,50.0,17.58,USD,vegan skincare,https://shop.tiktok.com/us/pdp/the-face-shop-rice-water-bright-vegan-cream-hydrating-vegan/1729470958031311136
516,Myu-Nique Essence Mask มิว-นิค เอสเซ้นส์ มาส์ก 25g บำรุงผิวหน้าด้วย Collagen Lemon Charcoal Aloe Milk Pearl Snail Red Wine,TH,Meydayshop,389.0,4.5,15.0,26.00,THB,snail mucin essence,https://shop.tiktok.com/th/pdp/mi-w-nikh-eos-es-ns-mas-k-25g-bamrung-phiw-dwy-khollaechn-e-lm-on-cha-okhl-wan-hangchraekh-nm-muk-emueok-hoy-thak-er-d-aiwn/1732099050990569634
517,Lip Mask Lips untuk Skincare  Mask  lip masks Lip Gel Mask Hydrating,MY,Miss Beauty Diary,387.0,4.5,16.0,0.97,MYR,lip mask,https://shop.tiktok.com/my/pdp/mask-bibir-hydrating-untuk-skincare-kembali-licin-isi-kolagen-perlindungan-uv/1729547657577465343
518,Hi!papa Kids Sunscreen Mineral SPF50 Waterproof PA+++ UV Protection for Sensitive Skin,US,Hipapa USA,385.0,4.8,34.0,17.99,USD,sunscreen spf50,https://shop.tiktok.com/us/pdp/hipapa-kids-sunscreen-mineral-spf50-waterproof-pa-uv-protection/1732126034088465362
519,Jumiso Snail Mucin 95 + Peptide Essence 140ml,MY,preetyface,376.0,5,48.0,33.93,MYR,snail mucin essence,https://shop.tiktok.com/my/pdp/essence-kulit-dengan-mucus-siput-peptida-anti-penuaan/1729547552415253762
520,"Dr.Leo Anti-Acne Pimple Skin Kit - Dual-Action Clearing Set: Salicylic Acid Spot Treatment, Lightweight Hyaluronic Acid Moisturizing Cream, Soothing Redness, Repair, Barrier Support, Sensitive Skin Morning Routine, Oil Control, Plump Effect",US,Dr.Leo-USA,375.0,4.9,23.0,36.27,USD,acne treatment,https://shop.tiktok.com/us/pdp/dr-leo-anti-acne-pimple-kit-salicylic-acid-hyaluronic-acid/1732471951271891563
521,[DUY NHẤT 21 - 23.09] Dưỡng chất (serum) Vitamin C Kiehl's Clearly Corrective Dark Spot Solution 50ml,VN,Kiehl's Việt Nam,375.0,4,10.0,2.781.818,VND,dark spot corrector,https://shop.tiktok.com/vn/pdp/serum-vitamin-c-kiehls-clear-corrective-50ml-lam-sang-da/1729601103740111535
522,"[MUMUKI] Korean Slow-Aging Secret Honey Banana PDRN Face & Body Serums & Essences Set - Anti-Age, Anti-Wrinkle Firming Moisturizing, Advanced Hydration, Capsule Burst Care, Brighten Glow, Skin Vitality Boost, Brighten Glow Serums & Essences",US,MUMUKI Global,373.0,4.8,32.0,105.97,USD,anti aging serum,https://shop.tiktok.com/us/pdp/mumuki-anti-aging-secret-set-honey-banana-pdrn-deep-hydration/1732307235023917958
523,miss jerawat travel (combo),MY,mexcha beauty,371.0,4.9,127.0,"1,084.74",MYR,clean beauty,https://shop.tiktok.com/my/pdp/1736765255428179894
524,Naturium TXA Tranexamic Topical Acid 5% - Jumbo (60ml) - Face Serum for Uneven Skin Tone and Dark Spots,US,Naturium,369.0,4.9,29.0,40.00,USD,tranexamic acid serum,https://shop.tiktok.com/us/pdp/tranexamic-acid-serum-5-jumbo-by-naturium-for-brighter-skin/1729781949140996502
525,[TIRTIR Official] Niacinamide 20% Serum 30ml Bright and Glowing Skin Care,US,TIRTIR Inc.,363.0,4.8,33.0,32.50,USD,niacinamide serum,https://shop.tiktok.com/us/pdp/niacinamide-serum-20-by-tirtir-for-bright-skin-oil-control/1729595769839129178
526,ICE LERSKIN Brightening Serum  เซรั่มผิวกระจ่างใส ช่วยดูแลผิวหมองคล้ำ สีผิวไม่สม่ำเสมอ ให้ผิวดูเรียบเนียนและกระจ่างใสขึ้น,TH,ICE LERSKIN.TH,363.0,5,64.0,161.00,THB,niacinamide serum,https://shop.tiktok.com/th/pdp/1736543481103353838
527,Sữa Rửa Mặt Tẩy Tế Bào Chết WHISIS Vitamin C 6in1 Hàn Quốc Pure Esthetic Brightening Peeling Gel Sáng Đều Màu Da,VN,QUYNHCMT,358.0,4.7,29.0,69.135,VND,clean beauty,https://shop.tiktok.com/vn/pdp/tay-te-bao-chet-da-mat-whisis-vitamin-c-6in1-han-quoc/1732148212806158271
528,Dr.Jart+ Ceramidin Skin Barrier Cream | Korean Daily Ceramide Moisturizer for Dry Skin | Daily Hydrating Cream | Barrier Strength | No Fragrance,US,Dr.Jart+,357.0,4.7,23.0,26.00,USD,barrier repair cream,https://shop.tiktok.com/us/pdp/dr-jart-ceramidin-moisturizing-cream-fast-absorbing-5-ceramides-panthenol/1731903616571642344
529,Anua Azelaic Acid 10 Hyaluron Redness Soothing Serum 30ml. เซรั่มน้ำสีเขียววว,TH,น้องยอนออนนี่,356.0,5,21.0,859.00,THB,azelaic acid,https://shop.tiktok.com/th/pdp/1731397846729000695
530,"Pommeclaire Dark Spot Serum – Powered by Apple Exosomes!  Fades dark spots, brightens uneven tone & boosts glow  Gentle, non-irritating & non-photosensitizing.  Eco-luxury skincare!",US,MORGANNASALCHEMY,355.0,4.9,49.0,80.00,USD,dark spot corrector,https://shop.tiktok.com/us/pdp/pommeclaire-dark-spot-serum-fades-spots-brightens-skin/1731867300991111319
531,โสมเกาหลีไข่มุก PURE SKINCARE เพียว สกินแคร์ บํารุงผิวหน้า,TH,มะปรางบิ้วตี้แอนด์คอสเมติก,355.0,4.9,69.0,261.00,THB,korean skincare,https://shop.tiktok.com/th/pdp/osm-ekahli-muk-pure-skincare-esrim-sukhphaph-phiw-swy-krachang-ais/1729613327924103336
532,kem COLLAGEN...đặc trị nám sạm tàn nhang đốm nâu đồi mồi..kem collagen... sẽ giúp cho chị em mình có một làn da trắng hồng rạng rỡ ...,VN,Ngọc Diệp 12323,355.0,4.7,28.0,195.968,VND,collagen cream,https://shop.tiktok.com/vn/pdp/kem-collagen-tri-nam-sam-tan-nhang-dom-nau-lam-sang-da/1733023250020140052
533,"COSRX Sữa rửa mặt làm sạch, giảm mụn Salicylic Acid Daily Gentle Cleanser 150ml",VN,COSRX Vietnam Store,353.0,4.7,21.0,259.107,VND,salicylic acid cleanser,https://shop.tiktok.com/vn/pdp/1734452065153811865
534,Bsc brightening face serum 50g,MY,SN BRIGHT ENTERPRISE,353.0,4.6,17.0,17.00,MYR,brightening serum,https://shop.tiktok.com/my/pdp/bsc-brightening-face-serum-50g-untuk-kulit-cerah-bersinar/1733319669518992872
535,Ủ dưỡng môi Tocobo Lip Mask 20gr,VN,VAN BEAUTY 1,352.0,4.8,73.0,337.242,VND,lip mask,https://shop.tiktok.com/vn/pdp/u-duong-moi-tocobo-lip-mask-20gr-cap-am-sau-mem-mai-moi/1729617248239913147
536,The Everyday Serum 20g | Biowhite Niacinamide Hyaluronic Acid Glowing Skin Deep Hydration Brightening Acne Free Skin,MY,LB HQ,349.0,4.8,77.0,56.00,MYR,hyaluronic acid serum,https://shop.tiktok.com/my/pdp/serum-harian-dengan-biowhite-asid-hialuronik-untuk-kulit-cerah/1729536514386331551
537,[Tiffanyfanie] [เฉพาะในไลฟ์วันที่ 6 ก.ย. เท่านั้น] Lip Sleeping Mask 20g. แถมฟรี WSM 15ml 3 กระปุก LSM 3g 3 กระปุก,TH,LaneigeThailand,348.0,5,34.0,813.00,THB,lip mask,https://shop.tiktok.com/th/pdp/1737319789667976785
538,【34-Day Glass Skin Routine】SKINTIFIC Radiance Glow Silky Mask&Niacinamide Brightening Daily Mask+PDRN Brightening&Smooth Moisture Gel 30g  15 นาทีเผยผิว Glass Skin,TH,SkintificTH,348.0,4.9,30.0,529.00,THB,glass skin,https://shop.tiktok.com/th/pdp/1736553410385249589
539,Natuhain firming eye cream for dark circles and bags Comfort Skin Care,US,Natuhaim,344.0,3.8,16.0,59.00,USD,eye cream dark circle,https://shop.tiktok.com/us/pdp/firming-eye-cream-by-natuhaim-for-dark-circles-bags-0-5-oz/1729385087396057719
540,DR RASHEL Moisturiser 160g Combo Sunscream collagen spf100 80g,MY,BeautyOEM,342.0,4.8,108.0,26.15,MYR,collagen cream,https://shop.tiktok.com/my/pdp/dr-rashel-moisturiser-sunscreen-set-spf-100-kolagen/1729608092617442533
541,"DIME Hyaluronic Acid Serum - Moisturizing serum for Hydrating & Smoothing Skin, 1 oz / 30 ml",US,DIME Beauty,341.0,4.9,262.0,40.00,USD,hyaluronic acid serum/hydrating serum,https://shop.tiktok.com/us/pdp/dime-hyaluronic-acid-serum-vegan-cruelty-free-skincare/1731349057016271332
542,"Super Serum TRANEXAMIC ACID mờ nám tàn nhang, Trắng da,mờ vết thâm xỉn - Super Serum DarkSpot ANHANH",VN,ANHANH LAB 682,341.0,4.5,13.0,175.942,VND,tranexamic acid serum,https://shop.tiktok.com/vn/pdp/super-serum-tranexamic-acid-mo-nam-tan-nhang-trang-da-vet-tham/1732106212322214920
543,Tinh Chất Dưỡng Sáng và Cải Thiện Sắc Tố Da Spot Crrector Light Weight Cream 30ml,VN,DS.Dương Hồng,341.0,5,26.0,597.317,VND,dark spot corrector,https://shop.tiktok.com/vn/pdp/tinh-chat-duong-sang-cai-thien-sac-to-da-30ml-phaarmaform/1732270332785624220
544,CeraVe Hydrating Hyaluronic Acid Serum 30ml สกินแคร์ มอยส์เจอไรเซอร์ เซรั่ม,TH,Konvy,339.0,4.7,41.0,845.00,THB,hyaluronic acid serum,https://shop.tiktok.com/th/pdp/cerave-hydrating-hyaluronic-acid-serum-30ml-es-ra-mn-am-tal-chak-aih-ya-lu-or-ni-k-aeosid-witamin-bi-7-chak-konvy/1729428262122719735
545,"[Dr.Althea] 345 Relief Cream+Mist Duo Set for sensitive skin, recovery, moisture",US,StyleKorean US,336.0,4.7,19.0,37.52,USD,sensitive skin moisturizer,https://shop.tiktok.com/us/pdp/dr-althea-345-relief-cream-mist-duo-for-sensitive-skin/1732331632695153260
546,[Dr.Althea] Vitamin C Boosting Serum 1.04 fl.oz - For uneven skin,US,StyleKorean US,335.0,4.9,28.0,20.30,USD,vitamin c serum,https://shop.tiktok.com/us/pdp/serum-wajah-vitamin-c-untuk-kulit-sensitive-ringan-segar/1731820600797205100
547,tranexamic acid serum 20ml + Niacinamide Serum 20ml.,TH,WARASURE,334.0,5,57.0,299.00,THB,niacinamide serum/tranexamic acid serum,https://shop.tiktok.com/th/pdp/est-khrueng-pi-tranexamic-acid-niacinamide-serum-20ml-x-2/1731948855489891090
548,SERUM PEPTIDE CĂNG BÓNG PHỤC HỒI CẤP ẨM ARGIRELINE 50ml Lilybabé beauty | Làm Sáng da An toàn lành tính dành cho mọi loại da Skincare chính hãng,VN,LILYBABÉ,334.0,4.5,11.0,1.052.538,VND,peptide serum,https://shop.tiktok.com/vn/pdp/serum-peptide-argireline-50ml-botox-therapy-niacinamide/1729956537648515894
549,KEM FACE NGỌC TRAI NGỌC NỮ,VN,LA SƠN SHOP 2,333.0,4.7,32.0,136.054,VND,acne treatment,https://shop.tiktok.com/vn/pdp/kem-face-trai-ngot-nu-duong-da-chong-lao-hoa/1731729011874040624
550,"Azelaic Acid 15% Serum | Unclogs Pores, Balances Tone & Reduces Acne Redness Herbal Antifungal Skin Cream",US,VisBeaut Acne Expert,330.0,4.7,19.0,23.79,USD,azelaic acid,https://shop.tiktok.com/us/pdp/azelaic-acid-15-serum-unclogs-pores-reduces-acne-redness/1732334293296320869
551,UltraFresh Sunscreen ขนาด 50 มล SPF90+ ปรับผิวกระจ่างใส ป้องกันรังสี UVA และ UVB หมาะสำหรับทุกสภาพผิว ช่วยฟื้นฟูผิว ไม่ทิ้งคราบขาว เกลี่ยง่าย ให้ความรู้สึกสดชื่น ไม่เหนียวเหนอะหนะ อ่อนโยน ไม่ระคายเคือง เหมาะสำหรับผิวแพ้ง่าย,TH,FACE JANICE SHOP,328.0,4.7,56.0,42.00,THB,sunscreen spf50,https://shop.tiktok.com/th/pdp/1735562885321754530
552,[ฟรีคละ 1 ชิ้น] CeraVe Skin Renewing Vitamin C Serum 30 ml. เซรั่มวิตามินซี ลดเลือนจุดด่างดำและรอยสิว ผิวกระจ่างใส 30 มล.,TH,ร้านยา BE KIND,327.0,5,40.0,921.00,THB,vitamin c serum,https://shop.tiktok.com/th/pdp/es-ram-witamin-si-cerave-30-ml-fri-khla-2-song-bamrung-phiwhna/1730360874509831004
553,[GWP] Jumiso Snail Mucin 95+Peptide Facial Essence (7ml),MY,Jumiso OFFICIAL STORE,327.0,0,0.0,316.00,MYR,snail mucin essence,https://shop.tiktok.com/my/pdp/jumiso-snail-mucin-peptida-essensi-wajah-7ml-hidrasi-inti/1731081227842454740
554,Beauty Creations BYE Filter Loose Setting Powder 4 Shades Matte Finish Cruelty-Free Paraben-Free Sulfate-Free Long-Wearing Blurs Fine Lines Improves Texture for All Skin Tones,US,Everyday New Beauty,326.0,4.8,41.0,7.95,USD,clean beauty,https://shop.tiktok.com/us/pdp/matte-finishing-powder-cruelty-free-long-lasting-makeup/1731857204404391950
555,[celimax official] Daily Full Skincare Routine | A curated must-have set featuring 7 products for glass skin & anti-aging,US,celimax US Store,325.0,4.8,39.0,156.00,USD,glass skin,https://shop.tiktok.com/us/pdp/daily-full-skincare-routine-set-7-products-for-glass-skin-anti-aging-celimax-official/1732315050632843274
556,"[DearKlairs] Blue EGF Intensive Pro Cream 50g | EGF 10ppm + Guaiazulene + Dexpanthenol Barrier Repair Moisturizer, Redness & Sensitive Skin Care, Non-Comedogenic Korean Skincare",US,"dear, Klairs",323.0,4.8,19.0,32.50,USD,barrier repair cream,https://shop.tiktok.com/us/pdp/blue-egf-intensive-pro-cream-50g-sensitive-skin-care/1732575647725622015
557,Music Flower Photo Genic Overtime Base Oil Free Foundation มิวสิค ฟลาวเวอร์ รองพื้นเนื้อครีม 30ml,TH,Meydayshop,323.0,4.9,26.0,143.00,THB,makeup foundation,https://shop.tiktok.com/th/pdp/1734495864077649058
558,"30pcs/box Moisturizing At Home Facial Mask Set, Skin Care Products, Moisturizing Beauty Mask, 5pcs Snails Face Mask, 5pcs Retinol Face Mask, 5pcs Turmeric Face Mask, 5pcs Vitamin C Face Mask, 5pcs Hyaluronic Acid Face Mask",US,marrwar,320.0,4.9,26.0,26.24,USD,face mask sheet,https://shop.tiktok.com/us/pdp/moisturizing-facial-mask-gift-box-set-30pcs-variety-pack/1732114396783677592
559,AHA BHA PHA 30 Days Miracle Cream 2.02oz - Korean Skincare - Calming Centella Moisturizer For Smooth Skin Texture & Refreshing Daily Hydration,US,SOME BY MI,320.0,4.9,33.0,23.18,USD,korean skincare,https://shop.tiktok.com/us/pdp/aha-bha-pha-miracle-cream-by-some-by-mi-60ml-exfoliating-moisturizer/1729703048880754707
560,DR RASHEL PAD CLEANSING RED SALICYLIC ACID 1% Skincare,MY,Shameyta Beauty,319.0,4.9,80.0,17.10,MYR,salicylic acid cleanser,https://shop.tiktok.com/my/pdp/pad-pembersih-wajah-dengan-salisilikat-merah-1-dr-rashel/1729579280146924956
561,kem điều trị da đông y,VN,thuchuy89,317.0,4.6,24.0,443.589,VND,acne treatment,https://shop.tiktok.com/vn/pdp/kem-dieu-tri-da-dong-y-an-toan-cho-moi-loai-da-dac-tri-nam-mun-tan-nhang/1729769695561092040
562,New Skin Tnoer New skin Brightening Exfoliation Tnoer 150ml,TH,Happy online Shop,316.0,4.8,29.0,334.10,THB,exfoliating toner,https://shop.tiktok.com/th/pdp/1734413627595982496
563,Mặt Nạ Dưỡng Môi Có Màu Lip It Good Morning Color Lip Mask 10 g,VN,lipit vietnam,316.0,4.8,14.0,140.895,VND,lip mask,https://shop.tiktok.com/vn/pdp/mat-na-duong-moi-lip-it-good-morning-color-lip-mask-10g-thai-lan/1730590639573338232
564,Neutrogena Deep Clean Blackhead Eliminating Scrub 100g สกินแคร์ สำหรับผู้มีปัญหา สำหรับทำความสะอาดผิวเป็น,TH,Konvy,315.0,5,41.0,184.00,THB,blackhead remover,https://shop.tiktok.com/th/pdp/neutrogena-deep-clean-blackhead-scrub-100g-khchad-si-u-haw-dam/1730488382837524983
565,Sữa Dưỡng Thể Louv Cell Crystal Whitening Body Lotion 250ml,VN,Cocolux,313.0,4.9,14.0,532.761,VND,body lotion,https://shop.tiktok.com/vn/pdp/sua-duong-the-louv-cell-250ml-lam-sang-da-cung-cap-am-chong-lao-hoa/1735033902020855539
566,"[Live Only] Dr.Leo 4-Step Acne Relief Kit – Salicylic Acid Acne Treatment, Charcoal Clay Stick, CICA Soothing Cream & Cleanser for Acne-Prone Skin",US,Dr.Leo-USA,312.0,4.7,44.0,57.07,USD,acne treatment,https://shop.tiktok.com/us/pdp/dr-leo-4-step-acne-care-kit-for-oily-sensitive-skin/1732489674790703723
567,【COD】BERYBIO โฟมลดสิว หน้าใสไว! Salicylic Acid คุมมันล้ำลึก ผิวเนียน ไม่แห้ง BERYBIO,TH,BERYBIO,312.0,4.6,8.0,154.00,THB,salicylic acid cleanser,https://shop.tiktok.com/th/pdp/bersalicylic-acid-anti-oil-pimple-facial-cleanser-100-ml/1734472689619273725
568,มอยส์เจอไรเซอร์ เอสเซ้นส์ โซลูชานิโคตินิก แอซิด ซื้อ 1 แถม 1 ฟรี,TH,Stella.Luxe,311.0,4,8.0,168.00,THB,snail mucin essence,https://shop.tiktok.com/th/pdp/moysechoairesor-eos-esns-osl-u-chan-i-okh-ti-ni-k-aeosid-sueo-1-aethm-1-fri/1732268627552799574
569,"[Dr.Althea] Complete Barrier Recovery Routine Set | Sensitive Skin Hydration & Barrier Care. 345 Serum, Cream Mist, Barrier Cream, Amino Bubble Cleanser,  Eye Serum",US,StyleKorean US,309.0,4.8,15.0,93.70,USD,barrier repair cream,https://shop.tiktok.com/us/pdp/complete-barrier-recovery-set-dr-althea-sensitive-skin-care-hydration-repair/1732459468328637036
570,Sữa chống nắng kiềm dầu kháng nước 50ml - Sulwhasoo UV Daily Fluid Sunscreen 50ml SPF 50+ / PA+++,VN,Sulwhasoo Vietnam,307.0,4.9,25.0,1.204.839,VND,sunscreen spf50,https://shop.tiktok.com/vn/pdp/1730578506575284469
571,"[Torriden Official] CELLMAZING Vita C Sheet Mask (10 sheets) | Radiance-Boosting Brightening Sheet Mask, Hydrating, Nourishing Dewy Skin with 5D Vitamin C",US,Torriden US,302.0,5,15.0,31.35,USD,face mask sheet,https://shop.tiktok.com/us/pdp/cellmazing-vita-c-sheet-mask-by-torriden-10-sheets-for-glowing-skin/1730390138828395432
572,COSRX Propolis Synergy Toner 150ml สกินแคร์ มอยส์เจอไรเซอร์ โทนเนอร์,TH,Konvy,302.0,4.8,40.0,418.00,THB,pore care toner,https://shop.tiktok.com/th/pdp/cosrx-propolis-synergy-toner-150ml-bamrung-phiw-ld-karrakhayekhueong/1729428658903747063
573,"2 Pack VT Shot 100, CICA Reedle Spicule Microneedling Serum for Pore Care & Exfoliation, Exosome, Centella Asiatica for Glass Skin, Skin Texture, Korean Liquid Skin Booster (1.69 Fl Oz / 50ml)",US,K-Beauty4-U,301.0,4.9,48.0,31.19,USD,centella serum,https://shop.tiktok.com/us/pdp/vt-cosmetics-cica-reedle-shot-100-microneedling-serum/1732380726334034285
574,LaMikCult intense whitening & moisture serum 30ml (tranexamic + arbutin + niacinamide + vitC + ceramide ) ฝ้า กระ จุดด่างดำ กระจ่าง เกราะป้องกันผิว,TH,ERIMOS,299.0,5,48.0,373.00,THB,tranexamic acid serum,https://shop.tiktok.com/th/pdp/es-ram-fuen-sutr-ekhmkhn-samhrab-phiwkhaw-chumchuen-tranexamic-acid-arbutin-niacinamide-vitc-ceramide/1730679733122599013
575,แว่นกันแดด V the wall,TH,N cheese shop,299.0,4.9,27.0,245.00,THB,glass skin,https://shop.tiktok.com/th/pdp/aewnkanaedd-v-the-wall-kan-uv400-elns-oprngaesng-swmais-sbay/1729606419943951301
576,"【Dr.Swide】 Sérum đông lạnh Radiance – Viên vitamin C nuôi dưỡng, làm mịn và cải thiện làn da không đồng đều về tông màu – 10 viên",VN,Dr.Swide,299.0,5,9.0,85.515,VND,vitamin c serum,https://shop.tiktok.com/vn/pdp/1737203290477987669
577,"Ly thủy tinh cao cấp, cốc rượu ngoại họa tiết sóng nước",VN,My home86,299.0,4.8,22.0,30.918,VND,glass skin,https://shop.tiktok.com/vn/pdp/ly-thuy-tinh-cao-cap-hoa-tiet-song-nuoc-dung-uong-ruou-trang-tri/1729640762342345580
578,"Serum 30ml SkinCeuticals Hydrating B5 dưỡng ẩm, phục hồi",VN,SKC SkinLab Vietnam,298.0,4.7,6.0,2.823.999,VND,hydrating serum,https://shop.tiktok.com/vn/pdp/serum-skinceuticals-hydrating-b5-30ml-cap-am-phuc-hoi-da-nhe-nhang-lan-da-min-mang/1733090199159539135
579,(Tặng 1 Bông Mút) Mặt nạ treatment PS. Prettyskin. hộp 10 miếng mask  sheet,VN,PS. PRETTYSKIN. VIỆT NAM,295.0,4.8,36.0,360.420,VND,face mask sheet,https://shop.tiktok.com/vn/pdp/mat-na-treatment-prettyskin-hop-10-mieng-mask-sheet/1729686827694656030
580,CeraVe Skin Renewing Vitamin C Serum | All Skin Types | 10% Pure Vitamin C,US,CeraVe,294.0,4.9,23.0,37.69,USD,vitamin c serum,https://shop.tiktok.com/us/pdp/vitamin-c-serum-by-cerave-10-pure-l-ascorbic-acid-with-hyaluronic-acid/1729591234206601253
581,"Serum Proactiv Clean Azelaic Pore Perfector - Serum Azelaic Acid 5% Làm Sạch Lỗ Chân Lông, Mờ Thâm, Sáng Da Cho Da Nhạy Cảm (89ml)",VN,MiLiBeauty,294.0,4.8,9.0,209.895,VND,azelaic acid,https://shop.tiktok.com/vn/pdp/1737037994306602731
582,ครีมกิมจิเกาหลี 1 หลอด  สกินแคร์,TH,A.nan Shop,292.0,4.6,30.0,418.00,THB,korean skincare,https://shop.tiktok.com/th/pdp/khrim-kimchi-ekahli-1-hlod-sk-in-aekhr-eba-ban-samhrab-phiwhna-aela-rangkay/1729732339898746999
583,Pilgrim 10%/15% Vitamin C Serum for Triple Glow +++ 20ml/30ml | Bye Dark Spots & Pigmentation,MY,ecovital.malaysia,290.0,4.1,15.0,115.40,MYR,vitamin c serum,https://shop.tiktok.com/my/pdp/pilgrim-vitamin-c-face-serum-30ml-mencerahkan-wajah-anti-noda/1733289899153065752
584,"HONLINK 6-in-1 Skincare Set - Korean Glass Skin Routine Cleanser Kit, Daily Cleansing Gift Set with Moisture, Hydrating, Skin Repair, Smoother Radiant Even Tone Benefits",US,HONLINK Skin Care,287.0,4.8,56.0,28.50,USD,korean skincare,https://shop.tiktok.com/us/pdp/honlink-6-in-1-korean-skincare-set-hydrating-repairing/1732038751193567994
585,เซราไมด์ เคโอริช Ceramide Glassy Creamy Korich,TH,Napat shop01,287.0,4.8,31.0,138.00,THB,ceramide cream,https://shop.tiktok.com/th/pdp/esra-mid-ekhrueongsamoang-ko-rich-sutr-ekhmkhn-bamrung-phiw-khnad-35ml/1731296491081925684
586,COSRX Advanced Snail 96 Mucin Power Essence 100ml,MY,COSRX Malaysia - GLAMPICK,284.0,4.9,44.0,59.66,MYR,snail mucin essence,https://shop.tiktok.com/my/pdp/cosrx-advanced-snail-96-mucin-power-essence-100ml-melembap-menenangkan-kulit-sensitif/1729507513172592218
587,"[Purito Seoul] Bamboo Panthenol Cream Set - Perfect for Soothing & Redness, Strengthen the Barrier",US,StyleKorean US,281.0,4.7,28.0,20.20,USD,barrier repair cream,https://shop.tiktok.com/us/pdp/purito-seoul-bamboo-panthenol-cream-set-moisture-protection/1732154934012252780
588,ครีมเรตินอล ( 1 กระปุก ) RETINOL CREAM เรตินอล 0.2% แบรนด์มณี มดซี่ ให้ความชุ่มชื้น,TH,มดซี่ shop family,281.0,4.6,31.0,175.00,THB,retinol cream,https://shop.tiktok.com/th/pdp/khrim-ertinol-0-2-samhrab-phiwhna-aela-rob-dwngta-bamrung-phiw-thi-aehng-kran/1730842606654425925
589,"Nativa Herbal Rosemary, Onion shampoo(18.5FL OZ/550ML) for hair loss, Haircare Comfort Cleansing",US,Nativa Herbal,279.0,4.9,53.0,24.36,USD,hair loss shampoo,https://shop.tiktok.com/us/pdp/shampoo-nativa-herbal-rosemary-onion-18-6-fl-oz-for-natural-hair-care/1730874408959185297
590,Skin Radiance Serum - 0.5% Pycnogenol Serum + 3% Tranexamic acid,TH,Vitalitylabgroup,279.0,4.9,36.0,"1,044.00",THB,tranexamic acid serum,https://shop.tiktok.com/th/pdp/1735112045050627383
591,"Medicube PDRN Pink Peptide Serum , 1.01 fl oz (30 ml)",US,iHerb,278.0,4.9,73.0,31.17,USD,peptide serum,https://shop.tiktok.com/us/pdp/medicube-pdrn-pink-peptide-serum-1-01-fl-oz-skin-care/1729507673781540238
592,"Purito Wonder Releaf Centella Serum, Unscented , 2.02 fl oz (60 ml)",US,iHerb,278.0,5,26.0,30.97,USD,centella serum,https://shop.tiktok.com/us/pdp/centella-serum-by-purito-unscented-2-02-fl-oz-for-sensitive-skin/1729654832644723086
593,Mới - Kem nền mỏng mịn tệp da HD SKIN Balancing & Perfecting Foundation 30ml -  MAKE UP FOR EVER,VN,PARIS FRANCE BEAUTY,278.0,4.8,8.0,1.550.323,VND,makeup foundation,https://shop.tiktok.com/vn/pdp/1730089615354923645
594,Sửa rửa mặt cok’lear the dermafaclogy lab thanh lọc nền da,VN,NGƯỜI ĐẸP CƠ BẮP,277.0,5,20.0,221.403,VND,clean beauty,https://shop.tiktok.com/vn/pdp/sua-rua-mat-clear-dermafaclogy-lab-thanh-loc-nen-da-150ml/1733088068716627385
595,"MOOYAM Acne Cream Gel - Pimples Removal Cream with Centella, Snail Extract, Salicylic Acid, AHA, Pore Unclogging, Redness Relief, Hyperpigmentation Treatment, Fading Dark Spots, Pea-Size Apply for All Skins",US,MOOYAMOFFICIAL,276.0,4.3,22.0,17.94,USD,acne treatment,https://shop.tiktok.com/us/pdp/mooyam-acne-control-cream-with-bha-aha-oil-free-72hr/1731635327818765238
596,Sữa Rửa Mặt Eucerin Cho Da Nhạy Cảm Facial Cleanser PH5 Sensitive Skin 100ml,VN,Guardian Store,276.0,4.7,17.0,123.542,VND,sensitive skin moisturizer,https://shop.tiktok.com/vn/pdp/sua-rua-mat-eucerin-100ml-cho-da-nhay-cam-lam-sach-diu-nhe-phu-hop-da-be/1729472097491191848
597,Ceradan Kem Phục Hồi Hàng Rào Bảo Vệ Da Skin Barrier Repair Cream 10g,VN,Beri Pharma 1,275.0,4.7,9.0,157.370,VND,barrier repair cream,https://shop.tiktok.com/vn/pdp/kem-duong-da-ceradan-10g-sua-chua-bao-ve-lop-bao-ve-da/1730108281125505435
598,(ซอง) MERCI  MERCI SKIN CARE Vitamin C Serum เมอร์ซี่ สกินแคร์ วิตามินซี 4 กรัม / 5 กรัม,TH,Missbeauty-shop,274.0,4.8,23.0,58.00,THB,vitamin c serum,https://shop.tiktok.com/th/pdp/es-ram-witamin-si-merci-4-kram-5-kram-phiw-krachang-ais-ld-siw-sng-aiw/1733281699417916669
599,[Purito Official] Azelaic Acid 10% + Kojic Acid + Tea Tree Facial Serum for Acne & Marks Breakouts High-Level Korean Skincare 20% Formula,US,PURITO SEOUL,271.0,4.7,27.0,23.00,USD,azelaic acid,https://shop.tiktok.com/us/pdp/azelaic-acid-10-kojic-acid-tea-tree-serum-for-acne-control/1732014204239843499
600,Silicone Face Massage Facial Wash Cleaner Cleanser Cleansing Brush,MY,nwd.live,270.0,4.6,63.0,1.67,MYR,facial cleansing brush,https://shop.tiktok.com/my/pdp/berus-pembersih-wajah-silikon-merangkut-komedi-lembut/1729498593768671115
601,CUTE PRESS มาสก์บำรุงริมฝีปาก READY TO KISS LIP SLEEPING MASK,TH,Cute Press,269.0,4.9,47.0,241.00,THB,lip mask,https://shop.tiktok.com/th/pdp/cute-press-mask-bamrung-rimfipak-ready-to-kiss-lip-sleeping-mask/1729514177822689710
602,combo 5x whitening & glowing scrub,MY,mexcha beauty,268.0,5,135.0,"1,198.90",MYR,clean beauty,https://shop.tiktok.com/my/pdp/1735681520200157110
603,Korean Cream | Collagen & Niacinamide | Advanced Radiant & Firming Formula | Deep Hydrating K-Beauty Facial Care for Glowing Skin,US,GlowCanvas,267.0,4.9,29.0,7.99,USD,collagen cream,https://shop.tiktok.com/us/pdp/korean-cream-with-collagen-niacinamide-for-glowing-skin/1732528040419168585
604,SEREENWORKS Hydro Booster Moisturizing Cream 30ml. มอยซ์เจอไรซิ่งล็อกความชุ่มชื้น ปรับผิวให้แข็งแรง,TH,Sereenworks,267.0,4.9,43.0,290.00,THB,hydrating serum,https://shop.tiktok.com/th/pdp/khrim-namhnak-eba-samhrab-bamrung-phiw-khnad-30ml-ehmaasamhrab-phuhying/1729752888747002380
605,Lotion whitening original,MY,Leo Skincare198,267.0,4.5,26.0,40.00,MYR,body lotion,https://shop.tiktok.com/my/pdp/lotion-pemutih-thailand-siap-stok-untuk-kulit-lebih-cerah/1729526251345118803
606,[Jumiso] Snail Mucin 95+Peptide Facial Essence (50ml/140ml) - Skin perfecting serum with repairing function and deeply moisturizes damaged skin,MY,StyleKorean Malaysia,266.0,5,33.0,63.59,MYR,snail mucin essence,https://shop.tiktok.com/my/pdp/serum-wajah-peptida-siput-95-melembapkan-memperbaiki-kulit/1731638599047939646
607,Exfoliating TONER FP (SENSETIF AND ACNE),MY,MAF BEAUTY STORE,266.0,4.9,62.0,31.20,MYR,exfoliating toner,https://shop.tiktok.com/my/pdp/toner-pengelupasan-untuk-kulit-sensitif-berjerawat/1732658369099171795
608,Toner Evoluderm dành cho da hỗn hợp và dầu mụn 250ml,VN,Evoluderm,265.0,4.8,20.0,129.727,VND,exfoliating toner,https://shop.tiktok.com/vn/pdp/toner-evoluderm-danh-cho-da-hon-hop-va-mun-250ml-phap/1729506546980128816
609,FILIA MAGIC SUNCREAN spf50  Sunscreen,MY,FF BEAUTY COSMETIC,265.0,4.8,43.0,11.00,MYR,sunscreen spf50,https://shop.tiktok.com/my/pdp/filia-magic-suncrean-spf50-pelindung-matahari-berkuasa/1729582028114659106
610,Combo Chăm Sóc Da Mụn & Thâm Toàn Diện The Cafuné CFVN,VN,Cafuné Việt Nam,264.0,4.7,16.0,390.665,VND,acne treatment,https://shop.tiktok.com/vn/pdp/combo-cham-soc-da-mun-tham-the-cafune-bo-san-pham-day-du/1732063230775559873
611,"[PART 2] Sữa dưỡng thể Body Lotion lưu hương thơm lâu, da mềm mịn hằng ngày 236ml",VN,Dan Thuy Corner,264.0,4.9,23.0,366.733,VND,body lotion,https://shop.tiktok.com/vn/pdp/body-lotion-duong-am-mui-huong-luu-dai-diu-mat-thoai-mai/1734326432560940073
612,SPF50 Face Sunscreen Spray 150ml PA+++ UV Resistance Sunblock Cream Water Resistant Hydrating UV Sunscreen Spray SPF 50 Waterproof Mist 150ml PA+++ Skin Protection Face Whitening Moisturizing Facial Body Sunblock Refresh,MY,88cantik.88,263.0,4.8,35.0,6.67,MYR,sunscreen spf50,https://shop.tiktok.com/my/pdp/spf50-sunscreen-spray-150ml-pa-kalis-air-melembapkan/1729668025097749825
613,"Bàn chải làm sạch silicon Bàn chải rửa mặt chăm sóc da mềm mại, Bàn chải làm sạch mặt đa chức năng loại bỏ mụn đầu đen thân thiện với da di động Girl",VN,Railmui,261.0,4.3,24.0,14.967,VND,facial cleansing brush,https://shop.tiktok.com/vn/pdp/ban-chai-silicon-mini-mem-mai-mat-xa-lam-sach-sau/1731615794718606537
614,"SECRET FORMULA SUNSCREEN SPF 35 ++++ yang ringan pada kulit, tekstur lembut, kurang berminyak, selesa di pakai harian dan bawah mekap serta tanpa white cast.",MY,SFwhiteningboosterHQ,261.0,4.9,50.0,31.70,MYR,sunscreen spf50,https://shop.tiktok.com/my/pdp/sunscreen-spf-50-pa-anti-uv-lembut-tidak-berminyak/1732229020556298030
615,"[Medicube]Tinh chất sáng da, săn chắc PDRN Pink Peptide Serum 30ml",VN,LiinHouse-Săn Sale Hàn Quốc,257.0,4.9,16.0,491.879,VND,peptide serum,https://shop.tiktok.com/vn/pdp/serum-duong-da-sang-san-chac-voi-pdrn-pink-peptide-30ml/1729714706819353065
616,【LIVE Sample 15g*2】Freshiny Cleansing set：Salicylic Acid Facial Cleanser 15g*2 Effectively Eliminate Acne Dissolve Stratum Corneum Start Pores Bright Skin Tone and Oil Control,MY,Freshiny Store,257.0,4.4,21.0,11.30,MYR,salicylic acid cleanser,https://shop.tiktok.com/my/pdp/pembersih-jerawat-asid-salisilik-freshiny-15g-2-bersihkan-liang-kawal-minyak/1729789731427616063
617,ANUA 10% Niacinamide+ 4% Tranexamic Acid Serum 30ml new,MY,Lixian Home3,257.0,4.9,34.0,22.28,MYR,tranexamic acid serum,https://shop.tiktok.com/my/pdp/anua-serum-10-niacinamide-4-tranexamic-acid-untuk-kulit-sihat/1731122092014929873
618,Kem Chống nắng VIP Face SPF 50,VN,10 Shop,256.0,4.9,19.0,224.338,VND,sunscreen spf50,https://shop.tiktok.com/vn/pdp/1729710813709109309
619,ECZEMA ACUTE SKIN BARRIER RESCUE CREAM- Hydrating and Repair Skin Barrier,MY,AusetPharmacy,251.0,4.7,32.0,20.11,MYR,barrier repair cream,https://shop.tiktok.com/my/pdp/kit-skincare-ekzema-psoriasis-dewasa-kanak-kanak/1732468365051725451
620,Retinol 0.3% IMAGE SKINCARE Kem Dưỡng Image Retinol AGELESS Total Retinol A Crème 50gr,VN,HiSkin Store,248.0,5,31.0,3.166.049,VND,retinol cream,https://shop.tiktok.com/vn/pdp/retinol-0-1-paulas-choice-serum-chong-nep-nhan-30ml/1730009805585550203
621,Acne Blemish Pimple Extractor Tool Blackhead Remover,MY,Mlk Thailand Skincare Cosmetic,247.0,4.9,38.0,1.50,MYR,blackhead remover,https://shop.tiktok.com/my/pdp/pengeluaran-jerawat-alat-pembersih-jerawat-reka-bentuk-pegangan-licin-mudah-digunakan/1729631937870203671
622,สูตรใหม่! SUN ON ซันออน - Anti-hairloss Shampoo แชมพู ลดผมร่วง เร่งผมยาว บำรุงสุขภาพเส้นผมและหนังศีรษะ 300ml,TH,SUN ON ซันออน,246.0,5,29.0,313.00,THB,hair loss shampoo,https://shop.tiktok.com/th/pdp/1734185369491703338
623,"[IMAGE] Serum Làm Trắng Sáng Da, Giảm Thâm Nám, Tàn Nhang Image Iluma Intense Brightening Serum 30ml",VN,Cây Rơm,245.0,4.7,23.0,2.043.684,VND,brightening serum,https://shop.tiktok.com/vn/pdp/serum-lam-trang-da-image-iluma-giam-tham-nam-tan-nhang/1733542796332860598
624,【Big Sale】ISPEAK- REFLECTIVE GLAZE MELTING LIP PPLUMPER LONG-LASTING LIPSTICK [Free Gifts]: Makeup Remover Wipes 3 +Facial Mask*1,MY,MISTINE MY,244.0,4.6,31.0,28.00,MYR,lip mask,https://shop.tiktok.com/my/pdp/ispeak-lipstik-reflektif-dengan-hadiah-percuma/1730963591911868054
625,Best Seller [เรตินอลลดริ้วรอย] KIEHL'S RETINOL DAILY SKIN-RENEWING MICRO-DOSE SERUM 50ML	เซรั่มเรตินอล ลดเลือนริ้วรอย เพื่อผิวกระชับ ผิวหน้าเนียนละเอียด,TH,Kiehl's TH,243.0,4.9,18.0,"5,120.00",THB,retinol cream,https://shop.tiktok.com/th/pdp/es-ram-ertinol-kiehl-s-khnad-50ml-bamrung-phiwhna-pkpong-phiw-chak-rangsi-uv/1730427935964563925
626,"MEDITHERAPY Official Hyaluronic-Fill XXL Serum, Skincare Serums & Essences, 5.07oz First-Step Hydrating Moisturizer, Fast-Absorbing HA for Plump Smooth Glass-Skin Glow, Lightweight Non-Sticky Formula for Skin Repair & Softness",US,Meditherapy US Shop,242.0,4.8,45.0,25.99,USD,hyaluronic acid serum,https://shop.tiktok.com/us/pdp/hyaluronic-acid-333-serum-xxl-deep-hydration-5-07oz/1732109636813820765
627,pillowpout collagen lip mask,US,beaut.beautyco,240.0,5,17.0,30.00,USD,lip mask,https://shop.tiktok.com/us/pdp/pillowpout-collagen-lip-mask-hydrating-plumping-formula/1732287514915410664
628,【ซื้อ 1 แถม 1】SADOER วิตามินซี เอสเซนส์ ไฮเดรติ้ง มอยส์เจอร์ไรซิ่ง  VITAMIN C MOISTURIZING Brightening serum ผลิตภัณฑ์ดูแลผิวสำหรับทุกสภาพผิว ให้ความชุ่มชื้นและไม่เหนียวเหนอะหนะ,TH,SADOER THAI,240.0,4.8,41.0,67.00,THB,hydrating serum,https://shop.tiktok.com/th/pdp/sueo-1-aethm-1-sadoer-witamin-si-eos-esns-aih-ed-rti-ng-moysechor-air-sing-serum/1733020666672154404
629,cọ quét mặt nạ- muỗng quét mặt nạ- dụng cụ trộn mặt nạ,VN,Peachcocovn,240.0,4.9,11.0,13.885,VND,facial cleansing brush,https://shop.tiktok.com/vn/pdp/co-quet-mat-na-mem-mai-dung-cu-tron-mat-na-ap-dung-de-dang/1731919196768012235
630,AXIS-Y Dark Spot Correcting Glow Serum 50 ml. | ดูแลผิว เซรั่มปรับสีผิวสม่ำเสมอเรียบเนียน  สกินแคร์,TH,AllAboutYouOfficial,239.0,4.8,17.0,775.00,THB,dark spot corrector,https://shop.tiktok.com/th/pdp/es-ram-axis-y-prab-siphiw-smamesmo-50-ml-duael-chuddang-dam-phiw-aeldu-krachang-ais/1729982852976904443
631,BIOATHERA ครีมบำรุงผิว  Vegan สำหรับการดูแลผิวของคุณ Biothera ครีม babyandmom 1 กระปุก,TH,BabyandMom.co.th,238.0,4.6,20.0,635.26,THB,vegan skincare,https://shop.tiktok.com/th/pdp/bioathera-khrim-bamrung-phiw-vegan-samhrab-kar-duael-phiw-babyandmom-1-krapuk/1733049864610874853
632,[*ของแท้ ฉลากภาษาไทย] CeraVe Skin Renewing/Brightening Vitamin C Serum/Cleanser เซราวี สกิน รีนิววิ่ง/ไบร์ทเทนนิ่ง วิตามินซี เซรั่ม/คลีนเซอร์ [มีให้เลือก 2 แบบ],TH,Health-Express,237.0,4.7,32.0,915.00,THB,vitamin c serum,https://shop.tiktok.com/th/pdp/cerave-skin-renewing-vitamin-c-serum-samhrab-phiw-krachang-ais-khnad-30-ml/1730478249670969996
633,COMBO 2 HỘP KEM BODY LOTION 200g Dưỡng Trắng Da Toàn Thân An Toàn Cho Mọi Loại Da Mềm Mịn & Thơm Dịu Nhẹ,VN,Dou Cosmetic,236.0,4.9,32.0,300.384,VND,body lotion,https://shop.tiktok.com/vn/pdp/1729606755951544665
634,body mix lotion - dưỡng trắng - cấp ẩm - không bào mòn - dễ thoa dễ thấm - không bết rít lộ vân,VN,Quỳnh Anh bán kem,232.0,4.9,33.0,103.972,VND,body lotion,https://shop.tiktok.com/vn/pdp/1736268843117872924
635,"[Madeca Derma] Revitalizing Facial Serum | Sensitive & Acne-prone skin friendly | Centella Asiatica, Collagen | Korean pharmaceutical skincare",US,Madeca Derma,231.0,4.8,18.0,49.98,USD,centella serum,https://shop.tiktok.com/us/pdp/revitalizing-facial-serum-by-madeca-anti-aging-for-sensitive-skin/1729765071531512407
636,"XL Disposable Plant Fiber Facial Solid Towels, 50 Sheets Sealed Multi-Pack, Eco-Friendly for Sensitive Skin, Cleanses Gently, Removes Makeup, Wet Then Wipe (Beauty & Personal Care Bathing Accessory)",US,Softwell,230.0,4.1,15.0,4.99,USD,face mask sheet,https://shop.tiktok.com/us/pdp/disposable-cleansing-face-towel-50-sheets-sensitive-skin-care/1729476494606898333
637,HIH ครีมบำรุงรอบดวงตา Light Wrinkle Eye Cream สำหรับผิวที่ดูอ่อนเยาว์และลดริ้วรอยรอบดวงตา,TH,Charleen cosmate,229.0,4.9,19.0,329.00,THB,eye cream dark circle,https://shop.tiktok.com/th/pdp/1737136815670330594
638,Japanese Kumargic Eye Cream 20g Eye Cream Dark Circle Eye Cream,MY,ROSCANI.my,228.0,4.7,26.0,54.10,MYR,eye cream dark circle,https://shop.tiktok.com/my/pdp/krim-mata-kumargic-20g-krim-gelap-mata-perawatan-penuaan/1735152857310594457
639,(ส่งฟรี) (50ml) 01 โทนเนอร์ DARK SPOT EXFOLIATING TONER ผิวหน้า บำรุง,TH,Oh Healthy Beauty,227.0,5,32.0,420.00,THB,exfoliating toner,https://shop.tiktok.com/th/pdp/othn-eno-r-dark-spot-exfoliating-50ml-sutr-ekhmkhn-5-aha-niacinamide/1729872012881070536
640,Mặt nạ ngủ dưỡng môi hồng hào căng mượt LANEIGE Lip Sleeping Mask 8g,VN,LANEIGE Vietnam,227.0,4.6,5.0,255.839,VND,lip mask,https://shop.tiktok.com/vn/pdp/1737032222407952093
641,"Anua Azelaic Acid 10 Hyaluron Redness Soothing Serum, 1.01 fl oz (30 ml)",US,iHerb,226.0,4.8,51.0,36.57,USD,azelaic acid,https://shop.tiktok.com/us/pdp/anua-azelaic-acid-10-hyaluron-serum-soothes-redness-1-01-fl-oz/1731824649651851662
642,[Official Medicube Partner] PDRN Pink Peptide Serum 30ml - Glow Serum with Peptides & Niacinamide for Hydration & Firm-Looking Skin,US,StyleKorean US,225.0,4.9,13.0,25.60,USD,peptide serum,https://shop.tiktok.com/us/pdp/pdrn-pink-peptide-serum-by-medicube-vegan-rose-hydration-glow/1732252044630856300
643,เซราไมด์ทาตัว เซราไมด์เกาหลี เคโอริช Ceramide Softcream Body Mousse Korich 150Ml,TH,HOTSHOPPING,224.0,4.9,32.0,132.00,THB,ceramide cream,https://shop.tiktok.com/th/pdp/esra-ai-md-tha-taw-esra-ai-md-ekahli-korich-khnad-150ml-enueo-khrim-lamun-ehmaasamhrab-phiw-aehng/1732443631268825044
644,Sạch mụn nhà thuốc điều chế,VN,Oanh Oanh,224.0,4.9,9.0,85.986,VND,acne treatment,https://shop.tiktok.com/vn/pdp/sach-mun-nha-thuoc-dieu-che-khong-gay-kich-ung-tham-nhap-sau/1729429661733062987
645,【Official Authentic】Teashell  Niacinamide  ครีมเซรั่มไนอาซินาไมด์ 50มล. + เซรั่มไนอาซินาไมด์ 5% 30ml  ผ่านการรับรองจาก FDA – ช่วยปรับสีผิวให้สม่ำเสมอ ลดเลือนจุดด่างดำ บำรุงและซ่อมแซมเกราะป้องกันผิว,TH,Teashell Thailand,221.0,4.8,10.0,209.00,THB,niacinamide serum,https://shop.tiktok.com/th/pdp/1737282522960594139
646,Cerave Skin Renewing Vitamin C Serum 30ml - เซราวี สกิน รีนิววิ่ง วิตามินซี เซรั่ม เซรั่มวิตามินซี 1 หลอด 30 มล. ใบหน้า สกินแคร์,TH,vitaminxpress,221.0,4.8,36.0,"1,240.00",THB,vitamin c serum,https://shop.tiktok.com/th/pdp/cerave-skin-renewing-vitamin-c-serum-30ml-es-or-am-bamrung-phiwhna/1729602597916871086
647,Serum vitamin C,MY,ISMI SOFIA,221.0,4.7,29.0,39.00,MYR,vitamin c serum,https://shop.tiktok.com/my/pdp/serum-vitamin-c-irliya-beauty-cerahkan-kulit-rawat-jerawat-kecilkan-liang-pori/1729651730093083164
648,"SOLO EN IBIZA Granada Groove 3-Piece Bath & Body Layering Set, 6.1 fl oz (180ml) Fragrance Mist, 16.9 fl oz (500ml) Body Lotion & Body Wash, Warm Floral Woody Scent with Plum, Violet, Sandalwood & Amber",US,Soloenibiza,219.0,4.5,37.0,28.02,USD,body lotion,https://shop.tiktok.com/us/pdp/1732471790438290183
649,Mezzi ครีมโสมคอลลาเจน COLLAGEN GINSENG CREAM,TH,นิวนิว วรัญณัฏฐ์,219.0,4.9,28.0,410.00,THB,collagen cream,https://shop.tiktok.com/th/pdp/khrim-osm-khollaechn-mezzi-vitamin-b3-chwy-bamrung-phiweniyn-ais-oudm-sar-skad-thrrmchati/1730547535955528237
650,"[SKINTIFIC] 10% Niacinamide Serum with Alpha Arbutin, Ceramide & Centella Asiatica – Brightens Skin, Maintains Skin Barrier",US,SKINTIFIC US Store,218.0,4.9,24.0,16.77,USD,niacinamide serum,https://shop.tiktok.com/us/pdp/skintific-10-niacinamide-serum-mit-alpha-arbutin-ceramid/1731744910378766456
651,"PHỤC HỒI NÁM TUYẾT 20G - cấp ẩm , căng bóng , dày da , dưỡng da sau khi peel da .",VN,NHI SHOP PHỤ 79,218.0,5,1.0,351.290,VND,post procedure skincare,https://shop.tiktok.com/vn/pdp/kem-phuc-hoi-da-20g-cap-am-duong-trang-sang-da/1730433299271813836
652,"(เซต 4 ชิ้น)Anti Hair Loss Shompoo ""สำหรับผมที่ผมร่วง ผมมัน ช่วยฟื้นฟูผมเสีย เติมความชุ่มชื้น ลดการหลุดร่วง พร้อมปกป้องความร้อน ให้ผมเงางามสุขภาพดี """,TH,Laboessence.TH,217.0,5,19.0,"2,214.82",THB,hair loss shampoo,https://shop.tiktok.com/th/pdp/1734792274738186190
653,"Y'OUR Brightening Hydrating Serum - Dark Spots Treatment, Hyperpigmentation & Melasma Remedy, Even Skin Tone Support, Fading Dark Spots - Hyaluronic Acid, Glycerin, Seaweed Extract, Alpha-Arbutin - Moisturizing, Soothing - Valentine's Gift for Women",US,Y'OUR Skincare,216.0,4.9,38.0,83.20,USD,brightening serum,https://shop.tiktok.com/us/pdp/brightening-serum-by-your-with-hyaluronic-acid-alpha-arbutin-20ml/1729445205820936901
654,[DEAL HOT] Dưỡng chất (serum) Clearly Corrective Dark Spot Solution 30ml,VN,Kiehl's Việt Nam,216.0,4.4,9.0,1.871.950,VND,dark spot corrector,https://shop.tiktok.com/vn/pdp/serum-kiehls-clearly-corrective-30ml-lam-sang-da-ngan-mun/1731029211170900655
655,Pencuci Muka Salicylic Acid Anti Jerawat 100g | Kawal Minyak | Deep Cleansing | Melembapkan | Pencuci Lembut & SegarSalicylic Acid Acne Facial Cleanser 100g Oil Control Deep Cleansing Moisturizing Facial Gentle Cleanser Refreshing Cleanser,MY,Sharely Star,216.0,4.5,37.0,17.10,MYR,salicylic acid cleanser,https://shop.tiktok.com/my/pdp/pencuci-muka-salicylic-acid-anti-jerawat-100g-kawal-minyak/1732189592108237868
656,"THE FACE SHOP Rice Water Bright Vegan Serum - Radiant Moisturizer for Hydrating Comfort - Ideal for All Skin Types, Korean Skincare",US,The Face Shop US,215.0,4.8,22.0,20.40,USD,vegan skincare,https://shop.tiktok.com/us/pdp/vegan-serum-by-rice-water-bright-lightweight-radiant-moisturizer-30ml/1729828005341860128
657,1กล่อง(6ซอง) Mizumi Advance Niacinamide 15 Concentrate Serum มิซูมิ เซรั่มไนอะซินาไมด์,TH,Farida_Beauty,215.0,4.8,27.0,334.00,THB,niacinamide serum,https://shop.tiktok.com/th/pdp/es-ra-mn-am-hom-raehy-mizumi-advance-niacinamide-15-khnad-30ml/1729761622745581692
658,"Kem Dưỡng Phục hồi, DƯỠNG da sau tái tạo Skincare Làm Đẹp Da",VN,Maii Hoang,215.0,4.8,30.0,293.720,VND,post procedure skincare,https://shop.tiktok.com/vn/pdp/kem-duong-phuc-hoi-tai-tao-da-giam-nam-mo-tham/1729650543442233375
659,lotion wna,MY,tysha771,215.0,4.9,44.0,38.00,MYR,body lotion,https://shop.tiktok.com/my/pdp/lotion-wanita-untuk-kulit-sihat-cerah-krim-melembapkan/1729524172279023801
660,Mamaearth Bye Bye Dark Circles Eye Cream – 20ml,MY,Mamaearth Malaysia,213.0,5,21.0,31.20,MYR,eye cream dark circle,https://shop.tiktok.com/my/pdp/krim-mata-mamaearth-bye-bye-dark-circles-20ml-kurangkan-lingkaran-gelap-mengandungi-ekstrak-timun-da/1729491558633539521
661,(โปร 2 กระปุก ) 88 SECRET SKIN ครีมคอลลาเจนนำเข้าจากญี่ปุ่น MADE IN JAPAN,TH,88SECRET SKIN,212.0,5,44.0,996.54,THB,collagen cream,https://shop.tiktok.com/th/pdp/khrim-khollaechn-88-secret-skin-bamrung-phiwhna-2-krapuk-aethm-oimalchan/1730555979150297613
662,"Serum Niacinamide, 30ml, Peach, 70%, Mencerahkan dan Menghidrat, Serum Muka, Rawatan Pigmentasi, Sesuai untuk Penggunaan Harian, Pembersihan dan Kecantikan",MY,Bella Beauty.MY,212.0,4.9,24.0,5.50,MYR,niacinamide serum,https://shop.tiktok.com/my/pdp/serum-niacinamide-30ml-peach-70-mencerahkan-menghidrat-rawatan-pigmentasi/1729547465294841243
663,"Hyaluronic Acid Face Serum - Anti-Aging, Hydrate Nourishing Formula with Moisture and Firming Deep Hydration for Skincare, Anti Aging Serum",US,Thania.Wellness,211.0,4.5,24.0,36.40,USD,hyaluronic acid serum,https://shop.tiktok.com/us/pdp/hyaluronic-acid-serum-for-deep-moisture-skin-rejuvenation/1732279469792531443
664,KEM CHỐNG NẮNG SÂM VÀNG 20G MẪU MỚI SBF50+ PA +++ UV SKINCARE,VN,NGUYỄN NGỌC THẢO 1,211.0,5,15.0,111.894,VND,sunscreen spf50,https://shop.tiktok.com/vn/pdp/kem-chong-nang-mau-vang-spf-50-pa-danh-cho-da-nhay-cam/1730823466031221177
665,[SKINTIFIC] 5X Ceramide Barrier Repair Serum for Dry & Sensitive Skin with Ceramide Centella & Hyaluronic Acid Fragrance Restore 20ml,US,SKINTIFIC US Store,209.0,4.9,23.0,16.77,USD,ceramide cream,https://shop.tiktok.com/us/pdp/serum-perbaikan-batas-kulit-dengan-ceramide-hyaluronik/1731745361855746168
666,[epii] Double Up Cream - Ectoin Face Moisturizer with Panthenol & 15% Squalane - Korean Skincare Soothing Barrier Repair Cream for Sensitive Skin Dry Skin Redness & Daily Hydration 50mL,US,epii Global,208.0,4.9,15.0,32.49,USD,barrier repair cream,https://shop.tiktok.com/us/pdp/epii-double-up-cream-sensitive-skin-moisturizer-50ml/1732489999240892725
667,"[DEAL SỐC-CHÍNH HÃNG] SKIN BRIGHTENER SERUM Pharmaform - Tinh chất dưỡng sáng da, hỗ trợ làm mờ vết nám, thâm",VN,Beauty Pharma - Dược Mỹ Phẩm,205.0,5,16.0,407.089,VND,brightening serum,https://shop.tiktok.com/vn/pdp/1731674037504083635
668,"Bộ đôi Serum SUPER  BRIGHTENING ESSENCE và Kem dưỡng hỗ trợ Dưỡng Da Trắng Sáng, Cải Thiện Da Thâm Sạm, Cấp Ẩm & Căng Bóng Da",VN,Hân Comesstic,205.0,4.8,13.0,129.653,VND,brightening serum,https://shop.tiktok.com/vn/pdp/bo-doi-brightening-essence-va-kem-duong-trang-chong-tham-cap-am/1733052771639592181
669,"Kopari Moisture Whipped Ceramide Cream – 72 Hour Hydration, Strengthens Skin Barrier",US,Kopari Beauty,204.0,4.9,202.0,57.20,USD,ceramide cream,https://shop.tiktok.com/us/pdp/moisture-whipped-ceramide-cream-by-kopari-beauty-72-hour-hydration/1729407809903497351
670,"Mặt Nạ SUR.MEDIC hỗ trợ dưỡng trắng da, phục hồi, cấp ấp toàn diện 1 miếng/30g mask  sheet",VN,Minoderm Official,201.0,4.5,8.0,49.921,VND,face mask sheet,https://shop.tiktok.com/vn/pdp/mat-na-sur-medic-duong-trang-phuc-hoi-da-1-mieng-30g/1730777211130775927
671,"Soft-focus, long-lasting liquid foundation, Moisturizing makeup foundation, Glow Matt Finish, oil control, brightening, coverage, breathable, moisturizing, natural look, waterproof, sweat-resistant, lightweight and comfortable",US,Wink Global,200.0,4.4,24.0,4.22,USD,makeup foundation,https://shop.tiktok.com/us/pdp/liquid-foundation-long-lasting-matte-finish-oil-control-waterproof-lightweight/1731859683736916609
672,[NEW] SKINTIFIC CHERRY RED SERUM NEW SHADES LAUNCH -Brightening lip serum Peptide Brightening Lip Serum Brightens and evens out dark and two toned lip color Moisturizes and nourishes lips Penjagaan Kulit,MY,Skintific.my,200.0,4.9,30.0,38.00,MYR,brightening serum,https://shop.tiktok.com/my/pdp/serum-bibir-peptida-terang-melembapkan-menyelesaikan/1731066156076598304
673,"EQQUALBERRY Vitamin Illuminating Serum – Brightening Vitamin C Serum with Niacinamide | Strengthens skin barrier | Hydrates using Ceramide and Hyaluronic Acid, 1.01oz / 30ml",US,Merry Shop,197.0,4.6,22.0,68.58,USD,brightening serum,https://shop.tiktok.com/us/pdp/eqqualberry-vitamin-c-niacinamide-serum-1-01-oz-skin-care/1732160251917603376
674,[NEW] Axis-Y Dark Spot Correcting Glow Cream 50 ml. ดาร์ก สปอต คอร์เรคติ้ง โกลว์ ครีม,TH,AXIS-Y Thailand,196.0,5,23.0,728.00,THB,dark spot corrector,https://shop.tiktok.com/th/pdp/khrim-ni-aekaikh-chudedn-danlang-50ml-pkpong-phiw-chak-roy-esiyhay/1731909066646849887
675,ดร.สาโรช เฮอร์เบิล แอคเน่เคลียร์ โลชั่น ดูแลสิว  บำรุงหน้า บํารุงผิวหน้า สกินแคร์ ส่งฟรี Skincare,TH,Dr.Saroj Rattanathibet,195.0,4.9,13.0,249.92,THB,acne treatment,https://shop.tiktok.com/th/pdp/dr-saorch-eho-r-ebil-aeo-khen-ekhliyr-olchan-samhrab-kar-duael-phiwhna/1729822472199178249
676,PURITO Wonder Releaf Centella Serum Unscented MINI 15 ml ขนาดทดลอง,TH,thedailypal,194.0,5,4.0,308.00,THB,centella serum,https://shop.tiktok.com/th/pdp/es-ram-esn-eth-l-la-air-s-ori-chin-ol-15-ml-est-sud-khum-samhrab-phiw-swy/1730426651467746210
677,"EQQUALBERRY Vitamin Illuminating Brightening Serum - Korean 30ml Clean Vegan Anti Aging Serum with Vitamin C, Niacinamide, Ceramide, Hyaluronic Acid - Gentle, Lightweight Daily Hydrator for Sensitive Skin (Soothes Redness, Boosts Radiance, Adds Moisture)",US,BIRCH VALLEY TECH LLC,192.0,4.4,25.0,11.99,USD,vitamin c serum,https://shop.tiktok.com/us/pdp/eqqualberry-vitamin-c-serum-hydrating-vegan-30ml/1732550009743184583
678,"Glow Recipe Avocado Ceramide Moisture Barrier Facial Cleanser - Vegan, Cruelty-Free, Gentle Avocado Oil Cleanser for Adults, All Skin, Dry Skin Support, Acne-Prone Relief, 150ml (Colloidal Oatmeal, Hyaluronic Acid Boost)",US,Glow Recipe,191.0,4.9,137.0,34.95,USD,vegan skincare,https://shop.tiktok.com/us/pdp/avocado-ceramide-moisture-barrier-cleanser-by-glow-recipe-6-oz/1730863299604550457
679,"EOURHSA 24-Hour Long Lasting Fragrance Body Lotion – Natural Floral Scent Moisturizing Cream for Soft Skin, Daily Hydration & Smooth Touch – 268ml",US,VeraModa Select,190.0,4.3,30.0,2.99,USD,body lotion,https://shop.tiktok.com/us/pdp/eourhsa-24-hour-fragrance-body-lotion-natural-floral-scent/1732404925249589732
680,Dr.Rashel Retinol Eye Cream Vitamin A  Anti-Aging And Lifting / Reduce Dark Circles Anti-Wrinkle Skincare,MY,belibuy1010,190.0,4.6,25.0,19.70,MYR,retinol cream,https://shop.tiktok.com/my/pdp/krim-mata-retinol-dr-rashel-untuk-anti-penuaan-pengangkat/1729550538938484651
681,"THE GOOD SKIN COMPANY - VEGAN LAVENDER BODY OIL 100ML HYDRATING, REPAIRING - WITH ARGAN, JOJOBA, VITAMIN E, SHEA BUTTER, ALMOND OIL, LAVENDER OIL - FOR DRY, ITCHY, IRRITATED SKIN - SLEEP, RELAX,RECOVER Fragrance Free",MY,The Good Skin Company Malaysia,190.0,4.7,31.0,44.00,MYR,vegan skincare,https://shop.tiktok.com/my/pdp/minyak-badan-vegan-lavender-100ml-melembapkan-membaiki/1729533783055762760
682,"KNIYEA VC Soothing Toner & Sa-dor  Niacinamide Serum Bundle - Nourishing Skincare Duo for All Skin Types - 500ml Toner & 30ml Serum with Vitamin C & Niacinamide for Healthy, Hydrated Skin",US,dnelsonenterprises,189.0,4.4,29.0,37.95,USD,niacinamide serum,https://shop.tiktok.com/us/pdp/kniyea-vc-soothing-toner-niacinamide-serum-bundle-500ml-toner-30ml-serum-vitamin-c-niacinamide-for-h/1731410421530989402
683,GARNIER - Micellar Exfoliating Water For Pores & Skin Texture (125ml) การ์นิเย ไมเซล่า เอ็กซ์โฟลิเอตติ้ง วอเตอร์ ฟอร์ พอร์ แอนด์ สกิน เท็กซ์เจอร์,TH,EVEANDBOY TH,188.0,4.9,28.0,117.00,THB,exfoliating toner,https://shop.tiktok.com/th/pdp/garnier-nam-echd-thamkhwamsaoad-phan-chong-esiyb-125ml-samhrab-aibhna-phiwhnang-phlitphanth-khwamngam-samhrab-phuhying/1732712164439786883
684,Dầu gội giúp giảm rụng tóc Sebamed Hair Care Anti-Hairloss Shampoo pH5.5 (200ml) thúc đẩy tóc mọc dành cho mọi loại tóc,VN,Sebamed Viet Nam,188.0,4.5,11.0,359.521,VND,hair loss shampoo,https://shop.tiktok.com/vn/pdp/dau-goi-sebamed-ph5-5-giam-rung-toc-kich-thich-moc-toc/1729631421035481755
685,"Salicylic acid mousse Facial foam cleanser 100ml, with brush head, rich foam Daily Skincare, mild and non irritating, lasting moisturizing Oil Control",US,Bloomward,186.0,3.8,16.0,6.99,USD,salicylic acid cleanser,https://shop.tiktok.com/us/pdp/salicylic-acid-mousse-cleanser-oil-control-moisturizing/1731294561271517632
686,Exclusive Dark Spot Corrector Serum,US,Makari Shop Online,186.0,4.4,20.0,52.00,USD,dark spot corrector,https://shop.tiktok.com/us/pdp/exclusive-dark-spot-corrector-serum-high-potent-blend-night-use/1731966751780671985
687,COD [1 ต่อ 2]  YKSAXX ไกลโคลิกโทนเนอร์สูตรอ่อนโยน 7%  โทนเนอร์ทําความสะอาดรูขุมขน facial pore cleaner ขนาด 200 ml ช่วยปรับปรุงคุณภาพผิว skin quality ให้เนียนละเอียด ลดความหมองคล้ําและลดการอุดตันของสิ่งสกปรกสําหรับผิวผสมและผิวมัน,TH,Shopp.MAll,185.0,4.6,25.0,78.00,THB,pore care toner,https://shop.tiktok.com/th/pdp/1736988911099545320
688,COMBO DN PLUS NGÀY ĐÊM CẢI TIẾN LÀM ĐẸP DA Da nhạy cảm,VN,Nọc Nọc 76,185.0,4.4,17.0,314.621,VND,sensitive skin moisturizer,https://shop.tiktok.com/vn/pdp/combo-dn-plus-ngay-dem-kem-duong-da-mat-chuyen-sau/1729974337068305235
689,【ซื้อ 1 แถม 1】SKIN CLEANSING SOAP 180g ขจัดสารพิษอย่างอ่อนโยน,TH,Beauty Life-Mall,183.0,4.7,12.0,126.00,THB,clean beauty,https://shop.tiktok.com/th/pdp/sueo-1-aethm-1-sbu-oabnam-lbls-khchadkhrab-khrim-khiokhln-180g/1731381252966942505
690,Ceramide primer,US,Jacy cosmetics,182.0,4.9,31.0,12.99,USD,ceramide cream,https://shop.tiktok.com/us/pdp/ceramide-primer-by-unbranded-hydrating-for-all-skin-types/1729593465721229746
691,NIVEA Cocoa Butter Lotion 8.4oz,US,Nivea,182.0,4.9,16.0,12.29,USD,body lotion,https://shop.tiktok.com/us/pdp/nivea-cocoa-butter-lotion-8-4oz-72-hour-moisture-soft-skin-dermatologically-tested/1729496247858926798
692,"[Puolern] PDRN Peptide Serum 30ml Pink Glow Serum, Peptides, Salmon Extract, Niacinamide, Uneven Skin tone, Illuminating Facial Serum Skincare",US,Puolern.us,181.0,4.9,21.0,8.99,USD,peptide serum,https://shop.tiktok.com/us/pdp/pdrn-peptide-serum-30ml-niacinamide-salmon-extract/1731549882564383120
693,"Cell Fusion C Laser UV Defense Sunscreen SPF50 - Lightweight, Hypoallergenic, Long-Lasting Protection for All Skin Types",US,Cell Fusion C Global,179.0,4.6,14.0,27.30,USD,sunscreen spf50,https://shop.tiktok.com/us/pdp/korean-hybrid-sunscreen-spf-50-water-resistant-non-greasy/1731605218813448201
694,Sữa rửa mặt Giúp Ngừa Mụn Đầu Đen Neutrogena Blackhead Eliminating Scrub 100g - Skincare Nữ | Chăm sóc da | Làm đẹp da,VN,Neutrogena Việt Nam,179.0,5,12.0,113.899,VND,blackhead remover,https://shop.tiktok.com/vn/pdp/sua-rua-mat-neutrogena-tri-mun-dau-den-100g-duong-da-nu/1730922734174636656
695,[Hàng cty] Kem dưỡng ẩm trắng da body Louv Cell Whitening Body Lotion 250ml - Hàn quốc,VN,Hương vân di Cosmetics,179.0,4.9,14.0,284.292,VND,body lotion,https://shop.tiktok.com/vn/pdp/kem-duong-da-louv-cell-whitening-body-lotion-250ml-han-quoc/1732445839855027698
696,11 Piece Facial Sheet Mask Set,US,Ashley Lee Cosmetics,178.0,4.5,13.0,19.99,USD,face mask sheet,https://shop.tiktok.com/us/pdp/facial-sheet-mask-set-by-lebelage-11-korean-solution-masks-for-radiance/1729412751831633952
697,"[THE FACE SHOP] Rice Water Bright Vegan Eye Cream | Low Molecular Eye Treatment with Ceramide, Niacinamide, Vitamins & Hyaluronic Acid | Brightens Dark Circles and Firms Delicate Skin | Korean Skincare",US,The Face Shop US,177.0,5,14.0,29.00,USD,vegan skincare,https://shop.tiktok.com/us/pdp/eye-cream-the-face-shop-rice-water-bright-vegan-for-dark-circles/1729470957049581856
698,"ARBUTIN 7.0+ TXA 4.0 Dark Spot Corrector Cream 150g, High-concentration dark spot corrector formula, moisturizing, hydrating, brightening, Anti Pigmentation, Refreshing texture absorbs quickly, suitable for all skin types, Brightens Dull Skin",US,SMF Beauty Shop,174.0,4.1,14.0,8.37,USD,dark spot corrector,https://shop.tiktok.com/us/pdp/arbutin-7-0-txa-4-0-dark-spot-corrector-cream-moisturizing/1732299150949192331
699,"[KOC] Serum Teana SUPER PEPTIDES giảm đỏ, mụn viêm/mụn ẩn/ phục hồi da nhạy cảm/ dưỡng trắng mờ thâm 10ml/20ml",VN,Teana Laboratories,172.0,4.3,4.0,357.970,VND,peptide serum,https://shop.tiktok.com/vn/pdp/1735575792487007982
700,Dưỡng Thể Dưỡng Body Louv Cell Crystal Whitening Body Lotion- Làm Đẹp Da,VN,Marie Japan,172.0,4.2,6.0,341.298,VND,body lotion,https://shop.tiktok.com/vn/pdp/duong-the-louv-cell-crystal-whitening-body-lotion-120ml-250ml/1729429180773337652
701,"[Chính Hãng] [Combo 2 Hộp] Ủ Môi Lựu đỏ Collagen Lip Mask 10g - Hailab - Hỗ trợ Dưỡng ẩm, Làm Đẹp Môi",VN,HẢI TÂM GMP,172.0,4.7,14.0,184.902,VND,lip mask,https://shop.tiktok.com/vn/pdp/u-moi-luu-do-collagen-hailab-duong-am-lam-hong-moi-10g/1731934363746273534
702,[Lip Serum 2PCS] SKINTIFIC Peptide Brightening Lip Serum + Niacinamide Brightening Moisture Gel+ Niacinamide Brightening Serum Brightens and evens out dark and two toned lip color Moisturizes and nourishes lips Penjagaan Kulit,MY,Skintific.my,172.0,5,30.0,74.00,MYR,brightening serum,https://shop.tiktok.com/my/pdp/serum-bibir-pencerah-dengan-peptida-niacinamida-set-2pcs/1731066573945668640
703,PS. PRETTYSKIN. Sửa rửa mặt sạch sâu trắng da vitamin c prettyskin,VN,NGƯỜI ĐẸP CƠ BẮP,171.0,4.9,14.0,247.761,VND,clean beauty,https://shop.tiktok.com/vn/pdp/gel-rua-mat-vitamin-c-prettskin-lam-sang-da-khong-chat-doc/1731948782221035961
704,[GWP] Jumiso Snail Mucin 95 + Peptide Essence 50ml Serums Skincare,MY,Jumiso OFFICIAL STORE,171.0,0,0.0,316.00,MYR,snail mucin essence,https://shop.tiktok.com/my/pdp/1735832239570519252
705,Korean Brightening Cream | Collagen & Vitamin C Moisturizer | Advanced Radiant & Firming Formula | Deep Hydrating K-Beauty Facial Care for Glowing Skin,US,NEOVA,169.0,4.8,13.0,8.99,USD,collagen cream,https://shop.tiktok.com/us/pdp/korean-brightening-cream-collagen-vitamin-c-k-beauty/1732499287852421519
706,"Eye Define Eye cream confidence cosmetics reduce puffiness, diminish dark circles, smooth fine lines, restore firmness Skincare",US,Confidence Cosmetics LLC,168.0,4.9,31.0,26.00,USD,eye cream dark circle,https://shop.tiktok.com/us/pdp/eye-define-eye-cream-by-confidence-cosmetics-reduces-puffiness-dark-circles/1730730599537218526
707,"Azelaic acid gel 20%, adap hỗ trợ mờ thâm đỏ, hồng ban",VN,Ds.thuỳ trang,168.0,4.6,12.0,200.403,VND,azelaic acid,https://shop.tiktok.com/vn/pdp/gel-axit-azelaic-20-ho-tro-lam-diu-va-duong-da-hieu-qua/1733497756904686772
708,"[Abib Official] Non-Animal Collagen Eye Cream with Jericho Rose - Sensitive Skin, Bakuchiol Anti-Age, Puffiness Care, Brightening, Dark Circle Corrector, Fine Line & Wrinkle Reducer - Korean Skincare Single Item Eye Treatment",US,Abib.US.Store,167.0,4.8,12.0,32.92,USD,eye cream dark circle,https://shop.tiktok.com/us/pdp/abib-collagen-eye-creme-30ml-jericho-rose-for-dark-circles-puffiness/1730550528522097221
709,Blackhead Remover Facial Skin Cleanser Vacuum Suction Pore Clean Machine Skin care Clean Beauty Device,MY,Maykong,167.0,4,24.0,19.00,MYR,blackhead remover,https://shop.tiktok.com/my/pdp/pembersih-muka-penyedut-jerawat-langsdom-4-kepala-suction-3-tahap-pengerasan/1730192983832037180
710,MYU-NIQUE - Snail Essence Mask (25g.) มิว-นิค สเนล เอสเซ้นส์ มาสก์,TH,EVEANDBOY TH,166.0,4.8,13.0,16.00,THB,snail mucin essence,https://shop.tiktok.com/th/pdp/mi-w-nikh-senl-eos-es-ns-mask-25g-phiw-krachang-ais-bamrung-luek-aich-ngay/1732475884199839107
711,[Torriden & CORTIS] Set Cấp Ẩm Cả Ngày Serum HA Xịt dưỡng ẩm căng bóng HA Ceramide Torriden 5D Hyaluronic Acid phân tử nhỏ cấp ẩm làm mát dịu da DIVE IN Serum 50ml DIVE IN Glow Mist 120ml,VN,Torriden VN,166.0,5,15.0,640.737,VND,hydrating serum,https://shop.tiktok.com/vn/pdp/1736910735266776811
712,"HKY Day & Night Eye Cream Set - AM Caffeine for Puffiness, PM Collagen for Wrinkles - Korean Calming Soothing Moisture Repair Anti-Aging Treatment, Lightweight Firming Smooth Under Eye Brightener",US,HKY,165.0,4.4,28.0,15.99,USD,eye cream dark circle,https://shop.tiktok.com/us/pdp/hky-eye-reset-pm-firming-eye-cream-retinyl-palmitate-vitamin-e/1731940264327876887
713,KRIM WAJAH AS LEGACY COLLAGEN JELLY CREAM 30G,MY,Perfect lady store,165.0,4.7,34.0,16.77,MYR,collagen cream,https://shop.tiktok.com/my/pdp/collagen-jelly-cream-30g-as-legacy-penghantaran-pantas/1730773661887988780
714,เซราไมด์ เคโอริช Ceramide Glassy Creamy Korich,TH,nicha0818,164.0,4.9,19.0,147.00,THB,ceramide cream,https://shop.tiktok.com/th/pdp/esra-mid-ekh-rm-sud-hru-chak-ko-rich-sutr-ekhmkhn-samhrab-phiw-swy-krachang-ais/1732201949247079636
715,"Bàn chải làm sạch silicon Bàn chải rửa mặt chăm sóc da mềm mại, Bàn chải làm sạch mặt đa chức năng loại bỏ mụn đen BC2",VN,Cool Green Việt Nam,164.0,4.8,11.0,11.522,VND,facial cleansing brush,https://shop.tiktok.com/vn/pdp/ban-chai-silicon-rua-mat-tay-te-bao-chet-massage-da/1731076282884393384
716,Jumiso Snail Mucin 95 + Peptide Facial Essence 5ml / 140ml,MY,Milin Beauty,162.0,5,20.0,55.00,MYR,snail mucin essence,https://shop.tiktok.com/my/pdp/jumiso-snail-mucin-peptide-essensi-wajah-5ml-140ml/1729519423588501264
717,body lotion dputeh original,MY,ierakayla,162.0,4.8,16.0,78.00,MYR,body lotion,https://shop.tiktok.com/my/pdp/body-lotion-putih-original-mencerahkan-melembutkan-kulit/1731070091050058844
718,ANUA Azelaic Acid 10 Hyaluron Redness Soothing Serum ผสานว่านหางจระเข้และใบบัวบก ปลอบประโลม 30ml,TH,Anua Store TH,161.0,4.5,10.0,791.00,THB,azelaic acid,https://shop.tiktok.com/th/pdp/1736892620120754071
719,"Dark Spot Corrector, Dark Spot Remover for Face - For Stubborn Dark Spots Serum, Dark Spot Remover with Kojic Acid, Alpha Arbutin, Mulberry Extract, Peptide Skin Repair Brightening Discoloration Correcting Serum",US,Divine Derriere,160.0,4.9,21.0,36.40,USD,dark spot corrector,https://shop.tiktok.com/us/pdp/dark-spot-corrector-by-divine-derriere-kojic-acid-serum-brightens-skin-evens-tone-reduces-melasma/1729385120602034764
720,New Skin Toner  New skin Brightening Exfoliation Toner newskin 150ml,TH,Kar Yam Shop,160.0,5,7.0,315.50,THB,exfoliating toner,https://shop.tiktok.com/th/pdp/othn-eno-r-phiw-aihm-prab-siphiw-dwy-kar-khad-phiw-khnad-150-ml-sinkha-aebrnd-new-skin/1731682324168606770
721,"Pixi Glow Tonic 100ml - Exfoliating Toner with Aloe Vera, Glycolic Acid, Exfoliating Toning, Cleansing, Neck Care, Oil Control, Revitalizing Benefits",US,Pixi Beauty,158.0,4.9,38.0,24.00,USD,exfoliating toner,https://shop.tiktok.com/us/pdp/glow-tonic-100ml-by-pixi-exfoliating-facial-toner-with-aloe-vera-glycolic-acid/1729392361635091294
722,The skin Collection Exfoliating Toner 300ml สกินแคร์ มอยส์เจอไรเซอร์ โทนเนอร์,TH,Konvy,158.0,5,28.0,150.00,THB,exfoliating toner,https://shop.tiktok.com/th/pdp/othn-eno-r-khad-phiw-the-skin-collection-khnad-300ml-chak-konvy/1729982342108252663
723,Xịt dưỡng ẩm Ceramide AESTURA ATOBARRIER365 Cream Mist 120ml,VN,AESTURA Việt Nam,158.0,5,5.0,383.862,VND,ceramide cream,https://shop.tiktok.com/vn/pdp/xit-duong-am-ceramide-aestura-atobarrier365-cream-mist-120ml/1731711234775746172
724,Peel Da Dermalogica Powerbright Dark Spot Peel Hỗ Trợ Làm Sáng Các Vệt Đốm Nâu 50ml,VN,Dermalogica Vietnam,157.0,5,9.0,3.359.911,VND,dark spot corrector,https://shop.tiktok.com/vn/pdp/dermalogica-powerbright-dark-spot-peel-lam-sang-mem-mai/1731178300474624343
725,Bột Tía Tô nguyên chất Mặt Nạ Bột - MISA mask  sheet,VN,MISAVN,156.0,4.6,11.0,38.732,VND,face mask sheet,https://shop.tiktok.com/vn/pdp/bo-tay-te-bao-chet-mat-na-duong-da-thuong-hieu-misavn/1730704617761245846
726,TiegeClear Acne Treatment System - Salicylic Acid Wash + Acid Pads + 2% Acne Serum,US,Tiege Hanley,155.0,4.5,42.0,65.00,USD,acne treatment,https://shop.tiktok.com/us/pdp/tiegeclear-acne-routines-by-tiege-hanley-essential-complete-set/1732223050987901707
727,ICE LERSKIN  15% Vitamin C Serum 30ml เซรั่มวิตามินซี ผลิตภัณฑ์ความงาม ครีมทาหน้าขาวใส ผิวกระจ่างใส ลดริ้วรอย,TH,ICE LERSKIN.TH,155.0,4.8,25.0,251.00,THB,vitamin c serum,https://shop.tiktok.com/th/pdp/1736550047971706862
728,[1แถม1] โลชั่นโสมดำ Better Skin  Body lotion ขนาด 150 กรัม - แพ็คเกจจริง,TH,Blueempire.th,155.0,5,13.0,327.00,THB,body lotion,https://shop.tiktok.com/th/pdp/olchan-bamrung-phiwkay-better-skin-2024-khnad-150ml-samhrab-phiw-swy-krachang-ais/1730249139654330674
729,"[DEAL ĐỘC QUYỀN] Tinh Chất Phục Hồi Chiết Xuất 95% Dịch Tiết Ốc Sên + 2,8% Niacinamide 4PM Snail Niacinamide Essence Hỗ Trợ Dưỡng Sáng Và Làm Dịu Da 100ml",VN,4PM Skincare Vietnam,152.0,4.1,7.0,406.469,VND,snail mucin essence,https://shop.tiktok.com/vn/pdp/tinh-chat-oc-sen-4pm-100ml-duong-am-lam-sang-da-28-niacinamide/1733533094542608298
730,Ascorbic Acid,MY,CZASKINCARE,152.0,4.8,24.0,33.00,MYR,azelaic acid,https://shop.tiktok.com/my/pdp/ascorbic-acid-brand-pure-rasa-masam-dan-sodium-ascorbate-masin/1729436512982895309
731,[FLASH SALE]Bộ dầu gội xả ngăn ngừa và giảm rụng tóc Vichy Dercos Energy+ Shampoo Hairloss 200ml giúp tóc chắc khỏe và dày dặn_haircare nam và nữ_ dùng được trên mọi nền da đầu nhạy cảm,VN,Vichy Vietnam,151.0,4.3,4.0,705.678,VND,hair loss shampoo,https://shop.tiktok.com/vn/pdp/1735671483969734331
732,[DEAL ĐỘC QUYỀN ] KEM DƯỠNG PHỤC HỒI DA SAU PEEL,VN,Nguyễn Quỳnh Mai,151.0,4.8,13.0,641.851,VND,post procedure skincare,https://shop.tiktok.com/vn/pdp/kem-duong-phuc-hoi-sau-peel-da-mat-giup-tai-tao-va-lam-min-da/1732078172882240591
733,[SKIN1004] Madagascar Centella Tone Brightening Capsule Ampoule 3.38 fl oz - Brightening & Organic Skincare for Radiant Glow & Clear Skin Repair,US,StyleKorean US,150.0,4.8,13.0,25.29,USD,centella serum,https://shop.tiktok.com/us/pdp/brightening-soothing-capsule-ampoule-for-radiant-skin/1731773938796892780
734,"【Deals for You days】Tattoo Aftercare 2.6oz Cream for Before, During, and After Tattoo Process - Scar Repair, Gel, and Protective Balm for New & Older Tattoos Liptattoo",US,GOIPLE STORE,149.0,4.9,21.0,18.25,USD,post procedure skincare,https://shop.tiktok.com/us/pdp/tattoo-aftercare-cream-by-goiple-for-healing-vibrancy/1731094723181776962
735,SKINEVER  3A RETINOL FIRMING NOURISHING  CREAM  เรตินอลเพื่อผิวกระชับ ลดริ้วรอย,TH,Khun Numwan,148.0,4.9,26.0,"1,152.00",THB,retinol cream,https://shop.tiktok.com/th/pdp/khrim-krachab-phiw-skinever-ertinol-ld-riwroy-phiw-aerng-khuen/1732378425218204924
736,"Tẩy Tế Bào Chết Body JMELLA No.2 In France 298g – Làm Sạch Da, Dưỡng Da Mềm Mịn, Thơm Lâu",VN,LiinHouse-Săn Sale Hàn Quốc,148.0,4.6,9.0,276.470,VND,hydrating serum,https://shop.tiktok.com/vn/pdp/serum-ha-wellage-cap-am-da-tich-hop-hyaluronic-acid-60ml/1731784821156841961
737,"[Torriden Official] BALANCEFUL Cica Facial Mask (10 sheets) | Extra Soothing Sheet Mask for Calming Care with 5D CICA, Panthenol, Suitable for sensitive skin, Sensitive Skin Calming",US,Torriden US,147.0,5,9.0,33.00,USD,face mask sheet,https://shop.tiktok.com/us/pdp/cica-facial-masks-by-torriden-10-sheet-vegan-soothing-care/1730390076872496040
738,Combo 5x whitening & vivit,MY,mexcha beauty,146.0,4.9,44.0,964.22,MYR,clean beauty,https://shop.tiktok.com/my/pdp/1736404955246200758
739,"[Mở bán] Tinh Chất Hỗ Trợ Sáng Da, Mờ Thâm Selure Tranex Brightening Essence 50ml",VN,Kiều Oanh Cosmetics,145.0,5,5.0,416.428,VND,brightening serum,https://shop.tiktok.com/vn/pdp/1736928287093655060
740,Bàn chải rửa mặt silicon- Bàn chải tẩy tế bào chết làm sạch lỗ chân lông nhỏ gọn Cho Bé gd1511,VN,Giadụng1511,145.0,5,14.0,17.807,VND,facial cleansing brush,https://shop.tiktok.com/vn/pdp/ban-chai-rua-mat-silicon-mini-cho-be-massage-lam-sach-da/1731777728447809866
741,"White Bandage Collagen Mask Exquisite Facial Mask - An advanced shaping care set for the face, featuring firming and lifting effects. It consists of 5 facial masks.",US,Pandofo Beauty Shop,144.0,4.8,10.0,30.00,USD,face mask sheet,https://shop.tiktok.com/us/pdp/white-bandage-collagen-mask-5-sheet-masks-for-firming-lifting/1732304907504947265
742,[ CHÍNH HÃNG TẶNG KÈM MÚT ]Kem nền Collagen Moisture Foundation 100ml Hàn Quốc makeup phù hợp cho tất cả các loại da,VN,Beauty Natural 2312,144.0,4.4,8.0,137.806,VND,makeup foundation,https://shop.tiktok.com/vn/pdp/kem-nen-collagen-spf15-duong-am-chong-nang-cho-da-kho/1732286950058526562
743,"Barrier Bundle - Baby and kids care routine for sensitive skin to repair and protect skin's moisture barrier with three products: All Over Ointment Eczema Treatment, Hair + Body Wash, and Barrier Balm stick. Moisturize, hydrate, soothe, and cleanse",US,Tubby Todd,142.0,4.4,61.0,50.99,USD,sensitive skin moisturizer,https://shop.tiktok.com/us/pdp/tubby-todd-barrier-bundle-for-sensitive-skin-care/1732073948070581128
744,CLEAN&CLEAR - Essentials Foaming Facial Wash (100ML) เจลล้างหน้า ผิวหน้า ผิว ทำความสะอาด มอยส์เจอร์ไรเซอร์,TH,EVEANDBOY TH,142.0,4.8,21.0,109.00,THB,facial cleansing brush,https://shop.tiktok.com/th/pdp/echl-langhna-clean-clear-moysechorairesor-100ml-thamkhwamsaoad-phiwhna/1729890714599197059
745,"nuorganic Wonderlike Niacinamide Face Serum – Radiant skin, Pore Minimizing, brightening, smoothing, clearing & Hydrating (30ml)",US,nuorganic,141.0,4.9,10.0,42.40,USD,niacinamide serum,https://shop.tiktok.com/us/pdp/niacinamide-serum-by-nuorganic-cosmetics-hydrating-brightening-formula/1729413614119719439
746,Puricas Pro Acne Dragon's Blood Acne Soothing Toner โทนเนอร์ดูแลผิวเป็นสิว และรอยสิว ขนาด 100ml. รับเลย สำลี Rii 52 Less Toner Cotton Pad,TH,Puricas,141.0,4.8,10.0,423.00,THB,pore care toner,https://shop.tiktok.com/th/pdp/puricas-ance-soothing-toner-samhrab-phiw-aeph-siw-eyn-100ml/1732272860760868444
747,"Universal Moisturizing Sunscreen - SPF50 PA+++ Broad Spectrum UV Protection, 50mL Essence-Infused Formula, Locks in Skin Moisture, Non-Greasy & Fast-Absorbing, Practical for Daily Sun Care.",US,Rother-shop,139.0,4.6,16.0,2.99,USD,sunscreen spf50,https://shop.tiktok.com/us/pdp/universal-moisturizing-sunscreen-spf50-pa-50ml-non-greasy/1732323855121355462
748,RISSA SKIN: BIO RETINOL SKIN REVIVING TREATMENT CREAM (BIO RETINOL SAIZ KECIL 5GM),MY,ELSOFIA STORE,139.0,4.9,31.0,28.00,MYR,retinol cream,https://shop.tiktok.com/my/pdp/krim-pengesan-retinol-bio-untuk-kulit-muda-segar/1731299001328960964
749,(tặng bông tẩy trang) Dưỡng thể body Cok'lear NANO LIPOSOME BODY LOTION,VN,NGƯỜI ĐẸP CƠ BẮP,138.0,4.7,11.0,320.767,VND,body lotion,https://shop.tiktok.com/vn/pdp/1734014546500158905
750,"[haruharu wonder] Black Rice Probiotics Barrier NAD+ Serum Mist 80ml - Ultra-Fine Mist, Hydrating & Plumping, Barrier Support, Sensitive Skin, Ceramide, Korean Skincare, Vegan",US,StyleKorean US,136.0,4.9,10.0,18.69,USD,vegan skincare,https://shop.tiktok.com/us/pdp/black-rice-probiotics-serum-mist-80ml-hydra-plump-vegan/1732317718452867692
751,Raviel Firming Cream 50ml – Kem Dưỡng Red Ginseng Retinol,VN,Raviel VN,135.0,4.8,5.0,166.685,VND,retinol cream,https://shop.tiktok.com/vn/pdp/kem-duong-da-san-chac-raviel-50ml-red-ginseng-retinol/1732248170298180748
752,Jumiso Snail Mucin 95 + Peptide Facial Essence (140ml/50ml),MY,KONVYMY,135.0,5,17.0,71.30,MYR,snail mucin essence,https://shop.tiktok.com/my/pdp/jumiso-snail-mucin-95-peptide-essence-melembapkan-anti-penuaan-sesuai-untuk-kulit-berminyak/1730319765997782739
753,"Minimalist 3% Tranexamic Acid Face Serum - Brightening Dark Spot Eraser, Hyperpigmentation & Melasma Treatment, Remedy for Discoloration, Acne Scars, PIE & PIH - For Men & Women - 1 Fl Oz/30ml, Brightening Serum, Hyperpigmentation Treatment",US,Minimalist USA,134.0,4.1,22.0,15.59,USD,tranexamic acid serum,https://shop.tiktok.com/us/pdp/tranexamic-03-serum-for-melasma-hyperpigmentation-minimalist/1729479615922934908
754,[2หลอด] Moisturising  Cream ceramide เซราไมด์ ขนาด 30g.,TH,WARASURE,134.0,4.9,22.0,443.00,THB,ceramide cream,https://shop.tiktok.com/th/pdp/khrim-bamrung-phiwhna-2-hlod-moisturising-cream-esra-ai-md-30g-aich-tha-bamrung-echa-eyn-ephim-khwamchumchuen-swnprakob-chak-thrrmchati/1732252889548032786
755,"Facial Sunscreen Cream SPF50 - Tinted Moisturizer, Fragrance-Free, Collagen-Rich, Waterproof, Strong UV Protection, with Glycerin & Titanium, Hydrating Essence, for Adults, Radiant Natural Look, All Skin Types, Everyday Use",US,SOUG Sunscreen,133.0,4.4,31.0,5.98,USD,sunscreen spf50,https://shop.tiktok.com/us/pdp/sunscreen-spf50-by-soug-tinted-moisturizer-for-all-skin-types/1730418629065806819
756,[Purito Official] Gentle Skincare Routine SET for Glass Skin l Post-Acne Cleanser + Soothing Toner + Soothing Serum + Post-Acne Cream l Korean Skincare,US,PURITO SEOUL,133.0,4.9,16.0,80.00,USD,post procedure skincare,https://shop.tiktok.com/us/pdp/korean-skincare-set-for-sensitive-skin-day-night-use/1732027544907583659
757,Eye Cream Krim Mata Fat granule remover  Dark circle removal Eye Treatments,MY,MCNYY MALL,133.0,4.8,23.0,19.00,MYR,eye cream dark circle,https://shop.tiktok.com/my/pdp/krim-mata-lelaki-untuk-menghilangkan-kantung-cincin-gelap/1729594448626549777
758,"[Jumiso] Snail Mucin 95 + Peptide Essence 140ml, Non Comedogenic Essence, Acne Reduce & Skin Soothing Essence, Moisturizing, Skin Plumping and Firming, Skin Texture Improvement, Soothing Essence, Kore",US,StyleKorean US,132.0,5,11.0,17.54,USD,snail mucin essence,https://shop.tiktok.com/us/pdp/snail-mucin-95-peptide-essence-by-jumiso-140ml-non-comedogenic-formula/1729431961371775596
759,3PCS Brightening Cream | Collagen & Niacinamide | Advanced Radiant & Firming Formula | Deep Hydrating K-Beauty Facial Care for Glowing Skin,US,STQ,131.0,4.8,24.0,7.99,USD,collagen cream,https://shop.tiktok.com/us/pdp/3pcs-brightening-cream-collagen-niacinamide-k-beauty/1732421546820932396
760,mask on hundred bill rectangle vinyl sticker,US,Styled Cards,130.0,4.9,10.0,9.49,USD,face mask sheet,https://shop.tiktok.com/us/pdp/debit-card-sticker-mask-on-hundred-bill-by-unnamed-brand-waterproof/1729434549448839258
761,Lip mask repair serum giffarine ลิปมาสก์ แอมพูลมาสก์ กิฟฟารีน ปากอมชมพู เนียนนุ่ม ชุ่มชื้นฉ่ำน้ำ ดูอวบอิ่ม,TH,Giffarine by Aoey Khumvit,130.0,5,1.0,312.00,THB,lip mask,https://shop.tiktok.com/th/pdp/giffarine-ultra-nourishing-lip-serum-samhrab-bamrung-rimfipak-khnad-7g/1732008732779383552
762,Dụng Cụ Nặn Mụn Đầu Đen Guardian Blackhead Extractor 1 Cái,VN,Guardian Store,129.0,4.4,12.0,21.011,VND,blackhead remover,https://shop.tiktok.com/vn/pdp/dung-cu-nan-mun-dau-den-guardian-thiet-ke-kim-loai-chong-gi/1731850007562519592
763,5H KONE THÁI LAN YẾN OANH YO,VN,KhaNguyen01,128.0,4.9,17.0,431.713,VND,korean skincare,https://shop.tiktok.com/vn/pdp/1734132653121504336
764,Toner Làm Sạch Sâu & Hỗ Trợ Giảm Mụn Toner 2% BHA Obagi Clenziderm M.D. Exfoliating 148ml,VN,De Beauté Shop,127.0,3.8,11.0,853.239,VND,exfoliating toner,https://shop.tiktok.com/vn/pdp/1735884033405977915
765,"Kem Chống Nắng Igreen Vegan 15ml, SPF 50+, PA++++, Hỗ Trợ Cho Da mụn, Nhạy cảm, Skincare, Nữ Women, Làm đẹp da, diếp cá Igreen",VN,Meoskincare9x,127.0,4.4,19.0,78.888,VND,vegan skincare,https://shop.tiktok.com/vn/pdp/1730813871477786648
766,[FULL SET MELASMA (OUTDOOR) | CL + DS + MOIST30 + SS] LAWOO GENTLE CLEANSER 100ml + DARK SPOT CORRECTING SERUM 30ml + BRIGHTENING HYDRO MOISTURISER 20ml + DAILY SUN PROTECTOR SPF50 PA++++ 20ml,MY,sheilalawoo,127.0,5,26.0,254.00,MYR,dark spot corrector,https://shop.tiktok.com/my/pdp/set-lawoo-perapi-jerawat-pelindung-matahari-spf50-pa/1732736747838605193
767,Glass Skin Luminous Serum ฟื้นฟูสภาพผิว ให้ความชุ่มชื้น ผิวอิ่มฟู,TH,Glassskinofficial,125.0,5,6.0,"1,058.00",THB,glass skin,https://shop.tiktok.com/th/pdp/es-ra-mk-ra-chk-ais-fuenfu-phiw-ld-elueon-chuddang-dam-esrim-khwamchumchuen/1730065100869241702
768,ครีมกันแดด sunscreen spf50+ pa+++ ผิว ชุ่มชื้น,TH,Jaaea Shopping,124.0,4.7,6.0,15.00,THB,sunscreen spf50,https://shop.tiktok.com/th/pdp/khrimkanaedd-spf50-pa-samhrab-phuhying-aela-phuchay-sutr-pkpong-ekhmkhn/1729651147802380317
769,"Tinh chất Remove Blackhead ủ mụn đầu đen, mụn cám và sợi bã nhờn 50ml",VN,Space Cosmetics myphamso1,124.0,4.4,8.0,255.400,VND,blackhead remover,https://shop.tiktok.com/vn/pdp/tinh-chat-remove-blackhead-50ml-ho-tro-sach-mun-dau-den-mun-cam-soi-ba-nhon/1730717516552702647
770,"Krim Retinol, Untuk Kegunaan Malam dan Siang, 1.69oz, Krim Kulit, dengan Retinol dan Kolagen, Pelembap Vitamin C, Sesuai untuk Kulit Sensitif, Pelembap Retinol, Untuk Muka Skincare Pelembab",MY,Miss you at night,122.0,4.5,21.0,39.00,MYR,retinol cream,https://shop.tiktok.com/my/pdp/krim-retinol-kolagen-pelembap-malam-siang-kulit-sensitif/1730269362875041661
771,Dlyern Eye Cream Krim Mata Klinik hilang Eye bags dark eye circle undereye gelap bawah mata Wrinkles puffy eye anti aging eye cream centella serum,MY,PureLuck girl,121.0,4.8,24.0,10.70,MYR,eye cream dark circle,https://shop.tiktok.com/my/pdp/krim-mata-anti-penuaan-untuk-kantung-lingkaran-hitam/1732115224197695041
772,Barber Brain After Shave ผลิตภัณฑ์บำรุงผิวหน้าหลังการโกนหนวด,TH,Siripan beauty,120.0,5,10.0,204.00,THB,post procedure skincare,https://shop.tiktok.com/th/pdp/phlitphanth-bamrung-phiwhna-hlang-kar-okn-hnwd-barber-brain-khnad-85ml-fuenfu-phiw-chumchuen/1729733681392552182
773,"14% Azelaic Acid Serum Dark Spot Remover for Acne-Prone Skin, Lightweight Cream Skin Product for Redness Reduction, Pore Care, Oil Balance & Daily Skincare Routine, 1 Oz Sohochic",US,Feihf,119.0,4.5,4.0,9.99,USD,azelaic acid,https://shop.tiktok.com/us/pdp/14-azelaic-acid-serum-for-acne-prone-skin-redness-relief/1732584576214733237
774,CANMAKE Mellow Dew Lip Mask ลิปมาส์ก บำรุงปาก ปากชุ่มชื้น เพียงข้ามคืน,TH,Canmake Thailand,119.0,4.9,13.0,412.00,THB,lip mask,https://shop.tiktok.com/th/pdp/canmake-mellow-dew-lip-mask-aephn-aepng-samhrab-rimfipak-khnad-4-kram-aihm-lasud-aebrnd-canmake/1730024090761792166
775,{Hàng CTY} JKBIT- JUMISO Serum Niacinamide 20% dark spot correcting 40ml,VN,JK Auth Cosmetic,119.0,5,7.0,402.329,VND,dark spot corrector,https://shop.tiktok.com/vn/pdp/jumiso-serum-niacinamide-20-lam-sang-da-thu-nho-lo-chan-long/1732624823847585440
776,SEBAMED ANTI-HAIRLOSS SHAMPOO pH 5.5 (200ML) แชมพูสระผม สูตรสำหรับผู้ที่มีผมอ่อนแอและหลุดร่วง,TH,Sebamed Thailand,118.0,4.6,5.0,666.74,THB,hair loss shampoo,https://shop.tiktok.com/th/pdp/sebamed-anti-hairloss-shampoo-ph-5-5-200ml-samhrab-phm-rwng-phmbang/1729913543821790052
777,"Medicube TXA Niacinamide 15% Serum 30ml - Serum Wajah dengan 5% Tranexamic Acid untuk Kulit Cerah & Halus - Glow, Vitamin",MY,Rawat Kulit Kita,118.0,4.3,15.0,73.60,MYR,tranexamic acid serum,https://shop.tiktok.com/my/pdp/serum-medicube-txa-niacinamide-15-30ml-serum-serbaguna-72-jam-formula-ringan-tanpa-bau-kelembapan-ma/1731458166649292730
778,HYALURONIC ACID SERUM FOR HYDRATION SUPER MOIST FOR DRY SKIN AND SENSITIVE SKIN,MY,LookMePretty Organica,118.0,5,18.0,12.13,MYR,hydrating serum,https://shop.tiktok.com/my/pdp/serum-asid-hialuronik-untuk-kelembapan-kulit-kering-sensitif/1731529972432995760
779,[สินค้าขายดี] Vitamin C Brightening Serum 30ml X2 วิตามินซี เซรั่ม แพ็คคู่ ดูแลปัญหาจุดด่างดำ ผิวหมองคล้ำ,TH,innisfreethailand,117.0,5,5.0,"2,565.00",THB,vitamin c serum,https://shop.tiktok.com/th/pdp/es-ram-witamin-si-innisfree-30ml-x2-samhrab-phiwkhaw-krachang-ais/1731461917185182337
780,Rebirth - ครีมคอลลาเจน 100ml. - Collagen anti – wrinkle cream,TH,rebirththailand,117.0,5,26.0,366.00,THB,collagen cream,https://shop.tiktok.com/th/pdp/rebirth-khrim-khollaechn-100ml-anti-wrinkle-cream-carmex-lip-balm/1729587294185621544
781,Set BTS Korea Skinelle Kulit Skincare,MY,SKINELLE,117.0,4.9,31.0,286.00,MYR,korean skincare,https://shop.tiktok.com/my/pdp/set-skincare-korean-flower-series-merawat-masalah-kulit/1729451347989662555
782,"Niacinamide & Collagen Face Cream, Deep Hydration to Nourish Skin, Improve Skin Texture, Daily Skincare, & Supports Elasticity Lightweight Moisturizer for Delicate Skin, Locks in Moisture",US,MIRRA STUDIO,116.0,4.8,16.0,5.99,USD,collagen cream,https://shop.tiktok.com/us/pdp/niacinamide-collagen-face-cream-deep-hydration-gentle/1732533614869647995
783,BK Acne Pore Minimizing & Brightening Toner บีเค แอคเน่ พอร์ มินิไมซิ่ง ไบรท์เทนนิ่ง โทนเนอร์ [140 ml.] โทนเนอร์สำหรับคนเป็นสิว โทนเนอร์สิว,TH,Health-Express,115.0,4.8,8.0,486.00,THB,pore care toner,https://shop.tiktok.com/th/pdp/othn-eno-r-siw-bk-acne-pore-minimizing-brightening-140-ml-chwy-ld-man-funlaoong-aim-mi-aeolkohol/1729703020870535820
784,SET : PROVAMED BIO-RETINOL ANTI AGING SERUM 30 ML & PROVAMED BIO-RETINOL ANTI AGING CREAM 40 ML,TH,Provamed Store,115.0,4.9,11.0,825.80,THB,anti aging serum,https://shop.tiktok.com/th/pdp/es-ram-aela-khrim-ld-riwroy-provamed-bio-retinol-anti-aging-set/1731951819285957112
785,NEEDLY Vegan Mild Moisture Sun SPF50+ PA++++ 50ml สกินแคร์ ครีม หน้า,TH,Konvy,115.0,4.7,15.0,430.00,THB,vegan skincare,https://shop.tiktok.com/th/pdp/en-dl-i-ewn-chan-niw-spf50-pa-khrim-bamrung-phiwhna-khnad-50-ml/1729443701978008055
786,KEM Chống nắng DEMEJine SPF 50 + Bảo vệ  làn Da skincare chăm sóc Da women 40  ml Sunscareen Dung tích 40 ml SPF50+ Bảo vệ da khỏi tác hại từ tia UVA  pa +++ có khả năng chống tia UVA rất tốt   Thành phần lành tính . Có khả năng thẩm thấu nhanh   Hướng dẫ,VN,Mp truong chi,115.0,4.2,5.0,155.974,VND,sunscreen spf50,https://shop.tiktok.com/vn/pdp/kem-chong-nang-demejine-spf-50-bao-ve-da-40ml-lanh-tinh/1734122110216471660
787,THE SHOTT เซราไมด์มอยส์เจอร์ไรเซอร์ Skin Barrier 5 Ceramide Cream (EXP 08/2027) ครีมบำรุงผิว 55 มล. ปราศจากแอลกอฮอล์ พาราเบน และกลิ่น ด้วยเซราไมด์ 5 ชนิดและไฮยาลูโรนิค แอซิด 8 ชนิด ให้ผิวชุ่มชื้นยาวนาน,TH,The Shott,114.0,5,6.0,264.00,THB,ceramide cream,https://shop.tiktok.com/th/pdp/esra-ai-md-moysechorairesor-the-shott-khrim-bamrung-phiw-praschak-aeolkohol-5-chnid-esra-ai-md-55-ml/1730590992711584646
788,Angel Watershine Cartoon Mask : แผ่นมาส์กหน้า ลายการ์ตูนน่ารัก Hello Kitty ชุ่มชื้น อ่อนโยน,TH,Littleleaf,114.0,4.5,6.0,275.00,THB,face mask sheet,https://shop.tiktok.com/th/pdp/angel-watershine-cartoon-mask-8-aephn-chumchuen-narak-plodphay/1734842666963011072
789,SERUM BRIGHTENYL Md Care– ADVANCED BRIGHTENING COMPLEX làm sáng da đa tầng và toàn diện thế hệ mới |Công ty,VN,Mai Quỳnh DMP,114.0,4.8,13.0,456.086,VND,brightening serum,https://shop.tiktok.com/vn/pdp/serum-brightenyl-md-care-advanced-brightening-complex-tao-sang-da-toan-dien-moi/1733312109884376521
790,[EXP 31.03.2027] Ruruberry TURN Serum 30ml | Tranexamic Acid | Brightening | Skin Discoloration | Dry | Normal | Combination,MY,NATTACOSME,114.0,4.8,25.0,46.00,MYR,tranexamic acid serum,https://shop.tiktok.com/my/pdp/ruruberry-turn-serum-30ml-dengan-tranexamic-acid-untuk-kulit-gelap-kering/1729432622139935099
791,"[Official Medicube Partner] Azelaic Acid 16 BB Calming Serum 30ml - calm troubled skin, refine skin texture, provide targeted after spot care, Azelaic Acid Complex, Niacinamide, Pantothenic Acid",US,StyleKorean US,113.0,5,11.0,27.04,USD,azelaic acid,https://shop.tiktok.com/us/pdp/azelaic-acid-16-bb-calming-serum-30ml-by-medicube-refine-texture-soothe-skin-deep-hydration-expert-after-spot-care/1732293194349056620
792,Deep Collagen Cream,US,Seranova,113.0,4.8,313.0,57.20,USD,collagen cream,https://shop.tiktok.com/us/pdp/deep-hydration-collagen-mask-for-radiant-glow-firm-skin/1729477775650493853
793,ครีมD-VER collagen คอลลาเจน (1แถม1),TH,Skyshoppingcenter,113.0,5,7.0,194.00,THB,collagen cream,https://shop.tiktok.com/th/pdp/khrim-bamrung-phiwhna-khmin-d-ver-1-aethm-1-sutr-ekhmkhn-khollaechn/1729857533174908968
794,Cây Nặn Mụn Đầu Đen Guardian Blackhead & Pimple Remover 1 Cái | Guardian Việt Nam,VN,Guardian Store,113.0,4.4,7.0,21.011,VND,blackhead remover,https://shop.tiktok.com/vn/pdp/dung-cu-nan-mun-dau-den-guardian-blackhead-pimple-remover/1731850013869376552
795,"DR. KO Skin Specialist Dermax Perfect C Serum 23 (30ml) Vitamin C serum mencerahkan kulit, mengurangkan pigmentasi & liang pori dan anti-penuaan",MY,Dr. Ko Skin Specialist,113.0,4.8,17.0,337.00,MYR,vitamin c serum,https://shop.tiktok.com/my/pdp/serum-pencerah-kulit-dengan-vitamn-c-15-antioksidan-shea-butter/1729667517606562475
796,SET BTS KOREA SKINELLE Kulit Skincare,MY,SKINELLE,113.0,4.8,32.0,286.00,MYR,korean skincare,https://shop.tiktok.com/my/pdp/set-skincare-korean-dengan-bunga-eksotik-untuk-semua-jenis-kulit/1729446418696932187
797,"NEATIQUE Niacinamide 11% & Tranexamic Acid 5% Serum - Lightweight Dark Spots Corrector, Hyperpigmentation & Melasma Treatment, Skin Tone Evener, Daily Moisture, 30mL (1 fl oz)",US,NEATIQUE,112.0,4.9,13.0,9.99,USD,niacinamide serum/tranexamic acid serum,https://shop.tiktok.com/us/pdp/neatique-nt16-niacinamide-11-txa-5-serum-30ml-daily-use/1732152297715635022
798,Tinh chất dưỡng ẩm hỗ trợ phục hồi và trẻ hoá Ivatherm Aquafil Hydra Hydrating Serum 30ml Skincare,VN,BoxyCosmetic,112.0,4.9,8.0,984.234,VND,hydrating serum,https://shop.tiktok.com/vn/pdp/tinh-chat-duong-am-ivatherm-aquafil-hydra-30ml-phuc-hoi-da/1731287702729165127
799,Kem Dưỡng Giảm Thâm Và Giảm Bọng Mắt Dark Circle Eye Cream Pharmaform,VN,BÁC MAI CHUYÊN NÁM,112.0,5,13.0,594.363,VND,eye cream dark circle,https://shop.tiktok.com/vn/pdp/kem-duong-giam-tham-va-giam-bong-mat-phan-tich-chi-tiet/1732815211171841384
800,"Phủ Nano kính Glaco roll on lage, chống bám nước, hạn chế bám bụi, tia uv",VN,Carlink,112.0,4.7,7.0,368.922,VND,glass skin,https://shop.tiktok.com/vn/pdp/1730426628761422642
801,Merci เซรั่มบำรุงผิวหน้า Vitamin C Melasma & Dark Spot Serum 4 กรัม (แพ็ก 6 ซอง),TH,Raora,111.0,5,9.0,366.00,THB,vitamin c serum,https://shop.tiktok.com/th/pdp/es-ram-bamrung-phiwhna-merci-vitamin-c-melasma-dark-spot-4g-x-6/1732230449237428579
802,SKINTIFIC 3% Tranexamic Acid Advanced Bright Serum 20ml สกินแคร์ มอยส์เจอไรเซอร์ เซรั่ม,TH,Konvy,111.0,5,12.0,386.00,THB,tranexamic acid serum,https://shop.tiktok.com/th/pdp/skintific-3-tranexamic-acid-serum-20ml-phiw-krachang-ais-ephim-khwamchumchuen/1730171850993207799
803,Niacinamide 10+TXA 4 Serum | Whitening & Dark Spot Removal & Moisturizing & Anti-Wrinkle | Multi-Effect Skincare,MY,KAYUE,110.0,4.9,24.0,21.90,MYR,niacinamide serum,https://shop.tiktok.com/my/pdp/sauvasine-niacinamide-10-txa-4-serum-pencerah-kulit/1734236250823886839
804,"nuorganic Midnight Revive Eyecream - Hydrating Bakuchiol Formula for Dark Circles, Puffy Under Eyes, Under Eye Brightener to Restore and Repair Skincare with Aloe, Apple",US,nuorganic,109.0,5,7.0,38.80,USD,eye cream dark circle,https://shop.tiktok.com/us/pdp/bakuchiol-eye-cream-by-nuorganic-midnight-revive-for-dark-circles/1729482365625537039
805,คลีน แอนด์ เคลียร์ เอสเซนเชียล เซลฟ์-โฟมมิ่ง เฟเชียล วอช ออยล์-ฟรี 150 มล. พร้อมหัวแปรงนวดหน้า[1 ขวด],TH,Muesa Mall,109.0,4.9,10.0,149.00,THB,facial cleansing brush,https://shop.tiktok.com/th/pdp/1735700848185017698
806,"Anti-Aging Booster Shot Duo Skincare Gift Set - Brightening Vitamin C & Retinol Serums, 2-Step AM/PM Routine, Beauty Products, Brightening Products, Daily Use Serum, Fades Dark Spots, Hyperpigmentation Treatment, Fine Lines Repair, Radiant Skin",US,ARENCIA STORE,108.0,5,7.0,29.99,USD,vitamin c serum,https://shop.tiktok.com/us/pdp/booster-shot-duo-anti-aging-bundle-vitamin-c-retinol/1732474073754013961
807,Perfect Glow                             Dark Spot Corrector Serum,US,Glisser Beauty,108.0,4.8,11.0,35.00,USD,dark spot corrector,https://shop.tiktok.com/us/pdp/radiance-glow-intense-serum-2pack-anti-aging-brightening-with-niacinamide/1729538540896948541
808,"Vaseline Intensive Care Dry Skin Repair Lotion Value Bundle (400ml/13.5oz) - Pure Oats Extract & Jelly, Daily Nourishing Gentle Body Moisturizer for Sensitive Irritated Skin, 72-Hour Deep Hydration, Fast-Absorbing Full Body Multipack",US,Egidoo,108.0,4.9,14.0,15.90,USD,body lotion,https://shop.tiktok.com/us/pdp/vaseline-dry-skin-repair-lotion-400ml-72hr-moisture-oat-extract/1732482729661075789
809,Am Herb POWERFUL A+ AGELESS AMPOULE SERUM ลดเลือนริ้วรอย ผิวดูอ่อนเยาว์,TH,Am Herb,108.0,5,7.0,427.00,THB,anti aging serum,https://shop.tiktok.com/th/pdp/am-herb-serum-ampoule-a-ageless-ld-elueon-riwroy-phiw-du-ooneyaw/1729588477527820716
810,Toner Evoluderm Lotion Tonique Dưỡng Ẩm Da và làm sạch dành cho da nhạy cảm 500ml,VN,Evoluderm,108.0,5,7.0,204.769,VND,exfoliating toner,https://shop.tiktok.com/vn/pdp/toner-evoluderm-lotion-cho-da-nhay-cam-500ml-lam-mem-duong-am/1729506517030373424
811,"SKINMADE Glass Skin 4 Pcs set/Salicylic Acid + Gluconolactone Gentle Renewing Cleanser, Vitamin C & E + Alpha Arbutin Serum, Tranexamic Acid + Retinal Serum, Antioxidants + Prebiotic Oats Repair Moisturiser Skincare",MY,SKINMADE,108.0,4.9,25.0,187.20,MYR,glass skin,https://shop.tiktok.com/my/pdp/set-penjagaan-kulit-skinmade-dengan-serum-dan-pelembap/1729596223430756887
812,"Vaseline Intensive Care Aloe Fresh Body Moisturizer Value Multipack Set - 100ml/3.4oz Non-Sticky Fast-Absorbing Lotion for Sensitive Skin, Cool, Daily Deep Hydration with Aloe Vera, Skin Restoration, Subtle Clean Scent, Beauty Product",US,Egidoo,107.0,4.5,16.0,9.52,USD,body lotion,https://shop.tiktok.com/us/pdp/vaseline-aloe-fresh-lotion-100ml-non-sticky-sensitive-skin/1732482664596083021
813,"TeaShell Serum Niacinamide 30ml, Anti Noda Gelap, Kurangkan Bintik Hitam, Cerahkan Kulit, Rawatan Kulit Kusam, Kawalan Minyak, Mencerahkan & Melembapkan Wajah, FDA Certified",MY,GlowCantik.MY,107.0,4.9,8.0,10.49,MYR,niacinamide serum,https://shop.tiktok.com/my/pdp/1736486609442473842
814,[BCD] PURITO SEOUL | WONDER RELEAF CENTELLA SERUM UNSCENTED 15 ml. | วันเดอร์ รีลีฟ เซนเทลล่า เซรั่ม อันเซ็นต์ 15 ml.,TH,Purito Seoul Thailand,106.0,4.9,9.0,216.86,THB,centella serum,https://shop.tiktok.com/th/pdp/purito-seoul-wonder-releaf-centella-serum-unscented-15ml/1732858280346355228
815,[6 ซอง/กล่อง] Glass Skin Niacinamide Glow Sunscreen - กันแดดซอง,TH,Glassskinofficial,106.0,4.7,10.0,310.00,THB,glass skin,https://shop.tiktok.com/th/pdp/khrimkanaedd-niacinamide-glow-spf50-pa-samhrab-phiw-krachang-ais/1732298307945401190
816,Kem nền dưỡng ẩm và giúp da căng bóng HD SKIN HYDRAGLOW FOUNDATION 30ML - MAKE UP FOR EVER,VN,PARIS FRANCE BEAUTY,106.0,4.7,6.0,1.476.360,VND,makeup foundation,https://shop.tiktok.com/vn/pdp/kem-nen-hd-skin-hydraglow-30ml-make-up-for-ever-duong-am/1730089615769766525
817,Mihada moisturize sensitive cream,MY,𝐍𝐇 𝐓𝐇𝐀𝐈 𝐒𝐡𝐨𝐩,105.0,4.5,8.0,12.30,MYR,sensitive skin moisturizer,https://shop.tiktok.com/my/pdp/sabun-organik-chanhom-harbal-untuk-kulit-sihat-bersih/1729495003003783020
818,"[Dr.Althea] Melaclear Cream 20ml - Tranezamic Acid(TXA), Niacinamide, Licorice Root Extract, Korean Vegan Skincare, Face Moisturizer for Dark Spot & Hyperpigmentation Care,",US,StyleKorean US,104.0,4.8,8.0,23.16,USD,vegan skincare,https://shop.tiktok.com/us/pdp/dr-althea-melaclear-cream-20ml-for-dark-spots-hydration/1732314495938892396
819,MizuMi Skincare UV Lip Glassy Mask 8 ml ลิปมาส์กกันแดด บำรุงริมฝีปาก,TH,BW ONLINE,104.0,4.9,15.0,172.00,THB,lip mask,https://shop.tiktok.com/th/pdp/lip-mas-kk-an-aedd-mizumi-skincare-bamrung-rimfipak-8-ml-sangsueo-aidthi-beauty-world/1730004174572587563
820,AHOHWA Kem Dưỡng Ẩm Da Mặt Shinning Ceramide Water Cream - Công Nghệ SRGF H1 COMPLEX & Ceramide - Cấp Ẩm Sâu Màng Ẩm 3 Tầng - Phục Hồi Da Khô Mụn Xỉn Màu,VN,AHOHWA COSMETIC STORE,103.0,5,3.0,414.949,VND,ceramide cream,https://shop.tiktok.com/vn/pdp/kem-duong-am-ahohwa-ceramide-water-cream-200g-cap-am-sau-lam-diu-da-tang-cuong-suc-song/1730189983234361483
821,SO CARE Kem chống nắng 70ml SPS 50 PA+++ Bảo vệ da toàn diện chống tia UVA UVB ngăn ngừa nám tàn nhang cấp ẩm cải thiện da khô ráp,VN,Mpphulieutocminhthu,103.0,4.3,6.0,140.211,VND,sunscreen spf50,https://shop.tiktok.com/vn/pdp/1730018567074187742
822,เซราวี CERAVE Skin Renewing Vitamin C Serum เซรั่มลดริ้วรอย เผยผิวกระจ่างใส ฟื้นบำรุงปราการผิว 30ml,TH,vitaminxpress,102.0,5,9.0,"1,090.60",THB,vitamin c serum,https://shop.tiktok.com/th/pdp/cerave-serum-witamin-si-10-khrim-namhom-samhrab-phiwkhaw-ais-khnad-30ml/1730941616278571438
823,"Tẩy tế bào chết Daily Beauty Brightening Peeling Gel cho làn da mềm mại, rạng rỡ 120ml, Skincare",VN,Bích Phương-TPCN CSSK&Sắc đẹp,102.0,4.5,6.0,343.702,VND,clean beauty,https://shop.tiktok.com/vn/pdp/tay-te-bao-chet-daily-beauty-120ml-duong-trang-lam-min-da/1730118714884459370
824,"Dark Spot Remover for Face and Body, Dark Spot Corrector Cream, Skin Brown Spot Remover, Skin Care Face Cream, Sun Spot Remover, Age Spot Corrector, Rapid Tone Repair Retinol",US,Thisnnets,101.0,4.2,9.0,49.99,USD,dark spot corrector,https://shop.tiktok.com/us/pdp/dark-spot-remover-cream-by-rapid-tone-repair-for-face-and-body/1729530471310791521
825,Siêu Tinh Chất serum Vitamin C Neogen Vitamin C SAP Neogen Dermalogy Real Vita C Serum 32g,VN,Vie Beaute Prime,101.0,4.9,7.0,565.080,VND,vitamin c serum,https://shop.tiktok.com/vn/pdp/serum-vitamin-c-neogen-dermalogy-real-vita-c-32g-mau-moi/1731559154351049273
826,"[SALE] Toner COMPLIMENT No Problem Salicylic Acid Làm Sạch Sâu, Kiềm Dầu, Giảm Mụn 200ml",VN,Viemart.vn,101.0,5,6.0,164.285,VND,salicylic acid cleanser,https://shop.tiktok.com/vn/pdp/sale-toner-compliment-no-problem-salicylic-acid-200ml-lam-sach-sau-kiem-soat-dau-giam-mun/1731917728055854204
827,bsc vitamin Brightening serum Wajah,MY,SN BRIGHT ENTERPRISE,101.0,4.5,4.0,17.00,MYR,brightening serum,https://shop.tiktok.com/my/pdp/bsc-vitamin-brightening-serum-untuk-kulit-lebih-cerah/1733466886735496680
828,Mihada moisturizer sensitive cream มอยส์เห็ด,MY,Riches Thai Shop,101.0,5,7.0,9.90,MYR,sensitive skin moisturizer,https://shop.tiktok.com/my/pdp/1734550470854870674
829,GLASS SKIN COMBO -ANTI AGING FOR SKIN TIGHTENING/ LIFTING AND WRINKLES WITH PORES (COMBO SALE),MY,Jennysarabianbeauty,101.0,5,7.0,437.50,MYR,glass skin,https://shop.tiktok.com/my/pdp/glass-skin-combo-anti-penuaan-untuk-ketatkan-kulit-hilangkan-kedutan/1729740263383205242
830,TINA TONER Tina Toner Skin – Complete Glow Care Set,US,Tina toner skin,100.0,4.5,26.0,160.00,USD,pore care toner,https://shop.tiktok.com/us/pdp/gluta-max-cream-by-tina-toner-dark-spots-skin-renewal/1731537960226952096
831,(3 ขวดใหญ่ แถม3 ขวดเล็ก) AMADO FACE Premium 24K Gold Collagen Anti-Aging Serum 100ml/ ต่อขวด - บำรุง,TH,Amado.office,100.0,4.6,9.0,"1,236.00",THB,anti aging serum,https://shop.tiktok.com/th/pdp/amado-face-24k-gold-collagen-serum-bamrung-phiw-eriyb-eniyn-6-khwd/1731675608326638025
832,"(MẪU MỚI) Toner Cốt Yến Safron saffron Drlacir dr lacir 100ml,Hỗ trợ cân bằng độ ẩm da,Giúp co nhỏ lỗ chân lông,sạch sâu (lacir amino acid mild toner dịu nhẹ)",VN,nhathuochanoi247,100.0,4.2,6.0,252.687,VND,pore care toner,https://shop.tiktok.com/vn/pdp/toner-cot-yen-saffron-drlacir-100ml-can-bang-do-am-se-khit-lo-chan-long-giup-da-sang-min/1730523355657374224
833,"[ Công ty ] Serum Synergy Therm Azelaic Acid 10% 30ml – Tinh chất Azelaic giúp giảm mụn, mờ thâm",VN,Suki auth,99.0,5,4.0,569.122,VND,azelaic acid,https://shop.tiktok.com/vn/pdp/tinh-chat-azelaic-10-30ml-giam-mun-mo-tham-serum-synergy/1735133978842596487
834,[MD CARE] Serum làm sáng da đa tầng và toàn diện thế hệ mới Brightenyl Serum – Advanced Brightening Complex 30ml,VN,Cây Rơm,99.0,5,7.0,428.514,VND,brightening serum,https://shop.tiktok.com/vn/pdp/serum-lam-sang-da-te-he-moi-brightenyl-30ml-duong-trang-da/1732255724052972726
835,Oni Angled Blackhead Removal Tweezer,TH,Konvy,97.0,4.9,8.0,82.00,THB,blackhead remover,https://shop.tiktok.com/th/pdp/khi-mth-ach-samhrab-khud-siwhawdam-aebb-ngay-si-dam-ekhrueongmueo-bamrung-phiwhna/1731197011005377015
836,[KOL x Estée Lauder] [MỚI] Kem dưỡng ẩm collagen phục hồi ban đêm Estee Lauder Revitalizing Supreme+ Night Power Bounce Creme 50ml -  với đa tác động chống lại quá trình lão hóa bao gồm nâng cơ và tăng độ săn chắc,VN,Estée Lauder Vietnam,97.0,5,10.0,3.455.061,VND,collagen cream,https://shop.tiktok.com/vn/pdp/kem-duong-am-estee-lauder-phuc-hoi-lao-hoa-ban-dem-cai-thien-collagen-tang-do-san-chac-da-giam-nep-nhan/1731787605470644484
837,"WATSONS Girlish Bright&Glow, gentle&mild  ,Acne&Clear micellar cleansing water คลีนซิ่ง วัตสัน เช็ดเครื่องสำอาง ทำความสะอาด ผิว",TH,BJ Shopping Mall,96.0,5,18.0,142.00,THB,clean beauty,https://shop.tiktok.com/th/pdp/watsons-micellar-cleansing-water-khnad-485ml-phlitphanth-thamkhwamsaoad-phiw/1729571698877893367
838,KEM NỀN ULTRA X10 COVER UP COLLAGEN FOUNDATION SPF15 100ML ENOUGH,VN,NGƯỜI ĐẸP CƠ BẮP,96.0,5,3.0,223.936,VND,makeup foundation,https://shop.tiktok.com/vn/pdp/kem-nen-ultra-x10-cover-up-collagen-spf15-100ml-che-khuyet-diem-bao-ve-da/1734225583229732281
839,Blackhead Remover Facial Skin Cleanser Vacuum Suction Pore Clean Machine Skin care Clean Beauty Device,MY,neozwshop,96.0,4.6,16.0,18.26,MYR,blackhead remover,https://shop.tiktok.com/my/pdp/pembersih-kulit-wajah-penghilang-hitam-mesin-vakum-pori/1733256329063138522
840,"Kem retinol KyungLab Alab giảm nếp nhăn, ngăn ngừa lão hoá, tái tạo làn da 30ml",VN,KYUNGLAB VIỆT NAM,95.0,5,6.0,844.280,VND,retinol cream,https://shop.tiktok.com/vn/pdp/kem-retinol-kyunglab-alab-cream-30ml-chong-lao-hoa-da/1729605499042302004
841,Glass skin foundation bymissyien,MY,kecikanjee,95.0,0,0.0,"2,202.00",MYR,glass skin/makeup foundation,https://shop.tiktok.com/my/pdp/1737524907149395933
842,"EZANIC GEL 20% - AZELAIC ACID 20% - GEL CHẤM MỤN/DƯỠNG DA MỜ THÂM MỤN, CHỐNG LÃO HÓA",VN,DƯỢC PHẨM HOÀNG ANH VŨ,94.0,4.3,3.0,181.697,VND,azelaic acid,https://shop.tiktok.com/vn/pdp/ezanic-gel-20-cham-soc-da-mo-tham-mun-chong-lao-hoa/1737019568371435369
843,[MALAYSIA READY STOCK] Sunscreen SPF50 PA+++ Sunblock for Face and Body UV Protection Isolation Refreshing Ultra Light pelindung matahari 50g Gift Facial Waterproof Perfect Gift,MY,Dewfall.MY,94.0,4.4,14.0,3.53,MYR,sunscreen spf50,https://shop.tiktok.com/my/pdp/sunscreen-spf50-pa-untuk-wajah-badan-pelindung-matahari/1736108274417042775
844,（ยกกล่อง 6 ซอง）MIHADA Moisturizer Sensitive Cream มอยเจอร์ไรเซอร์ ผิวแพ้ง่าย 7g,TH,A-nuratTasam,93.0,4.3,7.0,237.00,THB,sensitive skin moisturizer,https://shop.tiktok.com/th/pdp/1737317175011936154
845,[แพ็ค 10 ชิ้น] HADABIREI Whitening Mask Sheet 25g แผ่นมาสก์บำรุงผิวหน้าสูตรเพื่อผิว,TH,Konvy,93.0,5,14.0,209.00,THB,face mask sheet,https://shop.tiktok.com/th/pdp/mask-hna-hadabirei-25g-aephkh-10-chin-sutr-fokkhaw-bamrung-phiw/1732399196993521143
846,Salicylic Acid Cleanser Oil Control All Skin Types Alcohol Free Fragrance Free | Home care treatment,MY,Truebeautyconcept,93.0,4.7,15.0,44.00,MYR,salicylic acid cleanser,https://shop.tiktok.com/my/pdp/pencuci-asid-salisilat-pengawal-minyak-bebas-alkohol-wangian-rawatan-jerawat-untuk-semua-jenis-kulit/1729563187194530555
847,THROAT GOAT shot glass,US,intoxicatednyc,92.0,5,3.0,13.00,USD,glass skin,https://shop.tiktok.com/us/pdp/shot-glass-unique-cunty-design-perfect-gift/1731288093865513958
848,"SIOT Korean Skincare Bundle – Rice Mask, Herbal Facial Soap & Soap Dish | Complete Set for Gentle Cleansing, Hydration & Eco-Friendly Skincare Exfoliate Hydrating Daily Cleanser korean skincare products",US,Siot Store US,92.0,4.5,10.0,44.99,USD,korean skincare,https://shop.tiktok.com/us/pdp/siot-skincare-bundle-rice-mask-herbal-soap-eco-friendly-set/1731609358309167599
849,Music Flower Photo Genic Overtime Base Oil Free Foundation มิวสิค ฟลาวเวอร์ รองพื้นเนื้อครีม 30ml,TH,Meyday Cosmex,92.0,4.6,14.0,143.00,THB,makeup foundation,https://shop.tiktok.com/th/pdp/music-flower-photo-genic-overtime-base-oil-free-foundation/1734495989151794534
850,SERUM TRÀ XANH soHERBs Hỗ trợ làm mờ thâm giảm mụn  10ml Skincare Da nhạy cảm Chăm Sóc Da Làm Đẹp Da Tre Tre xỉn màu tranexamic Nữ Women,VN,MT BEAUTYY,92.0,5,24.0,140.213,VND,tranexamic acid serum,https://shop.tiktok.com/vn/pdp/serum-tra-xanh-soherbs-giam-mun-lam-mo-tham-10ml-cho-da-nhay-cam/1729622738292279520
851,"Azelaic Acid 20% Cream - Moisturizing, Nourishing, and Gentle Daily Care for the Skin.",MY,AFROWORLD,92.0,4.5,6.0,58.91,MYR,azelaic acid,https://shop.tiktok.com/my/pdp/1734421363845596451
852,Bella park foundation new look,MY,mawarshope6482,92.0,5,22.0,29.71,MYR,makeup foundation,https://shop.tiktok.com/my/pdp/bella-park-foundation-spf25-tekstur-ringan-dewy-finish/1729746010827556677
853,THERAMID Ceramide Treatment 30ml tinh chất phục hồi hàng rào bảo vệ da (Ceramide) [Hàng Công ty],VN,Lachimi Beauty - DMP cao cấp,91.0,5,3.0,1.995.315,VND,ceramide cream,https://shop.tiktok.com/vn/pdp/serum-duong-am-theramid-ceramide-cho-da-kho-nhay-cam/1732195925698513885
854,"[New] SERUM MEDICUBE TXA Niacinamide, 30ml | 15% TXA+Niacinamide",VN,LiinHouse-Săn Sale Hàn Quốc,90.0,5,7.0,559.898,VND,niacinamide serum,https://shop.tiktok.com/vn/pdp/serum-medicube-txa-niacinamide-30ml-15-txa-niacinamide-cham-soc-da-hieu-qua-khoi-phuc-hang-rao-bao-v/1729736446235675113
855,(กล่องx6) MERCI  MERCI SKIN CARE Vitamin C Serum เมอร์ซี่ สกินแคร์ วิตามินซี 4 กรัม / 5 กรัม,TH,Missbeauty-shop,89.0,5,4.0,310.00,THB,vitamin c serum,https://shop.tiktok.com/th/pdp/klong-x6-merci-vitamin-c-serum-4-kram-5-kram-sk-in-aekhr/1733257722481181949
856,เซราไมด์ เคโอริช Ceramide Glassy Creamy Korich ครีม,TH,โอก้าซัง,89.0,4.9,13.0,389.68,THB,ceramide cream,https://shop.tiktok.com/th/pdp/esra-mid-ek-ori-ch-keramide-glassy-creamy-korich-samhrab-phiwhna-aela-rob-dwngta/1731623291164788099
857,Serum Vitamin C White Skin Mix body cream 40ml,MY,ELYNN SHOP ONLINE,89.0,5,9.0,5.40,MYR,vitamin c serum,https://shop.tiktok.com/my/pdp/serum-vitamin-c-white-skin-mix-40ml-24k-gold-leaf-mencerahkan-10x/1729759450616595688
858,Serum Hỗ Trợ Dưỡng Trắng Mờ Nám Dr.Pepti Centella Dark Spot Solution Ampoule 30ml,VN,PT beauty storee,88.0,4.9,7.0,469.321,VND,dark spot corrector,https://shop.tiktok.com/vn/pdp/serum-ho-tro-duong-trang-lam-sang-da-cai-thien-vet-tham/1730048128895781434
859,"Eraser Soothing Cream, Lightweight Barrier Moisturizer with Centella & Ceramide NP for Hydration & Calm-Looking Skin, 1.69 fl. oz.",US,Arencia,87.0,4.8,6.0,36.40,USD,barrier repair cream,https://shop.tiktok.com/us/pdp/arencia-eraser-soothing-cream-hydrating-calming-1-69-fl-oz/1732312339515412997
860,Sữa dưỡng ẩm dịu lành cho da nhạy cảm CETAPHIL MOISTURIZING LOTION 236ML,VN,cetaphilvietnam,87.0,5,4.0,477.757,VND,sensitive skin moisturizer,https://shop.tiktok.com/vn/pdp/sua-duong-am-diu-lanh-cho-da-nhay-cam-237ml-cetaphil/1732657280515802127
861,Dầu gội xả ngừa rụng tóc Davines Energizing 250ml,VN,MYPHAMTOCLUXURY,87.0,5,6.0,566.248,VND,hair loss shampoo,https://shop.tiktok.com/vn/pdp/dau-goi-xa-tinh-chat-ngan-ngua-rung-toc-davines-energizing/1730234939919337623
862,LABORE MOISTURISER REPAIR BARRIER SENSITIVE SKIN MOISTURISER,MY,A&A Mystic Market,87.0,5,11.0,33.00,MYR,sensitive skin moisturizer,https://shop.tiktok.com/my/pdp/moisturiser-repair-barrier-labore-kulit-sensitif-vegan-jerawat/1732681548081759595
863,Serum Niacinamide 12% + NAG 5% - Serum B3 DrCeutics - 30ml,VN,4 BEAUTY COSMETICS,86.0,5,5.0,207.162,VND,niacinamide serum,https://shop.tiktok.com/vn/pdp/serum-niacinamide-12-nag-5-drceutics-30ml-duong-da-vitamin-b3-lam-sang-da-giam-mun/1729622638515948107
864,ACNE CREAM,MY,Jennysarabianbeauty,86.0,5,6.0,132.70,MYR,acne treatment,https://shop.tiktok.com/my/pdp/krim-jerawat-menghilangkan-bekas-merah-menebatkan-akar/1729578726208866682
865,Face Cleanser Brushes Silicone Soft Bristle Brush Mini Face Wash Massage Brush Face Scrubber Zehco,MY,Zehco.os,86.0,4.9,11.0,1.60,MYR,facial cleansing brush,https://shop.tiktok.com/my/pdp/berus-pembersih-muka-silikon-lembut-untuk-wajah-bersih-segar/1730424639538955932
866,(Date 12/2025) Combo Giải pháp da mụn AC Control - Jeu’Demeure,VN,Jeu Demeure,85.0,4.8,10.0,239.454,VND,acne treatment,https://shop.tiktok.com/vn/pdp/combo-da-mun-ac-control-jeudemeure-danh-cho-da-nhay-cam/1731534126427703099
867,Serum Spotlite Dark Skin Spots Correction Hyaluronic Acid 2% 30ml - Danpharm,VN,ROCY - Beauty&Wellness,85.0,5,4.0,457.588,VND,dark spot corrector,https://shop.tiktok.com/vn/pdp/serum-spotlite-duong-da-den-chong-lao-hoa-tan-nang/1729987115257531253
868,"3FS Serum POND'S Age Miracle Double Hỗ Trợ Dưỡng Ẩm Da, Làm Đều Màu Da Và Hạn Chế Vấn Đề Về Lão Hoá Nữ 30G",VN,Unilever Beauty,85.0,4.8,10.0,400.833,VND,anti aging serum,https://shop.tiktok.com/vn/pdp/serum-ponds-age-miracle-giup-tre-hoa-chong-lao-hoa/1729766688670845651
869,"TINA TONER Tones and NOURISHING BODY OIL papaya Skincare 16 oz Moisturizing Body Oils Glow Oil, Lemon, Vitamin C",US,Tina toner skin,84.0,4.4,14.0,40.00,USD,pore care toner,https://shop.tiktok.com/us/pdp/tina-toner-nourishing-body-oil-papaya-turmeric-lemon-vitamin-c/1732301346314294176
870,CLEARASOFT BARRIER MOISTURIZING CREAM ครีมบำรุงผิว เพื่อผิวแพ้ง่าย เสริมเกราะป้องกันผิว ผิวชุ่มชื้น แข็งแรง,TH,BGRIMM Pharma Health and Beauty,84.0,5,5.0,414.00,THB,barrier repair cream,https://shop.tiktok.com/th/pdp/1735243270830065472
871,"[Chính hãng]Tinh Chất Serum Hỗ Trợ Làm Trắng Sáng Da, Dưỡng Ẩm, Cải Thiện Thâm Sạm - SERUM SUPER BRIGHTENING ESSENCE 30ml",VN,Anh’s Thư House,84.0,5,6.0,151.628,VND,brightening serum,https://shop.tiktok.com/vn/pdp/1733264486308742410
872,"Sa-dor Niacinamide Serum 30ml - Niacinamide for Healthy, Hydrated Skin",US,dnelsonenterprises,83.0,4.8,11.0,13.45,USD,niacinamide serum,https://shop.tiktok.com/us/pdp/sadoer-niacinamide-serum-30ml-for-hydrated-youthful-skin-smooth-texture-even-skin-tone/1731442013840249690
873,"[New] [COSRX Official] Azelaic Acid 10 B5 Redness Soothing Cream 30mL / 1.01 fl. oz. l Azelaic Acid, BlemishCare, Non Comedogenic, Redness Rescue Cream, Derm Cream",US,COSRX US,83.0,4.5,4.0,26.00,USD,azelaic acid,https://shop.tiktok.com/us/pdp/cosrx-azelaic-acid-10-b5-cream-redness-soothing-30ml/1732507252581961899
874,[glow] aloe hydrogel sheet mask,US,glow US official,83.0,2,1.0,23.00,USD,face mask sheet,https://shop.tiktok.com/us/pdp/glow-aloe-hydrogel-sheet-mask-soothing-hydration-3pcs/1731935046563172446
875,"[HÀNG CÔNG TY] Tinh chất serum rau má Zymogen Centella Ferment Serum phục hồi, làm dịu da - DermaPlus",VN,DermaPlus - Dược Mỹ Phẩm Da Liễu,83.0,5,1.0,1.301.268,VND,centella serum,https://shop.tiktok.com/vn/pdp/tinh-chat-serum-rau-ma-zymogen-phuc-hoi-da-chiet-xuat-tu-nhien-giam-mun-cap-am-lam-sang-da/1731347342576551375
876,Ủ môi beful by dưỡng môi mềm mại hydrating glow lip mask berry,VN,NGƯỜI ĐẸP CƠ BẮP,83.0,4.8,5.0,197.694,VND,lip mask,https://shop.tiktok.com/vn/pdp/1733262663450068409
877,FAYCY CUSHION FOUNDATION WARM NATURAL/MEDIUM LIGHT/CARAMEL/FAIR,MY,BEAUTY MALL3,83.0,4.3,9.0,18.46,MYR,makeup foundation,https://shop.tiktok.com/my/pdp/cushion-foundation-faycy-warm-natural-medium-light-caramel-fair/1732198080247596310
878,"COMBO DƯỠNG NÂNG TONE DA SAU KHI PEEL- dưỡng sau khi peel, mờ nám, mờ tàn nhang, căng bóng, cấp ẩm năng tone da",VN,Tuyết lên shop 79,82.0,5,5.0,579.340,VND,post procedure skincare,https://shop.tiktok.com/vn/pdp/1733091613995336999
879,Density Peptide Hair Serum,US,Verb Products,81.0,4.8,81.0,30.00,USD,peptide serum,https://shop.tiktok.com/us/pdp/density-peptide-hair-serum-by-verb-boosts-hair-thickness/1731288463685488653
880,"[CLEARSTEM] VIBRANCE-C Clinically Tested Milkly Glow Activating Vitamin C Serum, Vitamin C (3-O Ethyl Ascorbate), Gallic Acid, Bisabolol, Immediate Glow, Lasting Brightness, Visibly Brightens Skin, For Acne-Prone and Sensitive Skin, 1.35 fl oz",US,CLEARSTEM Skincare,80.0,4.9,19.0,98.00,USD,vitamin c serum,https://shop.tiktok.com/us/pdp/vibrance-c-serum-for-brighter-skin-anti-aging-benefits/1732340090737562391
881,"TTONE LUXURY CUSTOMIZE BODY CREAM . RADIANT MOISTURIZER WITH ANTIOXIDANT, VITAMIN C , COLLAGEN . MOISTURIZER, Smooth, Body Care",US,Tina toner skin,79.0,4.7,15.0,81.00,USD,pore care toner,https://shop.tiktok.com/us/pdp/ttone-custom-body-cream-radiant-moisturizer-antioxidant/1729492579481261984
882,Cute Press คลีนซื่งล้างหน้า มีให้เลือก 3 สูตร Pure Origin Cleansing เพียว ออริจิน ไมเซลลาร์ เคล็นซิ่ง ทำความสะอาดเมคอัพ ล้างเครื่องสำอาง ไม่ทำให้เกิดการอุดตัน,TH,เมคอัพ7,79.0,4.9,21.0,196.00,THB,clean beauty,https://shop.tiktok.com/th/pdp/cute-press-phlitphanth-sk-in-aekhr-3-in-1-samhrab-phiw-aeph-ngay-pkpong-phiw/1729579080858044819
883,RYO Official Store | Hair Loss Expert Care Shampoo 400ml (Normal/ Dry Scalp) | Anti Hair Fall & Strengthening | Kuatkan Akar Rambut & Kurangkan Gugur,MY,AMOREPACIFIC Hair & Beauty,79.0,4.9,20.0,66.00,MYR,hair loss shampoo,https://shop.tiktok.com/my/pdp/shampoo-ryo-care-pakar-keguguran-rambut-400ml-scalp-kering-ginsen9ex-menyuburkan-akar-rambut/1730529248882492928
884,TINA TONER HYDRATING VITAMIN C FACE MOISTURIZER Cream Moisturizing Even tone,US,Tina toner skin,78.0,4.5,13.0,35.00,USD,pore care toner,https://shop.tiktok.com/us/pdp/moisturizing-cream-by-tina-toner-skin-hydrating-vitamin-c-30g/1729900806987355040
885,CARE:NEL Niacinamide Zinc Serum 30 ml,TH,EiEi-BEAUTY,78.0,4.6,7.0,427.00,THB,niacinamide serum,https://shop.tiktok.com/th/pdp/es-ram-bamrung-phiw-care-nel-niacinamide-zinc-khnad-30-ml-es-ram-bamrung-phiwhna-samhrab-phuhying-aela-phuchay/1732314291981223705
886,"[ Tặng 2 Nạ PDRN ] Tinh chất Skin Brightener Plus Pharmaform. Serum giúp sáng da, cải thiện da thâm, nám 30ml.",VN,Nguyen Nhung DMP,78.0,5,7.0,586.651,VND,dark spot corrector,https://shop.tiktok.com/vn/pdp/tay-te-bao-chet-dr-shee-200ml-aha-10-gel-duong-da/1731151950705232635
887,Sửa  rửa mặt PH 5.5 thuần chay dịu nhẹ sạch sâu,VN,NGƯỜI ĐẸP CƠ BẮP,78.0,5,2.0,253.032,VND,clean beauty,https://shop.tiktok.com/vn/pdp/sua-rua-mat-ph-5-5-thuan-chay-diu-nhe-sach-sau-130g/1731888576300352953
888,BRIGHTENING EXFOLIATING TONER,MY,Lumier.My,78.0,4.7,19.0,105.00,MYR,exfoliating toner,https://shop.tiktok.com/my/pdp/brightening-exfoliating-toner-lumier-skin-profesional-mencerahkan-mengurangi-bintik-gelap-memperbaik/1729686960279487700
889,[APRILSKIN Official] [NEW] A.C.E. 3-SECOND Soothing & Brightening Serum Duo: Mugwort Centella Serum & Vita Kojic Serum | Mugwort + Centella Dual Calming | Vitamin C + Kojic Complex,US,APRILSKIN,77.0,4.7,15.0,47.80,USD,centella serum,https://shop.tiktok.com/us/pdp/a-c-e-serum-duo-by-aprilskin-soothing-mugwort-brightening-vitamin-c/1732313803729375829
890,CUTE PRESS แป้งงานผิว แป้งผสมรองพื้น BEAUTIFUL AIRY MATTE FOUNDATION POWDER SPF 30 PA+++ เครื่องสำอาง,TH,Tukfashion,77.0,4.8,5.0,267.00,THB,makeup foundation,https://shop.tiktok.com/th/pdp/cute-press-aepng-phsm-rongphuen-beautiful-airy-matte-spf-30-pa/1729665755633519080
891,[MUA 599K TẶNG MINI SIZE 50ML] Kem Dưỡng Da Mặt Cho Em Bé Có Da Nhạy Cảm Mustela SOOTHING MOISTURIZING CREAM FACE 40ml Cho Bé,VN,Tinhteebeauty,77.0,4.9,9.0,277.408,VND,sensitive skin moisturizer,https://shop.tiktok.com/vn/pdp/kem-duong-da-mat-mustela-40ml-cho-da-nhay-cam-mua-599k-tang-mini-50ml/1729776872421623971
892,*ship from m'sia* Disposable Sheet Face sheet massage Bed Face Hole Cover 100pcs,MY,ANLOOY,77.0,4,1.0,11.39,MYR,face mask sheet,https://shop.tiktok.com/my/pdp/set-penutup-muka-urutan-sekali-pakai-100pcs-untuk-salon-spa/1729769431716496459
893,Ceramide Collagen + Peptides Body Toning Cream - IYKYK,US,Makari Shop Online,76.0,4.8,10.0,37.70,USD,ceramide cream,https://shop.tiktok.com/us/pdp/ceramide-collagen-peptides-cream-by-makari-firming-vegan-cruealty-free/1731618271176266225
894,[ĐỘC QUYỀN] Máy Rửa Mặt Emmié Premium Facial Cleaning Brush Sonic Plus Emmié by Happyskin,VN,HappySkin Vietnam,76.0,5,5.0,871.736,VND,facial cleansing brush,https://shop.tiktok.com/vn/pdp/may-rua-mat-emmie-premium-sonic-plus-cham-soc-da-hieu-qua/1734341780443071536
895,FULL SET ITEM AM HERB SKINCARE JERAGAT || SERUM BRIGHTENING || SERUM MELASMA || KRIM MELASMA || SUNCREAN UV (SET PURPLE JERAGAT)(SET MERAH JERAWAT),MY,FF STORE EMPIRE,76.0,4.8,13.0,6.00,MYR,brightening serum,https://shop.tiktok.com/my/pdp/set-am-herb-skincare-jeragat-serum-brightening-krim-melasma/1729657262675298997
896,Clean&Clear foaming face wash 100 ml,TH,BLUESKINCARE,75.0,4.9,8.0,175.00,THB,facial cleansing brush,https://shop.tiktok.com/th/pdp/1731585598718970505
897,So Polished,US,Tula,74.0,4.8,1230.0,44.20,USD,post procedure skincare,https://shop.tiktok.com/us/pdp/exfoliating-sugar-scrub-by-brand-gentle-face-scrub-with-probiotics/1729404709040722312
898,【Buy 1 Take 1】AXIS-Y Dark Spot Correcting Glow Serum 50 ml. | ดูแลผิว เซรั่มปรับสีผิวสม่ำเสมอเรียบเนียน  สกินแคร์,TH,AXIS-Y OfficialThailand,74.0,4.6,10.0,281.23,THB,dark spot corrector,https://shop.tiktok.com/th/pdp/1731472787795641466
899,Tinh chất ngừa mụn nám sắc hồng  và bột rửa mặt,VN,NHƯ Ý SHOP MỸ PHẨM 2,74.0,5,5.0,576.867,VND,acne treatment,https://shop.tiktok.com/vn/pdp/tinh-chat-ngua-mun-nam-sac-hong-bot-rua-mat-duong-da/1729773303424321948
900,"LVA (Tặng Set Mặt Nạ Brlab) Toner Cân Bằng Da Vacure:treat 145ml Cân Bằng - Làm Mịn - Thông Thoáng Lỗ Chân Lông, Làm Sạch Bụi Bẩn, Kiểm Soát Dầu Thừa",VN,Lê Vân Anh Cosmetics,74.0,3.7,6.0,853.387,VND,pore care toner,https://shop.tiktok.com/vn/pdp/toner-can-bang-da-vacure-treat-pore-purifying-145ml-duong-am-se-khit-lo-chan-long-phu-hop-da-nhay-ca/1729986898342414904
901,Sữa dưỡng ẩm tối ưu cho da nhạy cảm dProgram Moisturizing Care Emulsion 100ml,VN,dprogramvietnam,74.0,3.9,8.0,560.863,VND,sensitive skin moisturizer,https://shop.tiktok.com/vn/pdp/sua-duong-da-kho-nhay-cam-d-program-moist-care-100ml/1729747111260358828
902,"Peak Performance Dual-Function SPF50 Everyday Anti-Allergic Barrier-Boosting Sunscreen for Face, Body & All Skin Types, Sunscreen Everyday",US,Freaks of Nature,73.0,5,2.0,38.00,USD,sunscreen spf50,https://shop.tiktok.com/us/pdp/spf-50-sunscreen-by-peak-performance-water-resistant-80-min-with-zinc/1730552874290221701
903,มอยส์เจอไรเซอร์ เอสเซ้นส์ โซลูชานิโคตินิก แอซิด ซื้อ 1 แถม 1 ฟรี,TH,Stella.Luxe,73.0,0,0.0,168.00,THB,snail mucin essence,https://shop.tiktok.com/th/pdp/moysechoairesor-eos-es-ns-niokhtin-ik-aeosid-sueo-1-aethm-1-fri/1731327802208585558
904,ครีมกิมจิเกาหลี บริษัทGoodSkin (ชุดโปร) สกินแคร์,TH,A.nan Shop,73.0,4.6,12.0,731.00,THB,korean skincare,https://shop.tiktok.com/th/pdp/khrim-kimchi-ekahli-goodskin-phrom-sngesrim-phiw-swy-dwy-kar-bamrung/1730220703846074487
905,Toner Giúp Hỗ Trợ Làm Sạch Sâu Lỗ Chân Lông Be The Skin BHA+ Pore Zero Toner 150ml,VN,BE THE SKIN Vietnam,73.0,4,1.0,402.002,VND,pore care toner,https://shop.tiktok.com/vn/pdp/1731341868636735995
906,Oni Angled Blackhead Removal Tweezer,TH,Konvy Selected,72.0,5,6.0,82.00,THB,blackhead remover,https://shop.tiktok.com/th/pdp/khi-mth-ach-samhrab-khud-siwhawdam-aebb-ngay-sid-am-aebrnd-konvy/1731811034164529181
907,[2 ก้อน] AmYours Pure Cleansing Soap สบู่ทำความสะอาดผิว สูตรอ่อนโยน ผิวชุ่มชื้น ดูใสขึ้น | ลดสิ่งสกปรกตกค้าง,TH,Cherry De Beauty,72.0,4.8,4.0,343.00,THB,clean beauty,https://shop.tiktok.com/th/pdp/1735624207992325451
908,[KOL] Peel Da Dermalogica Powerbright Dark Spot Peel Hỗ Trợ Làm Sáng Các Vệt Đốm Nâu 50ml,VN,Dermalogica Vietnam,72.0,5,2.0,2.489.694,VND,dark spot corrector,https://shop.tiktok.com/vn/pdp/peel-da-dermalogica-powerbright-50ml-lam-sang-dom-nau-tay-te-bao-chet-duong-min-da/1731786063996291415
909,Korean Brightening Cream | Collagen & Vitamin C Moisturizer | Advanced Radiant & Firming Formula | Deep Hydrating K-Beauty Facial Care for Glowing Skin,US,SylusLuz,71.0,5,3.0,7.99,USD,collagen cream,https://shop.tiktok.com/us/pdp/korean-brightening-cream-collagen-vitamin-c-deep-hydration/1732547203109654556
910,"DEWORA BEAUTY & CARE PDRN Pink Collagen Facial Mask (4-Pack) - Korean Skincare Hydrating Beauty Face Mask for Women, Anti-Wrinkle Firming Moisturizer, Repairs, Replenishes, Minimizes Pores, Brightens with Niacinamide, Targets Uneven Skin Tone",US,Dewora Store US,71.0,4.9,22.0,17.99,USD,face mask sheet,https://shop.tiktok.com/us/pdp/dewora-pdrn-collagen-gel-mask-hydrating-brightening/1732337833038156119
911,Ceramides Hair Cream / Crema Ceramidas 300ml - Haircare Product for Stylish and Radiant Hair Haircare,US,HerShop Beauty Supplies,70.0,4.4,7.0,7.29,USD,ceramide cream,https://shop.tiktok.com/us/pdp/ceramides-hair-cream-by-ceramidas-300ml-hydrating-styling-cream/1730696900248703412
912,"[Torriden Official] BALANCEFUL Refining Toner 250ml / 8.45 fl.oz. | Exfoliating Facial Toner for Bump-free Skin with Centella Asiatica Extract, Affordable Skincare",US,Torriden US,70.0,5,8.0,24.00,USD,exfoliating toner,https://shop.tiktok.com/us/pdp/exfoliating-soothing-toner-for-sensitive-skin-250ml-8-45-fl-oz/1731680988164821928
913,GoodAge โลชั่นบำรุงผิว กู๊ดเอจ ดาร์ก สปอต คอเรคเตอร์ แอนตี้ออกซิแดนท์ DARK SPOT CORRECTOR Anti-Oxidant 400 มล.,TH,Lion Thailand,70.0,5,13.0,234.00,THB,dark spot corrector,https://shop.tiktok.com/th/pdp/goodage-khrim-bamrung-phiw-dark-spot-corrector-anti-oxidant-400ml/1729603222356855033
914,โทนเนอร์ BK Acne Pore Minimizing&Brightening Toner บีเค โทนเนอร์สิวBK บำรุงผิวหน้า ชุ่มชื้น,TH,may-coco,70.0,5,5.0,551.00,THB,pore care toner,https://shop.tiktok.com/th/pdp/1733034231075276436
915,可复美KOMFYMED RECOMBINANT COLLAGEN RESTORATION SINGLE USE ESSENCE Repair the skin barrier,MY,Komfymed.my,70.0,5,6.0,44.10,MYR,barrier repair cream,https://shop.tiktok.com/my/pdp/pati-serum-kolagen-rekombinan-komfymed-membaiki-penghalang-kulit-melembapkan-sesuai-untuk-kulit-sens/1729758325035927526
916,"Brightening Body Lotion 500g, Moisturizing Body Care Lotion for Dry Skin, Helps Keep Skin Soft and Smooth, Suitable for Daily Use",MY,Vela Lab shop,70.0,4.7,20.0,6.64,MYR,body lotion,https://shop.tiktok.com/my/pdp/1736827064980702628
917,Skincical Aloe Vera Gel A+ 98% ว่านหางจระเข้ บำรุงผิวชุ่มชื่น ผิวหน้าและผิวกาย ไม่เหนียวเหนอะหนะ ใช้ร่วมกับเมคอัพได้ดี ผิวใส ผิวขาว ผิวสวย สำหรับผิวที่แห้งกร้านขาดน้ำ,TH,SKINY SHOP,69.0,4.7,3.0,182.00,THB,vegan skincare,https://shop.tiktok.com/th/pdp/1733263617731626888
918,Kem dưỡng ẩm Cetaphil Moisturizing Cream Dry To Very Dry Sensitive Skin dành cho da nhạy cảm,VN,DN Cosmetics Store,69.0,4.8,10.0,201.037,VND,sensitive skin moisturizer,https://shop.tiktok.com/vn/pdp/kem-duong-am-cetaphil-cho-da-kho-nhay-cam-50g-453g/1732730120957035630
919,"Bàn chải làm sạch silicon POLOSP, Bàn chải rửa mặt chăm sóc da mềm mại, làm sạch mặt loại bỏ mụn đầu đen thân thiện với da Skincare Women Làm Đẹp Da",VN,Han..Decor,69.0,5,5.0,29.097,VND,facial cleansing brush,https://shop.tiktok.com/vn/pdp/ban-chai-silicon-polosp-lam-sach-da-mem-mai-ngua-mun-dau-den/1731207198034266765
920,pembersih make up toner pembersih muka(TONER),MY,Tarry Beauty Shop,69.0,4.6,12.0,5.40,MYR,pore care toner,https://shop.tiktok.com/my/pdp/pembersih-muka-toner-pembersih-make-up-bersih-dan-segar-200ml/1730819155916392352
921,เซราไมด์ เคโอริช Ceramide Glassy Creamy Korich 30 ML.,TH,ployfahsaishop,68.0,4.8,18.0,132.00,THB,ceramide cream,https://shop.tiktok.com/th/pdp/esra-mid-ko-ri-ch-khrim-klas-si-khrim-emy-khnad-30-ml-bamrung-phiw-eriyb-eniyn/1731410674044208975
922,AESTURA ATOBARRIER365 HYDRO SERUM 30ML เซรั่มบำรุงผิว เพิ่มความชุ่มชื้น,TH,AESTURA THAILAND,68.0,0,0.0,"1,128.00",THB,hydrating serum,https://shop.tiktok.com/th/pdp/es-ram-aestura-atobarrier365-hydro-30-ml-ephim-khwamchumchuen-fuenfu-phiw-aehng-ld-elueon-riwroy-ehmaasamhrab-phiw-bobbang/1732270836517538575
923,Toner Tía Tô Làm Đẹp Da Dưỡng Sáng 500ml Nhật Bản- Skincare,VN,marie.japan,68.0,4.9,11.0,123.432,VND,pore care toner,https://shop.tiktok.com/vn/pdp/1729431911183256153
924,"Moisturizing sunscreen ,Mild and Skin-Friendly, SPF50 PA+++ Reliable Protection, Hydrates and Protects the Whole Family’s Skin, a Practical Choice for Daily Sun Care.",US,ChicCratee,67.0,4.6,14.0,8.98,USD,sunscreen spf50,https://shop.tiktok.com/us/pdp/moisturizing-sunscreen-spf50-pa-broad-spectrum-uv-defense/1732276983252357396
925,ราคาพิเศษ SeoulDerma HCS Anti-AgingSerum แอนตี้-เอจจิ้งเซรั่ม,TH,Seoul Derma,67.0,4.7,3.0,101.00,THB,anti aging serum,https://shop.tiktok.com/th/pdp/seoulderma-hcs-serum-ld-elueon-riwroy-ephim-khwamchumchuen-30ml/1729650978209762200
926,Glass Skin Antioxidant Water Gel Moisture Bomb,TH,Glassskinofficial,67.0,5,5.0,"1,058.00",THB,glass skin,https://shop.tiktok.com/th/pdp/gel-echl-bamrung-phiwhna-ld-elueon-roy-hmong-khlam-anti-aging/1730065140060752742
927,Giấy lột mụn Lency màu trắng bịch 100 miếng,VN,BestU,67.0,5,4.0,50.566,VND,face mask sheet,https://shop.tiktok.com/vn/pdp/giay-lot-mun-cherting-trang-100-mieng-de-su-dung-lam-sach-sau-se-khit-lo-chan-long/1730106012795374350
928,FOUNDATION VIRAL BEAUTY Makeup,MY,MILIQIE BEAUTE COSMETIC,67.0,2,2.0,4.39,MYR,makeup foundation,https://shop.tiktok.com/my/pdp/pembasuh-wajah-berkilat-untuk-kulit-sihat-cantik/1729467432278133619
929,Prink Retinol & Collagen Cream,TH,พรายแพรว,66.0,4.9,12.0,"1,142.00",THB,retinol cream,https://shop.tiktok.com/th/pdp/prink-retinol-collagen-cream-khrim-namhom-samhrab-phiw-swy/1731638203506197555
930,สกาย ไบรท์เทนนิ่ง เซรั่ม SKY BRIGHTENING SERUM บำรุงผิวกาย ด้วย TRANEXAMIC ACID ALPHA-ARBUTIN NIACINAMIDE และ LACTIC ACID 100 ml ช่วยให้ผิวดูกระจ่างใส สม่ำเสมอ,TH,งามว่าดี,66.0,5,6.0,72.00,THB,tranexamic acid serum,https://shop.tiktok.com/th/pdp/sky-brightening-serum-100ml-bamrung-phiwhna-body-fuenfusphaph-phiw/1730715846758402924
931,Siêu Tinh Chất serum Vitamin C Neogen Vitamin C SAP Neogen Dermalogy Real Vita C Serum 32g,VN,Vie Beaute Prime,66.0,3.7,3.0,465.985,VND,vitamin c serum,https://shop.tiktok.com/vn/pdp/serum-vitamin-c-neogen-dermalogy-real-vita-c-32g-mau-moi/1731528197936679481
932,Kem Cốt Trắng Collagen 20gr( Kèm 1 Serum Meso Collagen 5ml ) - Hỗ Trợ Chăm Sóc Da - Hỗ Trợ Da Không Đều Màu,VN,shopUyen NhiNhi,66.0,3.8,4.0,179.734,VND,collagen cream,https://shop.tiktok.com/vn/pdp/kem-cot-trang-collagen-30g-serum-meso-5ml-duong-da-nam-lan-da-dong-bo/1732077568780502159
933,"(TẶNG MẶT NẠ + Serrum) COMBO DƯỠNG TRẮNG SAU PEEL DA 20g - dưỡng trắng và phục hồi da sau khi peel, trẻ hóa da",VN,Ngọc Chuyên Peel,66.0,5,9.0,575.992,VND,post procedure skincare,https://shop.tiktok.com/vn/pdp/combo-duong-trang-conbo-sau-peel-phuc-hoi-da-cap-am-chong-nang/1732263088896772860
934,"[Official Medicube Partner] Deep Vita C Capsule Serum 30ml | Vitamin C Serum for Dull & Uneven-Looking Skin - Liposome Capsules for Smooth, Radiant Texture, Korean Skincare",US,StyleKorean US,65.0,5,4.0,31.30,USD,vitamin c serum,https://shop.tiktok.com/us/pdp/deep-vita-c-capsule-serum-30ml-medicube-brightens-dull-skin-hydrates-with-hyaluronic-acid-korean-skincare/1732516815549928044
935,Bare Butter Emulsified Body Butter sensitive skin,US,Honeydoll soap,65.0,5,12.0,13.12,USD,sensitive skin moisturizer,https://shop.tiktok.com/us/pdp/bare-butter-emulsified-body-butter-for-sensitive-skin/1729597422903267504
936,THE SKIN COLLECTION - Serum Niacinamide10% + NAG8% (30ml.) ไนอะซินาไมด์ สิบเปอร์เซ็นต์ พลัส เอ็นเอจี แปดเปอร์เซ็นต์ 30ml,TH,EVEANDBOY TH,65.0,5,3.0,161.00,THB,niacinamide serum,https://shop.tiktok.com/th/pdp/es-ram-niacinamide-10-nag8-khnad-30ml-chak-aebrnd-eveandboy/1730988261591517571
937,Oxecure Ultra Gentle Moisturizer 10 ml ครีมบำรุงผิวหน้า เนื้อครีมบางเบาสูตรอ่อนโยนพิเศษ สำหรับผิวบอบบางแพ้ง่าย มอยเจอร์ไรเซอร์ ผิวชุ่มชื้น,TH,THAI ALL SHOPPING,65.0,4.2,5.0,40.00,THB,sensitive skin moisturizer,https://shop.tiktok.com/th/pdp/oxecure-ultra-gentle-moisturizer-10ml-khrim-namhom-oonoyn/1729650532975282324
938,Hộp 7 viên Serum dưỡng da chống lão hóa Sakura Age Defying DNA Repair Serum,VN,Cửa Hàng Mỹ Phẩm Hoa Anh Đào,65.0,0,0.0,346.997,VND,anti aging serum,https://shop.tiktok.com/vn/pdp/hop-7-vien-serum-chong-lao-hoa-sakura-dna-repair-duong-da/1730319039907072015
939,10 Miếng Mặt Nạ SURMEDIC Mask Sheet 30g Microfiber Chăm Sóc Da Dưỡng Ẩm Da,VN,Phương Hạnh Cosmetic,65.0,4,1.0,166.761,VND,face mask sheet,https://shop.tiktok.com/vn/pdp/mat-na-surmedic-10-mieng-duong-am-cho-moi-loai-da-cap-nuoc-tuc-thi/1730809489170532858
940,"Chống nắng Hàn,hỗ trợ sáng da,da bóng mịn trắng sáng",VN,Vân bán kem,65.0,5,6.0,268.741,VND,korean skincare,https://shop.tiktok.com/vn/pdp/chong-nang-han-ho-tro-sang-da-da-bong-min-trang-sang-kiem-dau/1732786125460898916
941,Serum Vitamin C Serum 561 esthe pro 100ML Làm Đẹp Da Women,VN,24H SKIN,64.0,4.8,8.0,261.895,VND,vitamin c serum,https://shop.tiktok.com/vn/pdp/serum-vitamin-c-561-esthe-pro-100ml-duong-trang-tai-tao-da/1729634919664945892
942,"[KỲ KỲ X ANTEAGE] Kem Dưỡng Hỗ Trợ Phục hồi, Sửa Chữa Hàng Rào Bảo Vệ Da AnteAGE Barrier Repair Biosomes - 50ml",VN,HiBeauty..Cosmetics,64.0,5,1.0,4.004.788,VND,barrier repair cream,https://shop.tiktok.com/vn/pdp/1737146666358834887
943,TiegeClear Salicylic Acid Face Wash - Acne Cleanser w/ Panthenol (B5) + Allantoin - Oil Control + Redness,US,Tiege Hanley,63.0,4.8,18.0,29.90,USD,salicylic acid cleanser,https://shop.tiktok.com/us/pdp/salicylic-acid-cleanser-for-men-by-tiege-hanley-control-oil-reduce-redness-clear-skin/1731054606133465867
944,"Pixi Glow Tonic Facial Toner - 250ml Exfoliating, Hydrating Single Item with Aloe Vera, Glycolic Acid for Radiant Skin, All Skin Types",US,Pixi Beauty,63.0,5,53.0,35.00,USD,exfoliating toner,https://shop.tiktok.com/us/pdp/exfoliating-toner-pixi-glow-tonic-250ml-with-aloe-vera-glycolic-acid/1729385223075828574
945,แชมพูโสมเกาหลี Riew Live SC Shampoo 500ml แชมพูบำรุงผมแห้งเสีย ผสมสเต็มเซลล์ ลดผมร่วง บำรุงล้ำลึก ให้ผมนุ่มสลวย,TH,RIEW Korea Shop,63.0,5,6.0,660.00,THB,hair loss shampoo,https://shop.tiktok.com/th/pdp/riew-live-sc-shampoo-500ml-sutr-wi-t-amin-b-e-ephim-enga-ngam/1731579784107689159
946,[3 แถม 1] AmYours Pure Cleansing Soap สบู่ทำความสะอาดผิว สูตรอ่อนโยน ผิวชุ่มชื้น ดูใสขึ้น | ลดสิ่งสกปรกตกค้าง,TH,Cherry De Beauty,63.0,5,7.0,516.00,THB,clean beauty,https://shop.tiktok.com/th/pdp/1735508235439146315
947,FAITH IN FACE VITA7 TRULY BRIGHT CLEANSING WATER ขนาด 500 มล.,TH,NINE BEAUTY TH,63.0,5,12.0,202.00,THB,clean beauty,https://shop.tiktok.com/th/pdp/faith-in-face-vita7-sepry-bamrung-phiw-500-ml-chak-aebrnd-nine-beauty/1730625868690787246
948,Cosrx Tinh chất Advanced Snail 96 Mucin Power Essence 100ml,VN,SammiShop Offical,63.0,4.8,6.0,443.131,VND,snail mucin essence,https://shop.tiktok.com/vn/pdp/tinh-chat-cosrx-advanced-snail-96-mucin-power-essence-100ml/1729677470435281093
949,1 combo dưỡng da sau khi tái tạo Serum Skincare,VN,Ngọc hiền h&h,63.0,5,7.0,163.309,VND,post procedure skincare,https://shop.tiktok.com/vn/pdp/combo-serum-cham-soc-da-sau-tai-tao-duong-trang-tre-hoa/1730004070739642999
950,"Soug Daily Facial Sunscreen & Tinted Moisturizer SPF 50+ with Titanium, Hydrolyzed Collagen - 50ml Organic Hydrating Cream, Glycerin-Infused, Waterproof, Fragrance-Free, Natural Look, Radiant Skin, Flawless Base for Adults, Anti-Aging, All Skin Types",US,SOUG Sunscreen,62.0,3.9,7.0,5.98,USD,sunscreen spf50,https://shop.tiktok.com/us/pdp/sunscreen-tinted-moisturizer-spf50-by-soug-hydrating-uv-protection-50ml/1730418624059446243
951,Mason collagen cream คอลลาเจนแท้100% เป็นครีมบำรุง ผิวหน้า เช้า และเย็น นำเข้าusa แท้100%  ด้วยราคามิตรภาพ ขนาด 57กรัม  #สรรพคุณ ให้ความชุ่มชื้น แก่ผิวอย่างมาก ช่วยลดริ้วรอย ยกกระชับ ในระยะยาวเมื่อใช้เป็นประจำ,TH,ออกัส August สิงหาคม,62.0,5,3.0,394.00,THB,collagen cream,https://shop.tiktok.com/th/pdp/mason-collagen-cream-khrim-bamrung-phiwhna-aela-lamkho-ld-elueon-riwroy/1730141884101790283
952,MiHADA มิฮาดะ มอยส์เจอร์ไรเซอร์เนื้อครีม Sensitive Cream ด้วยสารสกัดออร์แกนิก ปลอดภัยสำหรับผิวแพ้ง่าย,TH,ร้าน มาดามสงขลา,62.0,5,8.0,147.00,THB,sensitive skin moisturizer,https://shop.tiktok.com/th/pdp/1734294789497718444
953,HADA LABO Serum Pelembap HA Supreme Cera Hydrating Concentrate 30ml x2 Hyaluronic Acid Essence - For Dry Skin,MY,Hada Labo MY,62.0,5,3.0,139.90,MYR,hyaluronic acid serum,https://shop.tiktok.com/my/pdp/serum-pelembap-hada-labo-ha-supreme-cera-30ml-x2-untuk-kulit-kering/1729502807592109700
954,CARING by SIRIM 50ML Kulit Kering Kulit Sensitive Dry Skin Hydrating Skin Sensitive Skin Vitamin E,MY,Caring Shop,62.0,4.2,9.0,65.00,MYR,hydrating serum,https://shop.tiktok.com/my/pdp/kulit-kering-aidiladha-sirim-melegakan-gatal-sesuai-untuk-semua/1729540675066168437
955,Sunkiss Sunscreen Spf50,MY,Reenshops,62.0,4.5,10.0,11.00,MYR,sunscreen spf50,https://shop.tiktok.com/my/pdp/sunkiss-sunscreen-spf50-untuk-perlindungan-matahari-maksimum/1729579162046138963
956,HYA GLASS SKIN HYDRO GLOW MASK,MY,seelacosmetik,62.0,5,7.0,13.00,MYR,glass skin,https://shop.tiktok.com/my/pdp/lip-balm-repair-untuk-kulit-bibir-yang-kering-berkerut/1729604189780478371
957,REPAIR SKIN,MY,CYLA BEAUTY,62.0,4.8,6.0,179.40,MYR,clean beauty,https://shop.tiktok.com/my/pdp/repair-skin-toner-korea-melembapkan-kulit-treatment-cream-jerawat/1729454643071257032
958,Serum Peptide Phục Hồi Đa Tầng Và Giảm Đỏ Chuyên Sâu MD CARE Peptide Bioactiv Matrix Serum 30ml,VN,Yến Nhi Cosmeticss,61.0,5,5.0,203.028,VND,peptide serum,https://shop.tiktok.com/vn/pdp/1736782210525988847
959,bee venom skincare new pack,MY,ummibiz beauty,61.0,4.8,12.0,44.00,MYR,vegan skincare,https://shop.tiktok.com/my/pdp/bee-venom-skincare-set-4in1-meremajakan-menghilangkan-jerawat-100-organik/1729570472204012430
960,BEAUTE SOAP CLEANSER Acne Wash,MY,mayesha.beaute,61.0,4.9,9.0,42.00,MYR,clean beauty,https://shop.tiktok.com/my/pdp/sabun-pembersih-bebaskan-jerawat-khasiat-anti-acne-untuk-kulit-bersih/1729528819104385197
961,COSRX-Advanced Snail 96 Mucin Power Essence/-/100ML สกินแคร์ บํารุงผิวหน้า,TH,EVEANDBOY TH,60.0,5,4.0,659.00,THB,snail mucin essence,https://shop.tiktok.com/th/pdp/cosrx-gaoji-woniu-96-mak-si-n-phawewor-oi-esn-s-100ml-sk-in-aekhr/1729643088929524099
962,[DEAL ĐỘC QUYỀN] COSRX Sữa rửa mặt Salicylic Acid Daily Gentle Cleanser 150ml,VN,SammiShop Offical,60.0,4.8,5.0,317.544,VND,salicylic acid cleanser,https://shop.tiktok.com/vn/pdp/1735159693571818693
963,"Gel hỗ trợ da mụn Azela-ic A’cid 20% – Ezanic/Azelax – Làm sáng da, mờ thâm",VN,Nhà Thuốc Ấn Độ,60.0,3.7,3.0,105.053,VND,azelaic acid,https://shop.tiktok.com/vn/pdp/gel-ho-tro-da-mun-azelaic-acid-20-giam-mun-mo-tham-lam-sang-da/1734849829798446742
964,(RES CLINIC) Dermeden Dark Spot Concentrate Treatment Serum 10ml x 3bottles l Niacinamide Tranexamic acid Melasma Jeragat l Skincare l,MY,RES Aesthetics,60.0,4.7,18.0,278.00,MYR,tranexamic acid serum,https://shop.tiktok.com/my/pdp/dermeden-serum-pengurangan-bintik-gelap-10ml-x-3-botol/1729560495422145947
965,SERRUM Gluthatione 20ml- hổ trợ cấp ẩm giúp da căng bóng mịn,VN,Mai Trâm MQ,59.0,4.2,5.0,143.593,VND,hydrating serum,https://shop.tiktok.com/vn/pdp/serrum-ha-10ml-m-q-skin-cap-am-da-cang-bong-mua-3-tang-mat-na-gold/1731671247363410604
966,SALE KÍNH MÁT TRÒN NAM NỮ,VN,THE NAMUAY,59.0,5,11.0,54.779,VND,glass skin,https://shop.tiktok.com/vn/pdp/kinh-ram-thoi-trang-unisex-chat-lieu-nhua-tang-bao-da-dung/1729725907306580951
967,THE FACE SHOP The Therapy Vegan Moisturizing Sun Serum SPF50+ PA++++ 50g,MY,THE FACE SHOP MY,59.0,5,7.0,27.30,MYR,vegan skincare,https://shop.tiktok.com/my/pdp/serum-matahari-vegan-spf50-pa-untuk-kulit-lembap-cerah/1729645376063178040
968,triple threat sheet mask set,US,beaut.beautyco,58.0,5,2.0,21.00,USD,face mask sheet,https://shop.tiktok.com/us/pdp/triple-threat-sheet-mask-set-comprehensive-skincare-solution/1732087938200539880
969,Dermodacyn Post Procedure Hydrogel,TH,drkookkai,58.0,5,7.0,742.00,THB,post procedure skincare,https://shop.tiktok.com/th/pdp/ed-or-om-dak-in-eh-yd-or-echl-hlang-karpha-tad-khnad-15-kram-aich-ngay/1729788548855007651
970,Serum chăm sóc da nhạy cảm FOB SENSIVE SERUM - Tinh chất dưỡng ẩm và chăm sóc da nhạy cảm hiệu quả,VN,Mỹ Phẩm FOB,58.0,5,9.0,321.209,VND,sensitive skin moisturizer,https://shop.tiktok.com/vn/pdp/serum-duong-am-cho-da-nhay-cam-hyaluronic-acid-duong-da-moi-ngay/1732200632085940348
971,[Ready Stock] Mediheal Face Mask 10 Sheets(1 Box),MY,Top Beauty Hub,58.0,5,3.0,63.00,MYR,face mask sheet,https://shop.tiktok.com/my/pdp/mediheal-face-mask-10-keping-melembap-mengeraskan-kulit-mengandungi-n-m-f-tea-tree-dan-kolagen/1729506554819479384
972,SUNSCREEN SPF 50 PA++ 50ML,MY,ZAFFY.CO,58.0,5,10.0,69.00,MYR,sunscreen spf50,https://shop.tiktok.com/my/pdp/sunscreen-spf-50-pa-zaffy-perlindungan-uva-uvb-tanpa-pewangi-50ml/1729476928569444886
973,"EQQUALBERRY Vitamin Illuminating Serum Triple Pack |   Niacinamide 4% & TXA |   Brightening Vitamin C Serum for Glow & Hyaluronic Acid |   Dark Spot & Uneven Tone Care |   Korean Skincare, 1.01 oz (Pack of 3)",US,Prism Luxe,57.0,4.8,4.0,18.03,USD,vitamin c serum,https://shop.tiktok.com/us/pdp/eqqualberry-vitamin-serum-triple-pack-brightening-formula/1732520674775896830
974,Snail Mucin Peptide Complex + Blue Spirulina | Increases Serum Penetration & Absorption | Hydration | Collagen & Elastin Syntheses | Brightens Skin | Calms Inflammation | Balances Skin Barrier,US,Wyoming Wildflower,57.0,5,14.0,29.99,USD,snail mucin essence,https://shop.tiktok.com/us/pdp/wyoming-wildflower-snail-mucin-essence-anti-aging-skincare/1732141604809052871
975,Combo Face Tái Tạo Da Và Serum Dưỡng Da Phục Hồi Da Gia Truyền Skincare,VN,Mỹ Phẩm Sau Sinh,57.0,4.8,5.0,151.560,VND,post procedure skincare,https://shop.tiktok.com/vn/pdp/combo-kem-serum-tri-mun-nam-tham-danh-cho-moi-loai-da/1730265459435669507
976,"Niacinamide Serum - 10% Niacinamide to Target Acne, Nourishment, and Skin Tone - Ultra Hydrating Serum and Brightening Skin Care for Face",US,CozyCorner BY Aniq,56.0,4.6,7.0,10.99,USD,niacinamide serum,https://shop.tiktok.com/us/pdp/niacinamide-serum-10-for-acne-nourishment-brightening/1731549917829632204
977,[2pcs]Brightening Cream | Collagen & Niacinamide | Advanced Radiant & Firming Formula | Deep Hydrating K-Beauty Facial Care for Glowing Skin Korean Brightening Cream | Collagen & Niacinamide | Advanced Radiant & Firming Formula Glow Up Bundle Daily,US,Ktaki Beauty,56.0,5,10.0,7.99,USD,collagen cream,https://shop.tiktok.com/us/pdp/collagen-niacinamide-brightening-cream-anti-wrinkle/1732415248087356010
978,Glass Skin Youth Activator Intensive Cream ฟื้นฟูผิว และซ่อมแซมผิว คืนความอ่อนเยาว์ (50 ML.),TH,Glassskinofficial,56.0,5,6.0,"1,058.00",THB,glass skin,https://shop.tiktok.com/th/pdp/khrim-nam-boli-skin-youth-activator-samhrab-phiwhna-lamkho-khnad-50-ml/1730065150011345766
979,DÙ [ Ô ] Che kính lái trong xe ô tô,VN,Shop thịnh nguyễn bg.,56.0,4.7,10.0,170.633,VND,glass skin,https://shop.tiktok.com/vn/pdp/du-che-nang-kinh-lai-xe-hoi-de-gap-gon-bao-ve-noi-that/1729650831079016830
980,"Anti-Aging Peptide Serum by Y'OUR - Firming, Wrinkle-Smoothing & Plumping Formula with Multi-Peptide Complex, Hyaluronic Acid, Seaweed Extract - Renewal Serum - Hydrating Powerhouse Moisture, Valentine's Gift for Women Skin Repair",US,Y'OUR Skincare,55.0,4,8.0,83.20,USD,peptide serum,https://shop.tiktok.com/us/pdp/anti-aging-peptide-serum-by-your-firms-skin-hydrates-smooths/1731019982768476869
981,[TOCOBO Official] Multi Ceramide Cream 50ml | Barrier Repair Lightweight Moisturizer,US,TOCOBO US,55.0,5,26.0,19.50,USD,ceramide cream,https://shop.tiktok.com/us/pdp/multi-ceramide-cream-50ml-by-tocobo-lightweight-moisturizer-deep-hydration-barrier-repair/1731007656478871781
982,"[I'm From] Rice Cream, 1.69 oz K-Beauty Vegan Moisturizer with 41% Rice Bran Essence & Ceramide - Nourishes Deeply, Soothes, Evens Skin Tone, Boosts Glow, Repairs Moisture Barrier, Long-Lasting Hydration",US,PetalHue Beauty,55.0,5,1.0,17.27,USD,vegan skincare,https://shop.tiktok.com/us/pdp/rice-cream-by-im-from-vegan-moisturizer-with-41-rice-essence-soothes-skin-tone-nourishes-deeply-long-lasting-hydration/1732556214439613320
983,เซตบำรุง 3 ชิ้น Tranexamic Acid Serum 20ml + Niacinamide Serum 20ml + Moisturising Cream 30g,TH,WARASURE,55.0,5,3.0,537.00,THB,tranexamic acid serum,https://shop.tiktok.com/th/pdp/est-3-chin-tranexamic-acid-niacinamide-serum-aela-khrim-namman/1732279241241102098
984,Facial dry brush แปรงขัดผิวหน้าแบบแห้ง,TH,Insight Beauty House,55.0,5,5.0,186.00,THB,facial cleansing brush,https://shop.tiktok.com/th/pdp/aeprng-khad-phiwhna-aebb-aehng-phlit-chak-wasdu-thrrmchati-100-ehmaasamhrab-phiw-aeph/1729988412387920861
985,เคล็นซิ่ง สำหรับทำความสะอาดเครื่องสำอางและผิวหน้า CUTE PRESS PURE ORIGIN MICELLAR CLEANSING BALM,TH,Sheepy,55.0,5,13.0,141.00,THB,clean beauty,https://shop.tiktok.com/th/pdp/bal-mth-am-khwamsaoad-ekhrueongsamoang-cute-press-samhrab-phiw-aehng-aela-phsm/1729929835826350611
986,"Tinh Chất SERUM SUPER BRIGHTENING ESSENCE 30ml - Hỗ Trợ Làm Trắng Sáng Da, Dưỡng Ẩm, Cải Thiện Thâm Sạm - Many Colors",VN,Kem’s Chocolate,55.0,5,2.0,148.332,VND,brightening serum,https://shop.tiktok.com/vn/pdp/1733264823102833882
987,【Janna & Dini Approved】Teashell Serum Pencerah Niacinamide 30ml｜Formula 5% Niacinamide + Alpha Arbutin｜Membantu memperbaiki kulit kusam · Menjadikan kulit lebih cerah dan berseri.NPRA Notified.,MY,Teashell MY,55.0,5,1.0,13.40,MYR,niacinamide serum,https://shop.tiktok.com/my/pdp/serum-pencerah-kulit-teashell-30ml-5-niacinamide-alpha-arbutin/1736314167249241949
988,"Essenherb Glass Skin Hydration Duo - Lightweight bubble essence + deep hydrating ampoule for plump, radiant glass skin",US,Essenherb US,54.0,4.9,10.0,59.14,USD,glass skin,https://shop.tiktok.com/us/pdp/essenherb-glass-skin-hydration-duo-lightweight-hydrating/1732337296083686213
989,New Skin Toner New skin Brightening Exfoliation Toner 150ml,TH,K P H Beauty,54.0,5,2.0,301.21,THB,exfoliating toner,https://shop.tiktok.com/th/pdp/othn-eno-r-phiw-aihm-prab-siphiw-dwy-kar-khad-phiw-khnad-150-ml-sinkha-aebrnd-aihm/1731889591181413186
990,"Kem Mụn ACNE FAST - Ngăn ngừa mụn, mờ thâm, liền sẹo, cân bằng dưỡng chất cho da. Đường Nữ  Trà Skincare Women Tea",VN,DƯỢC PHẨM NHẤT TRÍ,54.0,5,4.0,110.997,VND,acne treatment,https://shop.tiktok.com/vn/pdp/kem-mun-acne-fast-ngan-ngua-giam-tham-cho-da-nhay-cam/1730253352678230494
991,Ceradan Kem Phục Hồi Hàng Rào Bảo Vệ Da Skin Barrier Repair Cream 30g,VN,Beri Pharma 1,54.0,5,3.0,357.067,VND,barrier repair cream,https://shop.tiktok.com/vn/pdp/1730109791380670875
992,Toner dưỡng trắng Bielenda Dr Medica Overpigmentation Exfoliating Tonic  250ml,VN,TOPTOTOESVN,54.0,0,0.0,560.888,VND,exfoliating toner,https://shop.tiktok.com/vn/pdp/toner-duong-trang-da-bielenda-dr-medica-250ml-chong-nam-mun/1732475472776038396
993,Sunscreen SPF 50 All Skin Types,MY,Skinture Skincare,54.0,4,4.0,85.00,MYR,sunscreen spf50,https://shop.tiktok.com/my/pdp/sunscreen-spf-50-untuk-semua-jenis-kulit-tahan-lama-perlindungan-uv/1729529289964358315
994,ไนอะซินาไมด์ แอนด์ แอคเน่ ครีม,TH,NW BRAND,53.0,4.9,14.0,291.00,THB,acne treatment,https://shop.tiktok.com/th/pdp/ain-oa-si-na-ai-md-aeo-khen-khrim-eba-sma-namhom-sutr-phiess-chak-aebrnd-aihm/1732024841492269536
995,ครีมบำรุงรอบดวงตาทับทิม Moisturize Eye Cream ครอบคลุม Dark Hydrating Circul 20g,TH,LIKE EVERY DAY,53.0,5,4.0,17.00,THB,eye cream dark circle,https://shop.tiktok.com/th/pdp/khrim-bamrung-rob-dwngta-thabthim-chwy-aih-phiw-rob-dwngta-namhnak-20g/1731567297538525563
996,"Serum Vitamin C 30ml Tinh Chất Dưỡng Sáng Da, Mờ Thâm Sạm, Hỗ Trợ Chống Lão Hóa, Kiểm Soát Lỗ Chân Lông, Cấp Ẩm Cho Da Xỉn Màu",VN,Anmira Skincare,53.0,4.5,2.0,33.463,VND,vitamin c serum,https://shop.tiktok.com/vn/pdp/1737284951376889146
997,LIENJANG Dầu Gội Scalp Anti-Hair Loss Vegan Shampoo 400ml Làm Sạch Da Đầu Dịu Nhẹ Hỗ Trợ Giảm Rụng Tóc Và Phục Hồi Da Đầu Cho Tóc Yếu,VN,TUYENBUM SHOP,53.0,5,3.0,458.500,VND,hair loss shampoo,https://shop.tiktok.com/vn/pdp/1734050525466953301
998,Rejuvenating serum 15g  (Hydrating),MY,NikJelitaEadaDermasthetics,53.0,5,8.0,83.00,MYR,hydrating serum,https://shop.tiktok.com/my/pdp/serum-rejuvenasi-menghidrat-jeragat-kulit-sensitif-kering/1729526241614136990
999,"Bubble Skincare 10% Azelaic Acid Serum - Exfoliating Dark Spot Remover, Hydrating Brighten Serum with Glycerin for Discoloration Correction",US,Bubble Skincare,52.0,4.9,8.0,21.99,USD,azelaic acid,https://shop.tiktok.com/us/pdp/dream-fade-10-azelaic-acid-serum-by-bubble-skincare-fade-dark-spots-improve-skin-texture-clinically-proven-results/1732430494449373890
1000,BANOBAGI Lip Mask Eggplant Bright Up 8ml ลิป มาสก์,TH,Konvy,52.0,5,8.0,206.00,THB,lip mask,https://shop.tiktok.com/th/pdp/banobagi-lip-mask-sutr-oaychan-khnad-8ml-ehmaasamhrab-phuhying/1731829006158039543
1001,SERUM VITAMIN HỖ TRỢ DƯỠNG ẨM VÀ SÁNG DA OLEE | HYDROLYZED COLLAGEN | HA DƯỠNG ẨM | VITAMIN B3,VN,Shop Mỹ Phương Hậu Giang 01,52.0,0,0.0,254.353,VND,hydrating serum,https://shop.tiktok.com/vn/pdp/sirum-vitamin-olee-cap-am-se-khit-lo-chan-a-1-tang-1/1729563139118238088
1002,"[HSD: 2028] Sữa Dưỡng Thể Body Lotion - Thấm Nhanh, Mềm Mịn Da, Cấp Ẩm 72H (Lựa chọn mùi hương) Dưỡng da cơ thể_Dưỡng Body Body The Body Shop (Lựa chọn mùi hương) Dưỡng da cơ thể_Dưỡng Body The Body Shop",VN,The Body Shop Việt Nam,52.0,4,1.0,481.429,VND,body lotion,https://shop.tiktok.com/vn/pdp/1735992199736166039
1003,Belbet [Hot Sale]  Ceramide Cream 50g. Sensitive Skin Friendly. Deep Moisturizing. Ceramide Skin Barrier Repair. Pemulihan Mendalam . Melembapkan Secara Maksimum . Mengurangkan kulit kering & sensitif,MY,Belbet Beauty,52.0,5,17.0,46.20,MYR,ceramide cream,https://shop.tiktok.com/my/pdp/1735251814531368785
1004,ROREC SADOER Centella Serum Oil Control Shrink Pores Anti-Acne Deeply Repair Rejuvenate Skin Essence 100ml,MY,ROREC Malaysia,52.0,4.5,15.0,6.70,MYR,centella serum,https://shop.tiktok.com/my/pdp/serum-minyak-kawalan-kusam-pengencang-porusi-anti-aci/1729778446274757851
1005,Niacinamide Peptide Serum 50ml,US,cluciel,51.0,4.9,18.0,21.60,USD,niacinamide serum,https://shop.tiktok.com/us/pdp/niacinamide-peptide-serum-50ml-by-cluciel-for-balanced-skin-tone-soft-texture-and-healthy-glow/1732044520706970082
1006,14% Azelaic Acid Cream Niacinamide Vitamin C Calm Acne Redness Hydrating for Acne Prone Skin,US,Lihgsk,51.0,5,1.0,9.99,USD,azelaic acid,https://shop.tiktok.com/us/pdp/azelaic-acid-14-cream-for-acne-redness-relief-1-oz/1732588435048010596
1007,(1ซอง) มิซึมิ MizuMi Advance Niacinamide / Nio-TXB3 / Niosome C Concentrate Serum 6กรัม,TH,Prinkbeauty,51.0,5,6.0,50.00,THB,niacinamide serum,https://shop.tiktok.com/th/pdp/es-ra-mn-am-hnak-eba-mizumi-advance-niacinamide-nio-txb3/1730523694602619318
1008,MoreMoist - Hydra Barrier Repair Cream 15g ม้อยฟื้นผิว ชุ่มชื้น ปราการผิว ลดอักเสบ สิว,TH,ERIMOS,51.0,5,15.0,540.00,THB,barrier repair cream,https://shop.tiktok.com/th/pdp/1735793353075885157
1009,[ซื้อ 2 ชิ้นถูกกว่า] SEREENWORKS Hydro Booster Moisturizing Cream 30ml. มอยซ์เจอไรซิ่งเติมความชุ่มชื้น ช่วยให้ผิวแข็งแรง,TH,Sereenworks,51.0,5,8.0,598.00,THB,hydrating serum,https://shop.tiktok.com/th/pdp/khrim-bamrung-phiwhna-serreenworks-hydro-booster-khnad-30ml/1730371779090549260
1010,แป้งยาฟูตลับขาว Yafu 1065 Fine Moistening Whitening Cake ผู้หญิง เครื่องสำอาง Cosmetics รองพื้น Foundation ผิวหน้า บุรุษ ชุ่มชื้น,TH,EL COSMETICS01,51.0,4,6.0,110.00,THB,makeup foundation,https://shop.tiktok.com/th/pdp/yafu-fine-moisturizing-whitening-cake-samhrab-phiw-swy-eplngprakay/1729593032824228448
1011,"TINH CHẤT SIRUM TRANACIX - tranexamic acid 10% / CREAM TRANACIX KEM DƯỠNG cho da nám, mao mạch, mỏng yếu 2ml / ống ( có tách lẻ )",VN,Ngọc Huyền Spa Dược Mỹ Phẩm,51.0,5,2.0,626.834,VND,tranexamic acid serum,https://shop.tiktok.com/vn/pdp/1733318169342215630
1012,￼Pharmaform Skin Brightener Serum 3% Tranexamic acid + 5% Niacinamide 20ml - Giúp dưỡng trắng da mờ thâm nám,VN,Suki auth,51.0,5,6.0,428.778,VND,tranexamic acid serum,https://shop.tiktok.com/vn/pdp/serum-duong-trang-da-pharmaform-3-tinh-chat-5-niacinamide/1731938145212008583
1013,"Serum Hỗ Trợ Cấp Ẩm Cấp Nước Hydraglow Choosebythie, Serum HA Đa Tầng Làm Dịu Và Mềm Da 20ml",VN,Choosebythie,51.0,5,1.0,265.411,VND,hydrating serum,https://shop.tiktok.com/vn/pdp/serum-cap-am-duong-am-cho-da-kho-chua-ha-glycerin/1732106877416342637
1014,"Mặt Nạ PS.PRETTYSKIN– Dưỡng Da Chuyên Sâu, Cấp Ẩm, Phục Hồi & Làm Sáng Da - Nữ, Skincare Women Cosmetics mask sheet",VN,Đỏ - Cosmetics,51.0,5,11.0,231.314,VND,face mask sheet,https://shop.tiktok.com/vn/pdp/mat-na-pretty-skin-duong-da-cap-am-lam-sang-chong-lao-hoa/1731837110473624433
1015,AHOHWA Toner Làm Sạch Bã Nhờn BHA 2% EXFOLIATING TONER 80ml Chăm Sóc Da Mụn Lỗ Chân Lông To Hàn Quốc Skincare Cân Bằng pH & Tẩy Tế Bào Chết,VN,AHOHWA COSMETIC STORE,51.0,4.3,3.0,110.174,VND,exfoliating toner,https://shop.tiktok.com/vn/pdp/toner-ahohwa-bha-2-exfoliating-toner-80ml-duong-da-lam-sach/1732135693984041099
1016,"grace & stella vitamin c serum with hyaluronic acid – brightening serum for dark spots, dullness & hydration (50ml / 1.7 fl oz)",US,grace and stella,50.0,4.7,7.0,32.44,USD,brightening serum,https://shop.tiktok.com/us/pdp/grace-stella-vitamin-c-serum-with-hyaluronic-acid-50ml/1731787414921187611
1017,"TRUERELIEF Universal Therapeutic Drawing Salve 50g - Propolis & Egg Yolk Extract Body Moisturizer, Antibacterial, Healing, Conditioning, 24 Months Shelf Life, Cyst Softens Skin, HS Flare Soothe, Hemorrhoid Relief for US Adults",US,JLTREE,50.0,4.2,5.0,43.99,USD,post procedure skincare,https://shop.tiktok.com/us/pdp/scar-removal-treatment-advanced-healing-balm-lightweight-formula/1732260323066810599
1018,มิวสิค ฟาวเอร์ [Music Flower] Photo Genic รองพื้นเนื้อครีมบางเบา กันน้ำคุมมัน  30 ML.,TH,หินพม่าแท้ ขัดขี้ไคล,50.0,5,3.0,117.00,THB,makeup foundation,https://shop.tiktok.com/th/pdp/miwsikh-fa-w-eo-r-photo-genic-rongphuen-kannam-khum-man-30-ml/1734995343160083505
1019,COMBO BRITENING CREAM + SERUM BRITENING,MY,AZ SKINCARE & BEAUTY,50.0,4.8,13.0,63.00,MYR,brightening serum,https://shop.tiktok.com/my/pdp/krim-brightening-serum-anti-aging-untuk-kulit-cerah/1730883494705202897
1020,NU FORMULA Ectoin + Ceramide Barrier Cream 50g. มอยส์เจอร์กู้ผิว บางเบา เหมาะสำหรับผิวมันขาดน้ำและทุกสภาพผิว,TH,BEAUTRIUM,49.0,4.9,8.0,384.00,THB,barrier repair cream,https://shop.tiktok.com/th/pdp/khrim-namman-ectoin-ceramide-50g-samhrab-phiw-aehng-phiw-man/1731644137300592162
1021,Viên nang serum đông lạnh vitamin C của Dr.Swide – với axit ascorbic và hyaluronat natri – giúp dưỡng ẩm và cải thiện làn da trông xỉn màu – 10 viên/hộp,VN,HKKA Body Care-VN,49.0,4,2.0,213.527,VND,vitamin c serum,https://shop.tiktok.com/vn/pdp/1735790382543898380
1022,Kem chống nắng collagen 3IN1 ENOUGH COLLAGEN MOIs TURE CREAM 50ml,VN,KimNgọc89,49.0,5,1.0,207.563,VND,collagen cream,https://shop.tiktok.com/vn/pdp/kem-chong-nang-uv-plus-ho-tro-duong-sang-bao-ve-da/1732204626397202599
1023,KEM MỤN - NÁM - TRĂNG DA - CHỐNG NẮNG 5G ( NHƯ TIÊN ),VN,MỸ PHẨM MINH CHÂU 2,49.0,0,0.0,38.095,VND,acne treatment,https://shop.tiktok.com/vn/pdp/kem-mun-nam-trang-da-chong-nang-5g-giam-mun-mo-nam-giu-am-se-khit-lo-chan-long/1731740811040360737
1024,Sửa rửa mặt white perfect D5 ngăn ngừa  mụn  dịu  nhẹ sạch  da cấp ẩm,VN,Hồng Yến shop.996,49.0,5,5.0,527.151,VND,clean beauty,https://shop.tiktok.com/vn/pdp/sua-rua-mat-white-perfect-d5-ngan-ngua-mun-cap-am-da/1731696885063124262
1025,KEM DƯỠNG PHỤC HỒI DA SAU PEEL,VN,Nguyễn Quỳnh Mai,49.0,5,3.0,658.595,VND,post procedure skincare,https://shop.tiktok.com/vn/pdp/kem-duong-phuc-hoi-da-sau-peel-cham-soc-lam-lanh-da/1729622234477922383
1026,Eye Serum Essence Roller Ball Firming Cream Eye Bags Care Wrinkles Remove Dark Circles Whitening Brighten Mata Eye Serum Dark Circle Eye Bag Remover Cream Original Eyebag And Dark Circle Remover Cream Anti Puffiness,MY,Ymt816,49.0,2,3.0,3.57,MYR,eye cream dark circle,https://shop.tiktok.com/my/pdp/krim-pengencang-mata-dengan-roda-hilangkan-kantung-cincin-gelap/1729653352512325688
1027,ครีม SBP ครีม skin barrier  ดาวเรืองสกินแคร์,TH,chama89 shop,48.0,4.6,7.0,485.00,THB,barrier repair cream,https://shop.tiktok.com/th/pdp/khrim-sbp-skin-barrier-samhrab-phiw-aeph-ngay-aela-bobbang-ehmaasamhrab-phuhying/1730086580424313031
1028,"Super Serum Tranexamic Acid 3% + Niacinamide 5% + Vitamin C 3% mờ tàn nhang, dưỡng trắng sáng da TRANEXAMIC ACID - Trắng da,mờ vết thâm xỉn - Super Serum ANHANH",VN,ANHANH LAB 682,48.0,5,1.0,175.942,VND,tranexamic acid serum,https://shop.tiktok.com/vn/pdp/super-serum-tranexamic-acid-mo-nam-trang-da-tri-vet-tham/1732521767999210504
1029,Kem dưỡng ẩm cho da CERADAN Skin Barrier Repair Cream (Tuýp 30g),VN,Nhà Thuốc Pharmacity,48.0,5,5.0,402.107,VND,barrier repair cream,https://shop.tiktok.com/vn/pdp/kem-duong-am-ceradan-skin-barrier-repair-cream-30g-phuc-hoi-da-dry-nhay-cam/1730144543103159015
1030,Serum Tinh Chất BAP Neocell Science Skin Care Nhật Bản Chống Lão Hoá Dưỡng Ẩm Sâu Sáng Đều Màu Da 100ml,VN,My An Cosmetic,48.0,4.7,3.0,273.600,VND,anti aging serum,https://shop.tiktok.com/vn/pdp/serum-tinh-chat-bap-neocell-japan-anti-aging-moisture-100ml/1731741548669207688
1031,"TINA Toner - Lemon Rose Medium Radiant, Rejuvenating, Soothing Daily Skincare Single Item with Aloe Vera for Skin Hydration + Complementary Face Soap",US,Tina toner skin,47.0,5,6.0,20.00,USD,pore care toner,https://shop.tiktok.com/us/pdp/tina-toner-hydrating-face-toner-with-aloe-vera-vitamin-c-moisturizing-for-all-skin-types/1731093497037493152
1032,PURITO Wonder Releaf Centella Serum Unscented 60m,TH,น้องยอนออนนี่,47.0,5,5.0,579.00,THB,centella serum,https://shop.tiktok.com/th/pdp/es-ram-phiw-eriyb-eniyn-purito-wonder-releaf-centella-khnad-60-ml/1729653774038960887
1033,BSC AQUA SUNSCREEN SPF 50 PA++++ ช่วยป้องกันแสงแดด SPF 50 PA++++ กันแดดสูตรน้ำ ซึมซาบเร็ว ไม่เหนี่ยวเหนอะหนะ(SCCNDX),TH,BSC Cosmetology,47.0,5,2.0,470.00,THB,sunscreen spf50,https://shop.tiktok.com/th/pdp/bsc-aqua-sunscreen-spf-50-pa-kanaedd-sutr-nam-suemsab-erw-pkpong-uva-uvb-khrimkanaedd-aim-ehniyw-ehnoahna/1731902426527402276
1034,"Neatique SE96 96% Snail Secretion Filtrate Power Essence - Quick-Absorbing Face Care Serum, Face Care Products for Sensitive Skin & All Types, Moisturizes, Soothes, Repairs Barrier & Damage, 4 fl.oz/120ml, Promotes Healthy Complexion",US,NEATIQUE,46.0,5,10.0,18.99,USD,snail mucin essence,https://shop.tiktok.com/us/pdp/advanced-snail-96-mucin-power-essence-hydrating-repairing/1732152113462940494
1035,"【buy one get one free】SINPIN aobenz Snail Mucin Moisturizer - Snail Mucin 68%, Niacinamide 2%, Hyaluronic Acid | Firming & Hydrating Night Cream for Face, Neck | Anti Wrinkle, Tightening, Repair |For All Skin Types",US,Thisnnets,46.0,4,6.0,49.99,USD,snail mucin essence,https://shop.tiktok.com/us/pdp/sinpin-snail-mucin-moisturizer-anti-wrinkle-firming-for-all-skin-types/1732182480164393825
1036,"[DearKlairs] Blue EGF Intensive Repair Trio | Blue Youth Activating Drop EGF Facial Serum 50ml + EGF Intensive Pro Cream 50g + EGF Calming Mist 100ml | Skin Recovery, Barrier & Cooling Care, Sensitive Skin, Korean Skincare",US,"dear, Klairs",46.0,5,2.0,90.47,USD,barrier repair cream,https://shop.tiktok.com/us/pdp/dearklairs-blue-egf-intensive-repair-trio-for-sensitive-skin/1732596495925613311
1037,"Vaseline Intensive Care Cocoa Glow Body Moisturizer Bulk 12-Pack (100ml/3.4oz) Lotion - Non-Greasy Body Care, Daily Use, Deep Moisture, Indulgent Cocoa & Shea Butter, Scented, Restore Radiance, Storage-Friendly, For All Skin Types",US,Egidoo,46.0,5,6.0,27.99,USD,body lotion,https://shop.tiktok.com/us/pdp/vaseline-cocoa-glow-body-lotion-12-pack-non-greasy-100ml/1732509003917398349
1038,"Ceramide Repair Cream — Barrier Repair Moisturizer with Niacinamide & Panthenol, 50g",TH,SHIK BEAUTY,46.0,5,4.0,506.00,THB,barrier repair cream,https://shop.tiktok.com/th/pdp/1736843717751833645
1039,"Ahohwa - BHA 2% Exfoliating Toner - Hỗ trợ giảm mụn, làm sạch bã nhờn, thu nhỏ lỗ chân lông",VN,Ahohwa Vietnam,46.0,5,4.0,723.368,VND,exfoliating toner,https://shop.tiktok.com/vn/pdp/ahohwa-bha-2-exfoliating-toner-giam-mun-lam-sach-lo-chan-long/1730367466884663850
1040,【Johor Stock】Blackhead Remover Vacuum Blackhead Removal Machine Electric Suction Acne Machine  blackhead vacuum Acne Cleanser Facial,MY,68Deal.my,46.0,4,9.0,15.98,MYR,blackhead remover,https://shop.tiktok.com/my/pdp/mesin-penangkapan-jerawat-elektrik-dengan-4-hujung-ganti/1729604761760991944
1041,"1pc Blackhead Remover Tool - Handheld Compact Facial Cleansing Device for Morning/Evening Skincare, Makeup Prep, Business Travel, All-Season Beauty Gift (sohochic)",US,Proper Home,45.0,2,3.0,7.99,USD,blackhead remover,https://shop.tiktok.com/us/pdp/gentle-pore-cleanser-tool-ideal-for-skincare-routine/1732265323845292147
1042,ASMA Vita C Whitening Serum 30ml เซรั่มบำรุงผิวหน้าสูตรวิตามินซี ช่วยเพิ่มความกระจ่างใส  ผิวดูมีออร่า ชุ่มชื้นสุขภาพดี,TH,วิศวะ พาสวย,45.0,5,6.0,544.00,THB,vitamin c serum,https://shop.tiktok.com/th/pdp/es-ram-bamrung-phiwhna-sutr-witamin-si-phiw-krachang-ais-asma-skin-care/1730218307844868402
1043,【ซื้อ 1 แถม 1】Skin1004 Centella Ampoule Serums 100ml รวมทุกสูตร,TH,SKIN1004เกาหลี,45.0,4.5,4.0,155.96,THB,centella serum,https://shop.tiktok.com/th/pdp/es-ram-centella-skin1004-khnad-100-ml-sinkha-chak-madakaskar/1732256628401997751
1044,[ Brand's Deal ] LANCOME CLARIFIQUE BRIGHTENING PRO SOLUTION SERUM 30ml เซรั่มบำรุงใบหน้าเพื่อผิวดูกระจ่างใส สกินแคร์ลังโคม skincare,TH,Lancome TH,45.0,4.6,5.0,"4,846.00",THB,brightening serum,https://shop.tiktok.com/th/pdp/lancome-clarifique-brightening-pro-solution-serum-30ml-es-ram-bamrung-phiwkhaw-krachang-ais-samhrab-phuhying-chay/1730455267519138642
1045,"Tẩy tế bào chết PanOxyl 2% Salicylic Acid giúp sạch mụn, thông thoáng lỗ chân lông, da sáng mịn 118 ml,4oz",VN,PanOxyl VN,45.0,3.7,3.0,439.930,VND,salicylic acid cleanser,https://shop.tiktok.com/vn/pdp/panoxyl-tay-te-bao-chet-axit-salicylic-2-118ml-my-nhap-khau/1731359557121116757
1046,[SUM SPACE] Serum Theramid Ceramide Treatment Hỗ Trợ Hàng Rào Da - 30ml,VN,SUM SPACE,45.0,0,0.0,1.602.891,VND,ceramide cream,https://shop.tiktok.com/vn/pdp/serum-theramid-ceramide-30ml-ho-tro-hang-rao-da-3-ceramide/1733502746126550688
1047,KONE THÁI LAN CHÍNH HÃNG YẾN OANH YO,VN,ĐỖ KIỀU HTYO 3,45.0,5,4.0,124.283,VND,korean skincare,https://shop.tiktok.com/vn/pdp/kone-kem-duong-trang-hong-se-khit-lo-chan-long-chiet-xuat-tu-thien-nhien/1733456710372918392
1048,COSRX Advanced Snail 96 Mucin Power Essence 100ml,MY,Watsons Malaysia,45.0,5,6.0,70.30,MYR,snail mucin essence,https://shop.tiktok.com/my/pdp/cosrx-advanced-snail-96-mucin-power-essence-100ml-melembap-menenangkan-kulit-sensitif/1729548826603062646
1049,"Remdii Sensitive Series Intensive Moisturising Cream 28ml (Eczema, Psoriasis, Dry, Sensitive Skin) Baby Kids",MY,Champion Healthcare,45.0,5,5.0,13.30,MYR,sensitive skin moisturizer,https://shop.tiktok.com/my/pdp/krim-pelembap-intensif-untuk-kulit-sensitif-bayi-kanak-kanak/1731534795234444518
1050,"Gentle Encapsulated Double Retinol Moisturizer Cream Jar (30ml) - Hydrates, Reduces Fine Lines, Mild Formula for Sensitive & All Skin Types, Men & Women, Youthful Skin Boost, Moisturizers & Mists",US,MOMAMA US,44.0,5,7.0,6.99,USD,retinol cream/sensitive skin moisturizer,https://shop.tiktok.com/us/pdp/retinol-cream-30ml-by-amococo-double-retinol-extracts-moisturizing-fine-lines-reduction/1731091112904528238
1051,"Snail Mucin Serum - Hydrates, Plumps & Brightens with Collagen for Firm, Radiant Skin",US,QRx Labs,44.0,4.7,11.0,15.00,USD,snail mucin essence,https://shop.tiktok.com/us/pdp/qrxlabs-snail-mucin-serum-hydrates-brightens-2-oz/1732272155036389530
1052,Purito Seoul Wonder Releaf Centella Serum Unscented 60ml.,TH,DD KOREA,44.0,5,11.0,532.00,THB,centella serum,https://shop.tiktok.com/th/pdp/es-ram-aib-bawbk-60ml-phl-as-et-or-s-aip-er-iy-ekh-sn-samhrab-phiw-aehng-esiy/1732238669701089296
1053,"ครีมคอลลาเจน, โครงสร้างใหม่สีทอง, ปลอบประโลมเส้นที่แห้ง, กระตุ้นการสร้างคอลลาเจน, ให้ความชุ่มชื้น, กระจ่างใส",TH,Charm Makeup Store,44.0,5,2.0,37.79,THB,collagen cream,https://shop.tiktok.com/th/pdp/khrim-khollaechn-si-thong-aih-khwamchumchuen-ld-riwroy-krachab-phiw/1731647053564642627
1054,แอคเน่แคร์+ครีมผัก+เซรั่มเสาวรส,TH,ขนมจีน ช่องใหม่,44.0,5,3.0,"1,654.00",THB,acne treatment,https://shop.tiktok.com/th/pdp/aeo-khen-aekhr-khrim-phak-es-ram-esawrs-duael-siw-aela-bamrung-phiw/1734352553089795769
1055,"[เเพ็คคู่ x 2 ชิ้น ] | AXIS-Y Dark Spot Correcting Glow Serum 50 ml | ดูแลฝ้าแดด จุดด่างดำ ลดรoยมีรoย - สกินแคร์, Skincare",TH,AllAboutYouOfficial,44.0,5,2.0,"1,550.00",THB,dark spot corrector,https://shop.tiktok.com/th/pdp/es-ram-aekaikh-chud-hmong-an-axis-y-50ml-bamrung-phiw-krachang-ais-ld-elueon-chuddang-dam/1730769632700631291
1056,[SUM SPACE x SƠN TEAM] Serum oh!oh! Niacinamide 20% & 23%  Hỗ Trợ Sáng Da & Điều Tiết Bã Nhờn Cho Da,VN,SUM SPACE,44.0,5,3.0,377.931,VND,niacinamide serum,https://shop.tiktok.com/vn/pdp/1736030845577889440
1057,Ruruberry Ceramide Barrier Repair Cream 50ml | Sensitive Skin | Skincare,MY,NATTACOSME,44.0,5,8.0,59.34,MYR,barrier repair cream,https://shop.tiktok.com/my/pdp/krim-perbaikan-barier-ceramide-untuk-kulit-sensitif-50ml/1729691535241546107
1058,"Vegan Collagen Moisturizing Korean Skincare Set - 14-Piece Gentle Brightening Essentials with Cleanser, Toner, Serum, Eye Cream, Face Cream, Aloe Hydrator, Chamomile, Shea, Hyaluronic Acid, Niacinamide, Ampoule for Dewy Radiant Skin, Mother's Day Gift",US,Beautyturess shop,43.0,4,7.0,78.00,USD,korean skincare,https://shop.tiktok.com/us/pdp/beautyturess-14-pc-vegan-skincare-set-collagen-boost-dewy-skin/1731107457136431119
1059,KOCOSTAR T1 COLLAGEN CREAM (Collagen Powder 65%) 50g,MY,KartaSM Beauty,43.0,5,1.0,73.82,MYR,collagen cream,https://shop.tiktok.com/my/pdp/krim-kolagen-kocostar-t1-dengan-65-serbuk-kolagen-50g/1729757693071033742
1060,GLASS CUSHION ( for glass skin ),MY,Cintaku Zulaikha,43.0,5,6.0,54.60,MYR,glass skin,https://shop.tiktok.com/my/pdp/kusyen-kaca-untuk-kulit-jernih-efek-putih-bersih-flawless/1732571965677995227
1061,BIG MAMA shot glass,US,intoxicatednyc,42.0,5,3.0,13.00,USD,glass skin,https://shop.tiktok.com/us/pdp/alive-shot-glass-cunty-design-ideal-gift/1731245816256500710
1062,YAPING 377 Multi-Anti-Wrinkle Eye Cream ครีมบำรุงรอบดวงตาต้านริ้วรอย สูตร 377 20 กรัม,TH,YZNshop3,42.0,5,1.0,117.00,THB,eye cream dark circle,https://shop.tiktok.com/th/pdp/1736792595463636269
1063,(Tặng Set Mặt Nạ Br:lab) Nước Cân Bằng Cho Da Dầu Mụn Vacure:treat Pore Purifying Toner 145ml,VN,Vacure:treat Store,42.0,5,4.0,853.387,VND,pore care toner,https://shop.tiktok.com/vn/pdp/nuoc-can-bang-da-oily-vacure-treat-se-khit-lo-chan-long-duong-am/1731176835515910129
1064,COMBO DƯỠNG PHỤC HỒI SAU PEEL,VN,Yến Mơ Shop,42.0,5,4.0,340.460,VND,post procedure skincare,https://shop.tiktok.com/vn/pdp/combo-duong-phuc-hoi-da-sau-peel-ngan-mun-nam-sang-da/1731954136547493000
1065,Beautywise toner untuk kulit kusam rejuvenating facial toner,MY,sierrapitt beauty store,42.0,5,3.0,5.00,MYR,pore care toner,https://shop.tiktok.com/my/pdp/toner-wajah-rejuvenating-untuk-kulit-kusam-segarkan-cerahkan/1729689045100496517
1066,Mediheal Face Mask Pack 10 Sheets Facial Mask Beauty Mask,MY,Unnie Beauty Store,42.0,5,12.0,79.00,MYR,face mask sheet,https://shop.tiktok.com/my/pdp/mediheal-face-mask-pack-10-lembaran-untuk-semua-jenis-kulit/1729515327569167614
1067,AZ COSMETIC TONER Exfoliating Toner Membuang Sel Kulit Mati Segarkan Wajah Setiap Hari Mengecilkan Pori-Pori & Menyegarkan Kulit,MY,AZ COSMETIC HQ,42.0,5,7.0,31.10,MYR,exfoliating toner,https://shop.tiktok.com/my/pdp/az-cosmetic-toner-exfoliating-membuang-sel-kulit-mati-segarkan-wajah/1733051123525977842
1068,"PURCELL 5% L-Glutathione (88B/mL) Flexible Liposome Essence Serum ｜ Brightening, Dark Spot, Hyperpigmentation, Niacinamide, TXA, Tranexamic Acid, Even Skin Tone",US,PURCELL USA,41.0,5,2.0,46.80,USD,tranexamic acid serum,https://shop.tiktok.com/us/pdp/1732553221989962060
1069,(เซ็ตแม่ค้า)แอคเน่+ผักมอยเจอไรเซอร์ +เสาวรส,TH,ขนมจีนนน,41.0,5,2.0,"1,654.00",THB,acne treatment,https://shop.tiktok.com/th/pdp/est-aemkha-aeo-khen-phak-mo-y-echo-air-esor-esawrs-samhrab-phiw-swy-sukhphaph-di/1729834788264053617
1070,Kem Dưỡng Mắt Giúp Giảm Thâm Đều Màu Chống Lão Hóa Vùng Da Quanh Mắt DARK CIRCLE EYE CREAM,VN,DS.Dương Hồng,41.0,4.5,4.0,363.222,VND,eye cream dark circle,https://shop.tiktok.com/vn/pdp/kem-duong-mat-dark-circle-eye-cream-giam-tham-chong-lao-hoa-pharmaform/1732011395359999132
1071,Cặp dầu gội xả phục hồi giảm rụng tóc Elybiohair Xám 500ML,VN,MINH NGOC X SHOP,41.0,5,2.0,240.668,VND,hair loss shampoo,https://shop.tiktok.com/vn/pdp/elybiohair-xam-500ml-dau-goi-xa-phuc-hoi-giam-rung-toc/1732152904446411959
1072,HADA LABO Serum Pelembap HA Supreme Cera Hydrating Concentrate 30ml x2 Hyaluronic Acid Essence - For Dry Skin,MY,Mentholatum MY,41.0,5,2.0,139.90,MYR,hyaluronic acid serum,https://shop.tiktok.com/my/pdp/serum-pelembap-hada-labo-ha-supreme-cera-30ml-x2-kering/1729502833697195884
1073,"Freshiny Skin Care Products 100g Salicylic Acid Anti-Acne Cleanser, Containing 0.5% Salicylic Acid + Niacinamide, Accurately Controls Oil And Removes Acne, Deeply Brightens The Skin, And Reshapes The Skin'S Delicate Texture",MY,Freshiny-Official-Store,41.0,4.8,4.0,17.00,MYR,salicylic acid cleanser,https://shop.tiktok.com/my/pdp/pembersih-jerawat-asid-salisilik-freshiny-100g-mengawal-minyak-mencerahkan-kulit-memperbaiki-tekstur/1730879981955614243
1074,Sunscreen Spf50,MY,beauty shop expert,41.0,0,0.0,122.00,MYR,sunscreen spf50,https://shop.tiktok.com/my/pdp/sunscreen-spf50-mary-kay-perlindungan-sinar-matahari/1729453772986092361
1075,WHITE LOTION,MY,Eezzshop,41.0,5,7.0,35.10,MYR,body lotion,https://shop.tiktok.com/my/pdp/lotion-putih-spf-50-melembutkan-melindungi-kulit-harian/1729447004972943961
1076,"PDRN Peptide Serum , Peptides, Salmon Extract, Niacinamide, Uneven Skin tone, Illuminating Facial Serum Skincare 30ml Pink Glow Serum",US,Puolern,40.0,3.9,7.0,8.99,USD,peptide serum,https://shop.tiktok.com/us/pdp/pdrn-peptide-serum-illuminating-hydrating-30ml/1731562115470758906
1077,"Korean Skincare 2-Piece Capsule Cream Set - Deep Collagen Vitamin C Cream with Bosein & Hyaluronic Acid + Collagen Niacinamide Wrinkle Cream, Lock Moisture Deep Hydrating Moisturizer for Dry Rough Skin, Radiant Firming Smooth Plump Glowing Facial Care",US,GlowCanvas,40.0,5,2.0,7.99,USD,collagen cream,https://shop.tiktok.com/us/pdp/korean-skincare-2-piece-capsule-cream-set-deep-hydration/1732556131507736905
1078,Tweezerman Whitehead and Blackhead Remover,US,Tweezerman,40.0,4.3,8.0,19.50,USD,blackhead remover,https://shop.tiktok.com/us/pdp/tweezerman-whitehead-blackhead-remover-safe-hygiene-design/1731962278429429780
1079,(ซอง) MERCI SKIN CARE Vitamin C Serum เมอร์ซี่ สกินแคร์ วิตามินซี,TH,Prinkbeauty,40.0,0,0.0,49.00,THB,vitamin c serum,https://shop.tiktok.com/th/pdp/1735703555678438838
1080,Serrum Peptide 30ml Hỗ Trợ Dưỡng Ẩm & Trắng Sáng Da Mềm Mại Chống Thâm Nám,VN,My Pham Minh Suong,40.0,5,1.0,415.673,VND,peptide serum,https://shop.tiktok.com/vn/pdp/mat-na-b5-bakuchoi-hop-50g-ho-tro-phuc-hoi-lam-diu-da/1729798604610308658
1081,"Kem Dưỡng Mắt Hỗ Trợ Giảm Quầng Thâm, Dưỡng Sáng, Giảm Nếp Nhăn Be The Skin Circle Zero Eye Cream 30g",VN,BE THE SKIN Vietnam,40.0,4.8,4.0,467.785,VND,eye cream dark circle,https://shop.tiktok.com/vn/pdp/kem-duong-mat-be-the-skin-vitavita-circle-zero-30g-vitamin-peptid/1731059121916185083
1082,CeraVe Skin Renewing Vitamin C Serum 30ml,MY,CeraVe Malaysia,40.0,5,3.0,127.81,MYR,vitamin c serum,https://shop.tiktok.com/my/pdp/cerave-vitamin-c-serum-30ml-untuk-pencerahan-anti-penuaan/1736138249598567524
1083,Serum vitamin C by irliyabeauty,MY,irliyabeuaty,40.0,5,5.0,37.00,MYR,vitamin c serum,https://shop.tiktok.com/my/pdp/serum-vitamin-c-untuk-kulit-cerah-dan-bersih-dengan-arbutin/1729549029065196568
1084,M17 #Megaduo gel Azelaic acid & Glycolic acid,MY,Bao Tien Cosmetics,40.0,4,4.0,46.00,MYR,azelaic acid,https://shop.tiktok.com/my/pdp/gel-m17-megaduo-dengan-asid-azelaic-glycolic-untuk-kulit-sehat/1729826742085649866
1085,[SCP] Fortifying & Anti Hair Loss Scalp Cleanser Shampoo For Hair Loss Scalp (300/1000ml),MY,asaloon,40.0,5,5.0,88.20,MYR,hair loss shampoo,https://shop.tiktok.com/my/pdp/shampu-anti-keguguran-rambut-fortifikasi-pembersih-kulit-kepala-300-1000ml/1730909700940006579
1086,The ingredients glass Skin hydro glow mask,MY,𝐍𝐇 𝐓𝐇𝐀𝐈 𝐒𝐡𝐨𝐩,40.0,5,4.0,11.00,MYR,glass skin,https://shop.tiktok.com/my/pdp/krim-badan-gluta-untuk-kulit-cerah-bebas-bintik-hitam/1729642793678965612
1087,"Salicylic Acid Mousse Foam Facial Cleanser with Brush - PH-Balanced, Hydrating, Oil-Control, Pore-Cleansing, Gentle for Sensitive Skin - Facial Cleansing Product",US,MOMAMA US,39.0,4.8,6.0,6.59,USD,facial cleansing brush/salicylic acid cleanser,https://shop.tiktok.com/us/pdp/salicylic-acid-mousse-cleanser-by-amococo-gentle-foam-for-sensitive-skin-deep-cleansing-brush-ph-bal/1731180769353240942
1088,Korean Cream | Collagen & Vitamin C Moisturizer | Advanced Radiant & Firming Formula | Deep Hydrating K-Beauty Facial Care for Glowing Skinbacktoschool Moisture Hydrate Moisturizing skin hydration boost anti-wrinkle skincare instant soothing,US,LUMIERE GLAM Beauty,39.0,4.8,5.0,5.99,USD,collagen cream,https://shop.tiktok.com/us/pdp/korean-cream-moisturizer-collagen-vitamin-c-deep-hydration/1732569901849809378
1089,"TINA TONER Vitamin C & Aloe-Infused Daily Skincare Set - Lightweight, Nourishing Moisturizing Cream & Hydrating Toner",US,Tina toner skin,39.0,5,3.0,63.00,USD,pore care toner,https://shop.tiktok.com/us/pdp/hydrating-face-toner-by-tina-toner-skin-with-vitamin-c-aloe-vera-100g/1729920738360923040
1090,VC Vit C Serum เซรั่มวิตามินซีเข้มข้น ขนาด 10 มล. บำรุงผิวสว่างกระจ่างใส ลดเลือนจุดด่างดำ ริ้วรอย ผิวเรียบเนียน สำหรับผิวแพ้ง่าย ของแท้100%,TH,Online All Day,39.0,5,4.0,441.00,THB,vitamin c serum,https://shop.tiktok.com/th/pdp/vc-vit-c-serum-es-ram-witamin-si-ekhmkhn-10-ml-bamrung-phiw-swy/1732550531951593431
1091,New Skin Toner New skin Brightening Exfoliation Toner newskin 150ml,TH,GoodLuck เครื่องสำอาง,39.0,5,1.0,344.00,THB,exfoliating toner,https://shop.tiktok.com/th/pdp/othn-eno-r-phiw-aihm-prab-siphiw-dwy-kar-khad-phiw-khnad-150-ml-chak-aebrnd-new-skin/1731631492974282200
1092,"Sodowe Oil Pulling Sulfur Scalp Shampoo 400ml - giảm nấm, gàu hiệu quả, cải thiện sức khoẻ da đầu, giảm rụng tóc",VN,CirilaBeauty,39.0,5,1.0,802.376,VND,hair loss shampoo,https://shop.tiktok.com/vn/pdp/sodowe-oil-pulling-sulfur-scalp-shampoo-400ml-giam-gau-hieu-qua/1733856270460815102
1093,ROREC SADOER Hyaluronic Acid Acetyl Hexapeptide-8 Salicylic Acid Centella Asiatica Niacinamide Serum 30ml,MY,ROREC Malaysia,39.0,4.9,7.0,4.50,MYR,hyaluronic acid serum,https://shop.tiktok.com/my/pdp/serum-wajah-sadoer-dengan-hyaluronic-acid-niacinamide/1732296289032766683
1094,"COD Collagen 701 4in1 set (cream+soap+serum) for whitening, anti-aging, and deep hydration",MY,Prime Beauty,39.0,5,2.0,32.32,MYR,collagen cream,https://shop.tiktok.com/my/pdp/1734315636609090768
1095,SNP The CICA 4.0 Daily Mask 350g [30 Sheets] แผ่นมาสก์หน้า 30แผ่น.,TH,Orangegate,38.0,4.5,4.0,398.00,THB,face mask sheet,https://shop.tiktok.com/th/pdp/snp-the-cica-4-0-mas-k-phiw-30-aephn-350g-samhrab-phu-thi-mipayha-phiw/1731318263262250464
1096,โลชั่นชมพู+ขาว,TH,205 Shop,38.0,5,4.0,291.00,THB,body lotion,https://shop.tiktok.com/th/pdp/olchan-sichmphu-aela-khaw-samhrab-phiw-swy-sdais-oenkprasngkh-ain-thukwan/1729598010521324486
1097,สบู่ล้างแปรงแต่งหน้า บรัชคลีนเซอร์ Brush Cleansing Soap เหมาะสำหรับผู้ที่มีผิวแพ้ง่าย ขจัดคราบเครื่องสำอาง และน้ำมัน,TH,mJshop1,38.0,5,4.0,76.00,THB,facial cleansing brush,https://shop.tiktok.com/th/pdp/sbu-lang-aeprng-aetnghna-brush-cleansing-soap-real-techniques-khchadkhrab-ekhrueongsamoang-ehmaakab-phiw-aeph-ngay-ld-echueo-aebkhthieriy/1731680642917763081
1098,See To Nine Balance & Gentle Care Cleansing Set เซทคู่ คลีนผิวสะอาด อ่อนโยน Cleansing Micellar Water+Cleansing Gel,TH,B&P Brand,38.0,5,1.0,557.00,THB,clean beauty,https://shop.tiktok.com/th/pdp/1736975766829892793
1099,"[HOT DEAL] Kem dưỡng cấp ẩm, phục hồi INNISFREE Green Tea Ceramide Cream 50mL",VN,innisfreevietnam,38.0,4.5,2.0,450.846,VND,ceramide cream,https://shop.tiktok.com/vn/pdp/1734566246002362133
1100,kem CM collagen 7in1 chính hãng,VN,Thế Giới Đẹp,38.0,4.3,6.0,1.565.423,VND,collagen cream,https://shop.tiktok.com/vn/pdp/kem-cm-collagen-7in1-chinh-hang-lam-trang-da-chong-lao-hoa/1730160687629306476
1101,Collagen ngày đêm + srum m 701,VN,Vì Làn Trùm sỉ mỹ phẩm,38.0,4.5,2.0,57.979,VND,collagen cream,https://shop.tiktok.com/vn/pdp/collagen-ngay-dem-srum-m-701-cham-soc-da-mat-hieu-qua-thuong-hieu-collagen/1729431776827247276
1102,BEATRIZ Snail 96 Mucin Power Essence 120ml untuk Wajah Kulit Kusam & Garis Halus Mengecilkan Liang Pori Bintik Gelap,MY,BEATRIZ.Beauty,38.0,5,1.0,17.53,MYR,snail mucin essence,https://shop.tiktok.com/my/pdp/kormesic-snail-96-mucin-power-essence-120ml-untuk-kulit-kusam/1732273053814326459
1103,"Brightening Moisturizing Cream with Collagen & Niacinamide, Advanced Radiant Firming Formula, Korean K-Beauty Deep Hydration Facial Moisturizer for Skin Glow Enhancement",US,Veselec Beauty,37.0,5,2.0,5.89,USD,collagen cream,https://shop.tiktok.com/us/pdp/brightening-moisturizing-cream-with-collagen-niacinamide/1732588560469234061
1104,[cocokind] Rosewater Facial Toner | Rose Hydrosol | Hydrating & Soothing,US,Cocokind,37.0,4.6,5.0,24.00,USD,pore care toner,https://shop.tiktok.com/us/pdp/rosewater-facial-toner-by-cocokind-soothe-hydrate-balance-skin/1732077018151424075
1105,"3PCS NAD+ Firming Complex Serum with NAD+, EGF & Collagen Extract, Anti-Aging Plumping, Brightening Firming, Brighten skin tones, Boosts Radiance, Improves Fine Lines, Skin Elasticity & Firmness for Youthful-looking Skin, 30ml, backtoshcool",US,Glowora us,37.0,4.7,9.0,7.99,USD,anti aging serum,https://shop.tiktok.com/us/pdp/1732592274482762626
1106,[Special Deal] KIEHL'S RETINOL DAILY SKIN-RENEWING MICRO-DOSE SERUM 50ML - เซรั่มเรตินอล  เพื่อผิวหน้าเนียนละเอียด,TH,Kiehl's TH,37.0,5,4.0,"8,262.00",THB,retinol cream,https://shop.tiktok.com/th/pdp/es-ram-bamrung-phiw-kiehl-s-retinol-daily-skin-renewing-khnad-50ml/1731604169031583189
1107,[BCD] PURITO SEOUL | WONDER RELEAF CENTELLA SERUM UNSCENTED 60 ml. | วันเดอร์ รีลีฟ เซนเทลล่า เซรั่ม อันเซ็นต์ 60 ml. บำรุงผิวหน้าเนื้อบางเบา ช่วยปลอบประโลมผิว,TH,Purito Seoul Thailand,37.0,5,1.0,646.00,THB,centella serum,https://shop.tiktok.com/th/pdp/purito-wonder-releaf-centella-serum-unscented-60ml-serum/1733026047697258012
1108,ROE STUDIO - DARK CIRCLE COVER CREAM คอนซีลเลอร์และอายครีม กลบรอยคล้ำและบำรุงผิวใต้ตา,TH,ROE STUDIO,37.0,5,5.0,624.00,THB,eye cream dark circle,https://shop.tiktok.com/th/pdp/1735610863966454803
1109,[Chính hãng] Serum Niacinamide 20% Ampoule Co%k’Lear - 30ml hỗ trợ sáng da. Kiềm dầu mờ thâm sạm,VN,Chan's Choice,37.0,4,1.0,319.142,VND,niacinamide serum,https://shop.tiktok.com/vn/pdp/sua-rua-mat-moose-whitening-cleansing-foam-150ml-lam-sang-da-an-toan-cho-da-nhay-cam-tri-tham-hieu-qua/1730168296227506189
1110,[SUM SPACE] Pharmaform Copper Peptide Advanced EGF Serum 1% Copper Peptide Kết Hợp Các Peptide Tự Nhiên Giúp Chăm Sóc Và Nuôi Dưỡng Da - 30ml,VN,SUM SPACE,37.0,5,2.0,732.787,VND,peptide serum,https://shop.tiktok.com/vn/pdp/pharmaform-copper-peptide-egf-serum-1-cham-soc-da-30ml/1735087956712195744
1111,"TTONE.  Ruby Rain Luxe Face Cream, Silky, Smooth",US,Tina toner skin,36.0,5,4.0,78.00,USD,pore care toner,https://shop.tiktok.com/us/pdp/ruby-rain-luxe-face-cream-by-tina-toner-hydrates-smooths-skin/1729490770074179488
1112,"Tattoo Aftercare Cream Gift-box 2.6oz 75g for Before, During, and After Tattoo Process - Scar Repair, Gel, and Protective Balm for New & Older Tattoos",US,GOIPLE BEAUTY,36.0,3.1,7.0,14.04,USD,post procedure skincare,https://shop.tiktok.com/us/pdp/tattoo-aftercare-cream-for-healing-protection-gel-balm/1732093657744446210
1113,SANA NAMERAKAHONPO DARK CIRCLE CARE EYE CREAM 20 G / ครีมบำรุงผิวรอบดวงตา ลดความหมองคล้ำ บำรุงผิวแห้ง,TH,MORITOMO Official Thailand,36.0,5,6.0,436.00,THB,eye cream dark circle,https://shop.tiktok.com/th/pdp/khrim-bamrung-rob-dwngta-sana-namerakahonpo-dark-circle-care-cream-20g/1729635527010388058
1114,(ของแถมเท่านั้น) bissiq x GLEAM Velvet Glow Body Cream โลชั่นบำรุงผิวกาย 100 ml. ผิวกระจ่างใส ออร่า เนียนนุ่ม ชุ่มชื้น สุขภาพดี,TH,bissiq,36.0,0,0.0,586.00,THB,body lotion,https://shop.tiktok.com/th/pdp/1737383759426847977
1115,CIBIO2 Raspberry Lip Mask care |ปากนุ่มชุ่มชื้น ลิปมาสก์,TH,CIBIO2,36.0,4.7,7.0,172.00,THB,lip mask,https://shop.tiktok.com/th/pdp/cibio2-raspberry-lip-mask-care-bamrung-rimfipak-aih-numnwl/1731284130639415111
1116,ครีมกันแดดglass skin กันแดดพร้อมบำรุง กันแดดผิวขาว โทนอัพ SPF50+ Pa++++,TH,TMshop76,36.0,5,3.0,43.00,THB,glass skin,https://shop.tiktok.com/th/pdp/khrimkanaedd-glass-skin-spf50-pa-bamrung-phiwkhaw-othn-oaph/1736046351035696818
1117,1 serum 1 kem collagen hộ trợ dày da trắng sáng căng bóng,VN,ngọc tím 1988,36.0,5,1.0,463.829,VND,collagen cream,https://shop.tiktok.com/vn/pdp/1733629687271490805
1118,"Serum phục hồi, căng bóng và dưỡng ẩm sâu tinh chất SRX Nourishing Ampoule 50ml",VN,HiSkin Store,36.0,5,3.0,895.764,VND,hydrating serum,https://shop.tiktok.com/vn/pdp/serum-phuc-hoi-da-cang-bong-duong-am-sau-srx-50ml/1734490068185024379
1119,"[NEW] SERUM PHỤC HỒI ESSENCE HEPLS SOFTEN AND BRIGHTEN SKIN 35ML MG SOON - HA 2% B5 Niacinamide Tinh Chất Cấp Nước Đa Tầng, Làm Dịu Và Ngừa Lão Hóa Da",VN,MG SOON VIET NAM,36.0,5,3.0,353.882,VND,hydrating serum,https://shop.tiktok.com/vn/pdp/1737403391428429349
1120,"[NSX] Tinh chất giúp đều màu, chống lão hóa vùng da quanh mắt Pharmaform Dark Circle Eye Cream",VN,Pharmaform,36.0,5,3.0,396.242,VND,eye cream dark circle,https://shop.tiktok.com/vn/pdp/pharmaform-kem-mat-chong-tham-lan-da-nhay-cam-anti-aging/1731677153330104309
1121,Nước dưỡng ẩm tối ưu cho da nhạy cảm dProgram Moisturizing Care Lotion 125ml,VN,dprogramvietnam,36.0,5,2.0,526.075,VND,sensitive skin moisturizer,https://shop.tiktok.com/vn/pdp/fs-sua-duong-da-kho-nhay-cam-d-program-moist-care-100ml/1732446745457165484
1122,(SALE) Tinh Chất Chống Nắng Bảo Vệ Da THE FACE SHOP The Therapy Vegan Moisturizing Sun Serum Spf50+ Pa++++ 20ml,VN,THEFACESHOPVN,36.0,0,0.0,375.374,VND,vegan skincare,https://shop.tiktok.com/vn/pdp/tinh-chat-chong-nang-duong-am-spf50-pa-20ml-clean-beauty/1731413575801800422
1123,BL LOTION LOTION Body Care Losyen,MY,MILIQIE BEAUTE COSMETIC,36.0,5,2.0,23.93,MYR,body lotion,https://shop.tiktok.com/my/pdp/lotion-badan-rambut-2-in-1-untuk-perawatan-kulit-harian/1729655528795507571
1124,MIZUMI Skincare UV Lip Glassy Mask ลิปมาส์ก 8ml,TH,BEAUTRIUM,35.0,5,4.0,194.00,THB,lip mask,https://shop.tiktok.com/th/pdp/mizumi-uv-lip-glassy-mask-8ml-lip-mas-kb-am-ru-ng-rimfipak-chumchuen-pkpong-rangsi-uva-uvb-enueo-mas-k-cham-ok-lw/1732314870528312866
1125,"[SALE] Kem Dưỡng Retinol 0.5% Giúp Mờ Nếp Nhăn, Dưỡng Sáng Da và Ngăn Ngừa Mụn G.G.G Wonder RadiantX Retinol 30gr",VN,GGG cosmetics,35.0,5,1.0,522.984,VND,retinol cream,https://shop.tiktok.com/vn/pdp/1732084057754798768
1126,"Serum HA trắng Hyaluronic Acid -  Serum HA Plus 100DT Dr.Sunmi siêu cấp ẩm,căng bóng,trắng sáng da. Skincare Women",VN,SHOP SPA BẢO NAM,35.0,5,1.0,386.967,VND,hyaluronic acid serum,https://shop.tiktok.com/vn/pdp/serum-ha-trang-sieu-cap-am-cang-bong-da-sang-da-skincare-nu/1730524597943503008
1127,Bộ đôi Kem dưỡng phục hồi da Real Barrier Extreme Cream Light 50ml & Real Barrier Extreme Cream Original 50ml,VN,Real Barrier,35.0,5,2.0,589.515,VND,barrier repair cream,https://shop.tiktok.com/vn/pdp/kem-duong-real-barrier-extreme-cream-light-50ml-duong-am-hieu-qua-khong-bit-tac-lo-chan-long-an-toan/1731184445331113950
1128,Sữa Chống Nắng SPF 50 SPF 50,VN,NGÔ THỊ BÔNG ( BÔNG BỐN CON ),35.0,5,2.0,169.536,VND,sunscreen spf50,https://shop.tiktok.com/vn/pdp/sua-chong-nang-spf-50-pa-bao-ve-da-hieu-qua-duong-am/1729987549321988706
1129,NARQES SKINTELLIGENT Tranexamic Acid 3% Serum (30ml),MY,Narqes Aesthetics HQ,35.0,4.9,14.0,148.00,MYR,tranexamic acid serum,https://shop.tiktok.com/my/pdp/serum-narqes-skintelligent-4-tranexamic-acid-bebas-kekejaman-semua-jenis-kulit/1729602572314641891
1130,【Brightening Serum】Skinistry Tranexamic Acid Brightening Serum Fading Dark Spots & Hyperpigmentation Serum Untuk Kulit Tak Sekata Brightening Spot Corrector Serum,MY,Skinistry.my,35.0,4.5,2.0,29.10,MYR,tranexamic acid serum,https://shop.tiktok.com/my/pdp/serum-muka-pencerah-menghilangkan-bintik-gelap-jerawat/1732383595738531255
1131,Eucerin pH5 HYDRO SERUM 400 ML + pH5 SENSITIVE SKIN WASHLOTION 400 ML ยูเซอริน เซตบอดี้เซรั่มเพื่อผิวชุ่มชื้น ครีมอาบน้ำ,TH,vitaminxpress,34.0,5,3.0,"1,389.00",THB,hydrating serum,https://shop.tiktok.com/th/pdp/eucerin-ph5-hydro-serum-washlotion-set-untuk-kulit-sensitif/1729955038878337454
1132,กันแดดนมหอม SPF 50,TH,มุขดา ช้อป,34.0,5,5.0,226.00,THB,sunscreen spf50,https://shop.tiktok.com/th/pdp/kanaedd-spf-50-samhrab-phuhying-aela-chay-sutr-namman-ekhmkhn-pkpong-aesng-uv/1729574312331545500
1133,"Toner 2% BHA Obagi Clenziderm M.D. Exfoliating - Làm Sạch Mụn,Tẩy Tế Bào Chết",VN,TuNè Beauty,34.0,4,2.0,1.110.358,VND,exfoliating toner,https://shop.tiktok.com/vn/pdp/bha-obagi-toner-lam-sach-dau-ngan-ngua-mun-hieu-qua-an-toan/1732030269448948460
1134,"Hyaluronic Acid Serum - 1% Hyaluronic Acid Non-greasy Ultra Hydrating Serum, Facial Moisturizer for Plumper Skin, Skin Care for Face",US,CozyCorner BY Aniq,33.0,5,3.0,10.99,USD,hyaluronic acid serum,https://shop.tiktok.com/us/pdp/hyaluronic-acid-serum-1-hydration-anti-aging-balm/1731404718542917836
1135,"CERAMIDE RECOVERY CREAM *Restore and Nourish Skin* Ceramides, Centella Extract, Hyaluronic Acid",US,Wylow Beauty,33.0,5,5.0,35.00,USD,ceramide cream,https://shop.tiktok.com/us/pdp/ceramide-recovery-cream-gentle-effective-moisture-boost/1732102386506305952
1136,"[AXIS-Y] Dark Spot Correcting Glow Cream 50ml - Brightening, Boost Collagen, Intense Hydration",US,StyleKorean US,33.0,4.7,3.0,17.60,USD,dark spot corrector,https://shop.tiktok.com/us/pdp/axis-y-dark-spot-correcting-glow-cream-50ml-brighten-hydrate/1732237978746720876
1137,"VGO Unisex 3-Piece Adult Facial Skincare Set - Unscented Ammonia-Free Liquid Cleanser, Gentle Vitamin C Serum, Snail Mucin Moisturizer, for Sensitive Types, 24 Months Shelf Life, Skin Repair, Moisture, Hydration, Anti-Aging, Soft Fresh Feel",US,Rfdgyj,33.0,5,6.0,14.90,USD,sensitive skin moisturizer,https://shop.tiktok.com/us/pdp/vgo-vitamin-c-serum-moisturizer-facial-cleanser-set/1732160678379622681
1138,[ครีมคอลลาเจน] ใหม่! LANCOME RENERGIE COLLAGEN+  LIFT-XTEND CREAM  50ML เนื้อครีมใยคอลลาเจนสัมผัสพิเศษ นุ่มและบำรุงลึกเพื่อผิวที่ดูขาดคอลลาเจน ไม่กระชับ ดูหย่อนคล้อย เหมาะสำหรับผู้ที่ต้องการดูแลปัญหาริ้วรอยและสัญญาณแห่งวัยอย่างจริงจัง,TH,Lancome TH,33.0,5,2.0,"5,880.00",THB,collagen cream,https://shop.tiktok.com/th/pdp/1736220219002750802
1139,GoodAge Dark Spot Corrector โลชั่นบำรุงผิว กู๊ดเอจ ดาร์ก สปอต คอเรคเตอร์ แอนตี้ออกซิแดนท์ บอดี้ โลชั่น 100 มล. 2 ชิ้น,TH,Lion Thailand,33.0,5,5.0,174.00,THB,dark spot corrector,https://shop.tiktok.com/th/pdp/1729603219361466617
1140,EQQUALBERRY Swimming Pool Toner | โทนเนอร์ บำรุงผลัดเซลล์ผิว อ่อนโยน,TH,Skyorker,33.0,5,1.0,475.00,THB,exfoliating toner,https://shop.tiktok.com/th/pdp/1734038832294233522
1141,เซรั่มผิวหน้า Glass Skin Glow Serum,TH,Beeyouskinfactory,33.0,5,6.0,229.00,THB,glass skin,https://shop.tiktok.com/th/pdp/es-ram-bamrung-phiwhna-glass-skin-glow-serum-chak-aebrnd-beeyouskin/1732409594584269897
1142,Máy rửa mặt Emmié by HappySkin Premium Facial Cleansing Brush,VN,Long Hưng Beauty,33.0,5,2.0,848.458,VND,facial cleansing brush,https://shop.tiktok.com/vn/pdp/ban-chai-rua-mat-emmie-by-happyskin-sonic-heat-massage/1729600494078102418
1143,Brightening Eye Gel for Dark Circles wth Eyebright Complex 10gm (Eye Cream Gel 1 pc),MY,SANDRA'S GLOW BEAUTY TRADING,33.0,4.9,7.0,56.00,MYR,eye cream dark circle,https://shop.tiktok.com/my/pdp/1736653049595331739
1144,[TONY MOLY] I'm Real Facial Mask Sheet - 13 Type to Choose,MY,ABC Malaysia,33.0,5,1.0,3.93,MYR,face mask sheet,https://shop.tiktok.com/my/pdp/1734687699300484894
1145,Beauty Face Skin Care Cleaning Tools Octopus Jellyfish Facial Cleansing Brush Facial Puff,MY,Bolster Store,33.0,5,9.0,4.27,MYR,facial cleansing brush,https://shop.tiktok.com/my/pdp/berus-muka-akrilik-untuk-penjagaan-kulit-wajah-saiz-kompak/1729464544218221470
1146,"[New Deal]   BYOMA Hydrating Serum with Squalane, Glycerin & Ceramides - Moisturizing Facial Serum for Glowing, Dewy Skin - 1.01 fl. oz - Skin Repair, Skincare Comfort Hydrate",US,REGAL HUB,32.0,5,1.0,22.99,USD,hydrating serum,https://shop.tiktok.com/us/pdp/byoma-hydrating-serum-squalane-ceramides-for-glowing-skin/1731115225581654968
1147,BSC แพค 3 ชิ้นสุดคุ้ม BSC VITAMIN BRIGHT SERUM 50 กรัม บีเอสซี วิตามิน ไบร์ทเทนนิ่ง เซรั่ม สำหรับผิวกระจ่างใส ดูอ่อนเยาว์,TH,Giga products,32.0,5,7.0,176.00,THB,brightening serum,https://shop.tiktok.com/th/pdp/1735498369149863163
1148,(INGU Duo Set รับฟรี Daily Sunscreen 7g.)Brightening Crystal Serum คู่กับ Retinol Serum Shot ช่วยเพิ่มความชุ่มชื่น ผิวอ่อนเยาว์ กระจ่างใส,TH,INGU Skin,32.0,5,2.0,"1,826.00",THB,brightening serum,https://shop.tiktok.com/th/pdp/1734001297044768446
1149,Oxe cure โทนเนอร์ คลีนซิง  Blackhead Clearing Toner 150ml oxecure อ๊อกซีเคียว,TH,Noonnanii shop,32.0,5,2.0,253.00,THB,blackhead remover,https://shop.tiktok.com/th/pdp/oxecure-othn-eno-rs-khrab-haw-dam-khnad-150ml-ehmaakab-phiw-aeph-ngay/1729588643376892190
1150,[TKL]แปรงทำความสะอาดใบหน้า ล้างเครื่องสำอาง double-sided cleansing brush makeup remover,TH,Chanthabut,32.0,0,0.0,33.00,THB,facial cleansing brush,https://shop.tiktok.com/th/pdp/tkl-aeprng-thamkhwamsaoad-aibhna-song-dan-lang-ekhrueongsamoang-oonnum/1730973695764040273
1151,"APLB Serum Giảm Mụn Cho Da Dầu Mụn 40ml APLB AHA BHA PHA Centella Ampoule Serum, Tinh Chất Làm Dịu Cho Da Mụn",VN,APLB VN,32.0,4.6,5.0,227.741,VND,centella serum,https://shop.tiktok.com/vn/pdp/serum-giam-mun-aplb-aha-bha-pha-centella-40ml-duong-am-se-khit-lo-chan-long/1732314033088267817
1152,"Kem Dưỡng Mắt RECIPE Giảm Nếp Nhăn, Giảm Thâm, Giảm Bọng Mắt - RE:CIPE Lifting Recipe Dark Cover Eye Cream 30ml",VN,Calia Cosmetics,32.0,0,0.0,165.330,VND,eye cream dark circle,https://shop.tiktok.com/vn/pdp/kem-duong-mat-recipe-giam-nep-nhan-tham-30ml-made-in-korea/1730345797445257480
1153,[Tặng Toner AC] COMBO Cấp Ẩm Phục Hồi Chuyên Dùng Cho Da Nhạy Cảm - Sữa Rửa Mặt Dịu Nhẹ Ph 5.5 150g + Tinh chất hỗ trợ phục hồi làm dịu da Panthenol 50ml + Kem Dưỡng Da La Bonita Vita K Repair Cream 30ml,VN,LABONITA,32.0,5,3.0,1.048.962,VND,sensitive skin moisturizer,https://shop.tiktok.com/vn/pdp/combo-cham-soc-da-nhay-cam-sua-rua-mat-kem-duong-la-bonita/1733973334385395484
1154,NARQES SKINTELLIGENT Niacinamide 20% Serum (30ml),MY,Narqes Aesthetics HQ,32.0,5,13.0,138.00,MYR,niacinamide serum,https://shop.tiktok.com/my/pdp/narqes-skintelligent-niacinamide-20-serum-untuk-kulit-sihat/1729602484060063203
1155,serum brightening serum with PAD,MY,LINAWINNA SHOP ENTERPRISE,32.0,4.8,6.0,54.00,MYR,brightening serum,https://shop.tiktok.com/my/pdp/serum-pemutih-kulit-dengan-pad-untuk-mencerahkan-wajah/1730345817813714216
1156,(เซ็ท 20 ชิ้น แถม 1) HADABIREI MASK SHEET,TH,HADABIREI,31.0,5,1.0,359.00,THB,face mask sheet,https://shop.tiktok.com/th/pdp/1735285674465854697
1157,Serum HD cấp ẩm.,VN,Ngocgiau9793,31.0,3.8,5.0,113.678,VND,hydrating serum,https://shop.tiktok.com/vn/pdp/serum-hd-cap-am-cho-da-chong-lao-hoa-dung-truoc-kem/1729981397634419243
1158,Mặt Nạ Ngủ Môi Lip Sleeping Mask 20g,VN,Dilys Cosmetics,31.0,5,1.0,377.598,VND,lip mask,https://shop.tiktok.com/vn/pdp/mat-na-ngu-moi-lip-sleeping-mask-20g-duong-am-chong-lao-hoa/1731898279896058288
1159,"Kem Dưỡng Và Lotion Phục Hồi Da Sau Laser, Peel Neova Cu3 Tissue Repair/ Neova Cu3 Recovery Lotion",VN,De Beauté Shop,31.0,5,4.0,1.321.654,VND,post procedure skincare,https://shop.tiktok.com/vn/pdp/1735689103474853179
1160,The Ordinary Azelaic Acid Suspension 10% 30ml,MY,The O. Laboratory,31.0,4.9,8.0,55.77,MYR,azelaic acid,https://shop.tiktok.com/my/pdp/the-ordinary-azelaic-acid-suspension-10-30ml-perawatan-kulit/1734212830650009411
1161,"Salicylic Acid Facial Serum - Advanced Pore Serum, Contains salicylic acid, lactic acid, and glycerin, Dual acids for dual protection, tightens pores and deeply exfoliates, moisturizes and controls oil, suitable for all light beige skin tones",US,Meridian Standard V,30.0,3.5,2.0,4.72,USD,salicylic acid cleanser,https://shop.tiktok.com/us/pdp/salicylic-acid-facial-serum-for-oily-skin-deep-exfoliate-moisture/1732340478503982012
1162,"Tattoo Aftercare 2.6oz Cream for Before, During, and After Tattoo Process - Scar Repair, Gel, and Protective Balm for New & Older Tattoos Liptattoo",US,GOIPLE BEAUTY,30.0,3.6,7.0,13.04,USD,post procedure skincare,https://shop.tiktok.com/us/pdp/goiple-tattoo-aftercare-2-6oz-cream-for-healing-protection/1732168397358076674
1163,Aglam อะแกรม Vitamin Zinc Gluta Blue Herratin Niacinamide Tenprotic Astra Q10 Collcera Deppro Oless บำรุงผิว ผิวหน้า วิตามิน กลูต้า เฮอร์ราติน ไนอะซินาไมด์ เท็นโพรติก แอสตร้า คอลลเซร่า ซิงค์ เดฟโปร โอเลส,TH,cream store88,30.0,5,3.0,205.00,THB,azelaic acid,https://shop.tiktok.com/th/pdp/aglam-phlitphanth-esrim-khwamngam-samhrab-phuhying-s-khrab-phiwkhaw-ais-chwy-ld-elueon-chuddang-dam-om-a-on-markh-aichngan-ngay-plodphay-aela-miprasiththiphaph/1731703557271619926
1164,SET 4 LY NHỰA TRÒN SỌC NHIỀU MÀU,VN,Gia Dung My,30.0,5,1.0,64.561,VND,glass skin,https://shop.tiktok.com/vn/pdp/set-4-ly-nhua-tron-soc-nhieu-mau-dung-tich-350ml-kich-thuoc-8x8x11cm/1729617666860877998
1165,"[Saturday Skin Official]Hydrating Foam Cleanser – Anti Aging Face Wash with Apple Extract, Moisturizing Face Wash, All Natural Foaming Facial Cleanser, Korean Face Wash for Women & Sensitive Dry Skin",US,Saturday Skin,29.0,5,12.0,33.80,USD,korean skincare,https://shop.tiktok.com/us/pdp/gentle-cleanser-by-saturday-skin-with-apple-peach-extracts-150ml/1729440764618118097
1166,กระจกกลมเล็ก,TH,Benzineshop,29.0,4.8,5.0,33.00,THB,glass skin,https://shop.tiktok.com/th/pdp/krachk-klm-elk-samhrab-tkaetng-diy-saitl-ek-khnad-kathadrad/1729582567504841630
1167,VIKKASKINCARE Aloevera with VitaminE Cream 30g อโลเวร่า ครีมบำรุงผิวหน้าmoisturizer สำหรับคนเป็นสิว ช่วยให้ผิวเรียบเนียน,TH,Vikka Skincare,29.0,5,2.0,489.53,THB,vegan skincare,https://shop.tiktok.com/th/pdp/vikkaskincare-aloe-vera-khrim-bamrung-phiwhna-30g-samhrab-phiw-aeph-ngay/1729551585410910510
1168,Retinol AC Clear Cream – Giải Pháp Chăm Sóc Da Mụn & Trẻ Hóa Toàn Diện,VN,PETI TRA GLOBAL,29.0,5,2.0,107.732,VND,acne treatment,https://shop.tiktok.com/vn/pdp/1736061945158927695
1169,toner special lunching,MY,wanz beauty,29.0,5,4.0,66.00,MYR,exfoliating toner/pore care toner,https://shop.tiktok.com/my/pdp/toner-muka-untuk-pudarkan-jerawat-toempak-hitam-mudah-digunakan/1729494511111538318
1170,BRIGHTENING CLEANSING BALM WITH PURE VITAMIN C FREE CLEANSING,MY,Pretty Thing,29.0,5,2.0,35.80,MYR,clean beauty,https://shop.tiktok.com/my/pdp/balsam-pembersih-muka-dengan-vitamin-c-untuk-kulit-cerah/1729452371979439006
1171,PURE CARE TONING LOTION 120 ml.(BCLIOBP8),TH,BSC Cosmetology,28.0,5,2.0,190.00,THB,pore care toner,https://shop.tiktok.com/th/pdp/olchan-echd-phiw-pure-care-120-ml-bsc-duael-phiw-man-oonoyn/1731956352358778148
1172,โลชั่นน้ำหอม,TH,ร้านเดอะหอมช็อป,28.0,3.7,3.0,39.00,THB,body lotion,https://shop.tiktok.com/th/pdp/olchan-namhom-50-kram-rakha-orngngan-ehmaasamhrab-thuk-ookas/1729785727048976931
1173,Cher Skincare Whitening Sleeping Lip Mask (4g) ลิปมาสก์ ฟื้นบำรุงริมฝีปาก ลิปมาสก์มีสี,TH,CastleC,28.0,4.3,3.0,420.00,THB,lip mask,https://shop.tiktok.com/th/pdp/cher-skincare-lip-mas-kh-aiwth-eth-ningu-esor-win-g-samhrab-phiw-rimfipak-4g/1732113719304423431
1174,Tinh Chất Ốc Sên Snail Mucin 95 + Peptide Facial Essence JUMISO - 140ml,VN,VpCorporationOfficial,28.0,0,0.0,398.408,VND,snail mucin essence,https://shop.tiktok.com/vn/pdp/tinh-chat-oc-sen-jumiso-95-peptide-140ml-cap-am-giam-nep-nhan-lam-sang-da/1731605974528067321
1175,[Date 08.2027] Serum dưỡng da trắng sáng ngăn ngừa sạm nám Sakura Concentrated Brightening Serum 30ml,VN,Cửa Hàng Mỹ Phẩm Hoa Anh Đào,28.0,4.9,8.0,1.046.619,VND,brightening serum,https://shop.tiktok.com/vn/pdp/serum-duong-da-trang-sang-ngan-ngua-sam-nam-sakura-30ml/1730216165025089551
1176,"SERUM 72H, HỖ TRỢ CẤP ẨM DƯỠNG SÁNG DA MỀM MỊN DA.. CĂNG BÓNG DA VÀ NGĂN NGỪA LÃO HÓA..30ML..",VN,MỸ PHẨM ALMONDS 99,28.0,5,4.0,718.823,VND,hydrating serum,https://shop.tiktok.com/vn/pdp/serum-72h-dr-cell-sang-da-giam-nep-nhan-duong-am-hieu-qua/1730384307598428181
1177,Hand Essence hyaluronic acid hand serum 40ml,MY,Pet99Shop,28.0,4.9,7.0,2.50,MYR,hyaluronic acid serum,https://shop.tiktok.com/my/pdp/hand-essence-serum-40ml-asid-hialuronik-melembap-mencerah/1729527024709043411
1178,Toner Anna / Facial toner,MY,ADLcare Shop,28.0,5,2.0,8.00,MYR,pore care toner,https://shop.tiktok.com/my/pdp/toner-anna-toner-wajah-untuk-semua-jenis-kulit-ready-stock/1731185072654877939
1179,"Sohochic Electric Facial Pore Vacuum Cleaner - Face Care Device Tool, Grease Remove, Pain-Free, Adjustable Mode, Safety & Health, Makeup Removal Auxiliary, Pimple Vacuum Skin Care Devices",US,Renhui beauty,27.0,4.7,6.0,13.13,USD,clean beauty,https://shop.tiktok.com/us/pdp/new-skin-pore-vacuum-cleaner-facial-grease-removal-electric-tools-adjustable-modes/1732117347727151928
1180,【SAFEMILD】แชมพูดูแลหนังศีรษะและเส้นผมครบวงจร สกัดโสม&โพลีกอนัม ช่วยฟื้นฟูผมเสียจากรีดทำสี เสริมความแข็งแรงรากผม shampoo,TH,SAFEMILD SHOP,27.0,0,0.0,107.00,THB,hair loss shampoo,https://shop.tiktok.com/th/pdp/1736383655354664429
1181,Tinh Chất AXIS-Y Dark Spot Correcting Glow Serum,VN,Lam Thao Cosmetics,27.0,5,1.0,458.654,VND,dark spot corrector,https://shop.tiktok.com/vn/pdp/tinh-chat-axis-y-glow-serum-dieu-tri-dom-nau-chat-luong-cao-lam-thao-cosmetics/1732012025848497711
1182,CÔC THỦY TINH THÍ NGHIỆM CHỊU NHIỆT,VN,Đình Lân,27.0,4.2,5.0,259.363,VND,glass skin,https://shop.tiktok.com/vn/pdp/coc-thuy-tinh-thi-nghiem-chiu-nhiet-bomex-2000ml-3000ml-5000ml-chat-lieu-borosilicat-dung-tron-dung-dich/1729536814134234100
1183,DT37 SADOER Acne facial cleanser salicylic acid + amino acid double-effect cleanser,MY,DT37,27.0,5,8.0,5.83,MYR,salicylic acid cleanser,https://shop.tiktok.com/my/pdp/pembersih-muka-anti-acne-sadoer-dengan-salisilik-amino-asid/1729520229175952689
1184,NOIR PEPTIDE BRIGHTENING REPAIR SERUM 20ml,MY,Shopping Centre Hub,27.0,3.7,3.0,134.00,MYR,peptide serum,https://shop.tiktok.com/my/pdp/noir-super-anti-aging-serum-20ml-untuk-kedut-awet-muda/1731198027602101860
1185,Jumiso Snail Mucin 95 + Peptide Essence 140ml with Snail Mucin Toner 205ml [GWP Waterfull Cleansing Foam 20ml & Waterfull Hyaluronic Cream 20ml],MY,Jumiso OFFICIAL STORE,27.0,5,7.0,110.00,MYR,snail mucin essence,https://shop.tiktok.com/my/pdp/1733341905790403796
1186,Soulea Smooth Glow Exfoliating toner 50ml,MY,Soulea,27.0,5,1.0,37.80,MYR,exfoliating toner,https://shop.tiktok.com/my/pdp/1736778222867678675
1187,Hya glass skin hydro glow mask,MY,Faria Shop shop,27.0,5,1.0,11.00,MYR,glass skin,https://shop.tiktok.com/my/pdp/1731852228092527729
1188,"Post Acne Care Set - Orien Toner,  Cream + Frankly Serum",MY,lunabeauty,27.0,5,4.0,54.42,MYR,post procedure skincare,https://shop.tiktok.com/my/pdp/set-penjagaan-jerawat-orien-toner-krim-serum-15/1732458722613364310
1189,AC Aurinza TRANE PINE Radiance Serum เซรั่มบำรุงผิวสูตรเข้มข้น ผสม Tranexamic Acid 3% & French Pine Bark Extract ด้วยนวัตกรรมนาโน ช่วยให้ผิวกระจ่างใส สีสม่ำเสมอ ขนาด 30 มล.,TH,AC Aurinza Thailand,26.0,5,1.0,"1,513.00",THB,tranexamic acid serum,https://shop.tiktok.com/th/pdp/ac-aurinza-trane-pine-radiance-serum-samhrab-phiwkhaw-krachang-ais/1732362595692873615
1190,KARIX SKIN 5X CERAMIDE BARRIER MOISTURIZER GEL  30g มอยส์กำแพงผิว มอยส์เจอร์ไรเซอร์ใบหน้า เกราะป้องกัน ผิวหน้า ชุ่มชื้น,TH,KARIX SKIN,26.0,5,2.0,76.00,THB,barrier repair cream,https://shop.tiktok.com/th/pdp/karix-skin-khrim-namhom-samhrab-phuhying-chay-khnad-30ml/1731362154984213429
1191,【1 แถม 1】Body Lotion 260ml โลชั่นบำรุงผิวกายที่มีกลิ่นหอม บำรุงผิวที่แห้งกร้านให้ดีขึ้น กลิ่นหอมติดทนนาน,TH,LAMWIN,26.0,5,4.0,84.00,THB,body lotion,https://shop.tiktok.com/th/pdp/1-aethm-1-olchan-bamrung-phiw-260ml-klinhom-tid-thn-nan-samhrab-phiw-aehng-kran/1735253336220665603
1192,THE FACE SHOP THE THERAPY VEGAN MOISTURIZING SUN SERUM SPF50+ PA++++,TH,THEFACESHOP THAILAND,26.0,5,1.0,731.26,THB,vegan skincare,https://shop.tiktok.com/th/pdp/the-face-shop-es-ram-bamrung-phiw-spf50-pa-phiess-samhrab-phuhying/1730492921778572003
1193,La ChomB Collagène X Cream 50ml Phục hồi tế bào & củng cố độ đàn hồi tự nhiên của làn da Chống lão hóa Tăng sinh tế bào,VN,90s Beauty,26.0,0,0.0,1.629.141,VND,collagen cream,https://shop.tiktok.com/vn/pdp/la-chomb-collagene-x-cream-50ml-chong-lao-hoa-tang-sinh-te-bao/1733464084749124889
1194,Pharmaform kem giúp làm sáng SPOT CORRECTOR LIGHT WEIGHT CREAM 30ml,VN,Suki auth,26.0,5,3.0,448.135,VND,dark spot corrector,https://shop.tiktok.com/vn/pdp/kem-tri-nam-da-nhe-nhang-duong-trang-da-hieu-qua-dung-tich-30ml/1732277138096620679
1195,Kem phục hồi da và cấp ẩm da Obagi Rebalance Skin Barrier Recovery Cream 48g,VN,ZabonSkincare,26.0,5,2.0,2.765.300,VND,barrier repair cream,https://shop.tiktok.com/vn/pdp/1736027385372248033
1196,Kem Nền Dạng Lỏng CARSLAN Lasting Moisture Foundation (30ml),VN,Nuty Cosmetics,26.0,0,0.0,331.884,VND,makeup foundation,https://shop.tiktok.com/vn/pdp/kem-nen-carslan-lasting-moisture-foundation-30ml-cho-da-kho-nhe-nhang-che-phu-trung-binh/1730400216839194876
1197,"Krim Mata Retinol & Retinal, 15g, Formula Penghidratan Lembut, Untuk Penjagaan Kulit Halus, Penjagaan Tidak Merengsa, dengan Panthenol dan Gliserin",MY,10-JS.Beauty.MY,26.0,4,2.0,6.03,MYR,retinol cream,https://shop.tiktok.com/my/pdp/krim-mata-retinol-retinal-15g-hidrasi-lembut-tanpa-kerengsa/1731096632606688535
1198,"circular hydration serum with hyaluronic acid, deeply hydrates and replenishes",MY,Dermalogica Malaysia,26.0,5,3.0,429.00,MYR,hydrating serum,https://shop.tiktok.com/my/pdp/serum-hidrasi-bulat-dengan-asid-hyaluronik-untuk-kulit-kering-dehidrasi/1729669860084517680
1199,MODEL FSKIN FRAME BIRU KRISTAL LENS BLACK,MY,GUDANG SPEK,26.0,5,6.0,111.00,MYR,glass skin,https://shop.tiktok.com/my/pdp/model-fskin-frame-biru-kristal-lensa-hitam-polarized-set-lengkap-percuma-pembersih-lensa/1730721118976837078
1200,"1pc Blackhead Remover Tool - Gentle Pore Cleaner Skincare Device for Daily Use, Spa, Home & Business Travel (All Seasons Suitable), Beauty Gift Set That Removes Blackheads",US,YOONNNO,25.0,3.6,5.0,7.99,USD,blackhead remover,https://shop.tiktok.com/us/pdp/gentle-pore-cleanser-tool-suitable-for-daily-skincare/1732284502073512903
1201,"The VGO Essence Facial Cream cares for sensitive skin, providing high - efficiency moisturization and repair.",US,Clickzy,25.0,5,3.0,80.00,USD,sensitive skin moisturizer,https://shop.tiktok.com/us/pdp/vgo-facial-serum-essence-with-snail-mucin-for-radiant-skin-30ml/1730499528237552451
1202,"Toner Collection - TINGL Exfoliating Pads, Neutralizing Toner, and BHA Toner",US,DRMTLGY Shop,25.0,0,0.0,110.00,USD,exfoliating toner,https://shop.tiktok.com/us/pdp/toner-collection-kit-exfoliating-pads-neutralizing-toner/1731867599958151718
1203,PAPA FEEL 8D HYALURONIC ACID PEPTIDE HYDRATING FIRMING SERUM 40 ml,TH,PAPA FEEL Store,25.0,5,1.0,169.00,THB,hyaluronic acid serum,https://shop.tiktok.com/th/pdp/papa-feel-8d-hyaluronic-acid-peptide-serum-40ml-ld-elueon-ehtuphl/1735285762408678691
1204,TOCOBO Vita Glazed Lip Mask 20ml ลิปมาส์ก,TH,Kbeauty.house,25.0,5,2.0,423.00,THB,lip mask,https://shop.tiktok.com/th/pdp/tocobo-vita-glazed-lip-mask-20ml-ehmaasamhrab-bamrung-rimfipak/1731005315267135720
1205,Serum Tranexamic Acid Angle Liquid Tinh Chất Cải Thiện Nám Tàn Nhang 30ml,VN,Tina Beauty Mỹ Phẩm Chính Hãng,25.0,5,3.0,989.737,VND,tranexamic acid serum,https://shop.tiktok.com/vn/pdp/serum-tri-nam-tham-angeline-duong-da-hieu-qua-30ml/1731820842184641124
1206,[KOL - LIVE]  Tinh chất ốc sên JUMISO Snail Mucin 95 + Peptide 140ml,VN,JUMISO Vietnam,25.0,4.5,2.0,492.926,VND,snail mucin essence,https://shop.tiktok.com/vn/pdp/1731585227132339716
1207,[KOL Là Trang] Peel Da Dermalogica Powerbright Dark Spot Peel Hỗ Trợ Làm Sáng Các Vệt Đốm Nâu 50ml,VN,Dermalogica Vietnam,25.0,5,2.0,3.359.911,VND,dark spot corrector,https://shop.tiktok.com/vn/pdp/dermalogica-powerbright-dark-spot-peel-lam-sang-mem-mai/1732076279070165335
1208,Phấn Nền Trang Điểm Kiềm Dầu HD Skin Powder Foundation 11g - MAKE UP FOR EVER - Nhập khẩu độc quyền từ Pháp,VN,PARIS FRANCE BEAUTY,25.0,0,0.0,1.665.162,VND,makeup foundation,https://shop.tiktok.com/vn/pdp/phan-nen-trang-diem-kiem-dau-hd-skin-powder-foundation-11g/1730089615419935357
1209,Skin Filter 10G _ Glass Skin By Amc,MY,Ayu Molek Kosmetik,25.0,5,6.0,17.40,MYR,glass skin,https://shop.tiktok.com/my/pdp/1736404433039886157
1210,Clear Up,US,Tula,24.0,4.7,1278.0,49.40,USD,post procedure skincare,https://shop.tiktok.com/us/pdp/acne-clearing-gel-by-brand-tone-correcting-with-salicylic-acid/1729404708768747912
1211,[Secret Basket!] KIEHL'S RETINOL DAILY SKIN-RENEWING MICRO-DOSE SERUM 50ML - เซรั่มเรตินอล ลดเลือนริ้วรอย เพื่อผิวกระชับ ผิวหน้าเนียนละเอียด,TH,Kiehl's TH,24.0,5,1.0,"5,120.00",THB,retinol cream,https://shop.tiktok.com/th/pdp/1732963599155758549
1212,HM - THE RETINOL EYE CREAM ครีมบำรุง รอบดวงตา,TH,DARIN Shop Online,24.0,0,0.0,407.00,THB,eye cream dark circle/retinol cream,https://shop.tiktok.com/th/pdp/hm-the-retinol-eye-cream-khrim-bamrung-rob-dwngta-khnad-25-ml-ehmaasamhrab-phiw-rob-dwngta-thi-tongkar-khwamchumchuen-aela-ld-riwroy/1731475341570704496
1213,DERMACOS  Whitening & Moisturizing Cream ครีมบำรุงผิวหน้าให้กระจ่างใส และให้ความชุ่มชื้นแก่ผิวด้วย ceramide ขนาด20g.,TH,DERMACOS.Thailand,24.0,0,0.0,310.00,THB,ceramide cream,https://shop.tiktok.com/th/pdp/1735306205826221659
1214,มาส์คหน้า Moods มาส์กหน้า Mask Sheet วิตามินซี 38 ml (1กล่อง10ซอง) สกินแคร์ Skincare บำรุง ใบหน้า,TH,CEO Let's go,24.0,4.6,5.0,154.00,THB,face mask sheet,https://shop.tiktok.com/th/pdp/moods-echl-langhna-3-in-1-khnad-38ml-samhrab-thamkhwamsaoad-phiw/1730254657939540458
1215,DEWellness Elixir Tencel Facial Mask Sheet (1 Sheet) - แผ่นมาสก์หน้าเปล่าเทนเซล,TH,DEWellness Brand,24.0,4,1.0,93.10,THB,face mask sheet,https://shop.tiktok.com/th/pdp/dewellness-elixir-tencel-facial-mask-st-aephn-mas-kh-na-eth-n-es-l/1729647657238104723
1216,เจลใบบัวบกและมะเขือเทศจากแบรนด์ The Charmming Garden,TH,ทีโอบิวตี้ช็อป,24.0,5,1.0,139.00,THB,vegan skincare,https://shop.tiktok.com/th/pdp/wi-t-si-song-khu-ratcha-vitc-es-ram-khrim-samhrab-phiw-swy-sukhphaph-di/1732276796444347048
1217,Serum rau má hỗ trợ Phục hồi ẩm da Zymogen Centella Ferment Serum 105ml,VN,Bác Sĩ Da Liễu Phạm Huê,24.0,5,1.0,1.253.073,VND,centella serum,https://shop.tiktok.com/vn/pdp/serum-rau-ma-zymogen-centella-ferment-105ml-duong-da-chong-lao-hoa/1730015449490819264
1218,SERUM DƯỠNG ẨM CĂNG BÓNG DA - Whitening serum 30ml Skincare Làm Đẹp Da Dưỡng Ẩm Da Chăm Sóc Da Cấp Ẩm,VN,HOÀNG LIÊNN,24.0,5,2.0,418.023,VND,hydrating serum,https://shop.tiktok.com/vn/pdp/serum-duong-am-cang-bong-da-hm-store-lam-sang-da-giam-nep-nhan-duong-am/1729647014523996846
1219,[MUA 599K TẶNG MINI SIZE 50ML] Sữa Dưỡng Da Toàn Thân Cho Em Bé Có Da Nhạy Cảm Mustela SOOTHING MOISTURIZING LOTION 200ML Cho Bé,VN,Tinhteebeauty,24.0,5,1.0,405.443,VND,sensitive skin moisturizer,https://shop.tiktok.com/vn/pdp/sua-duong-da-tre-em-mustela-200ml-danh-cho-da-nhay-cam/1729776490421651619
1220,Kem chống nắng Rosie Seoul,VN,Rika Cosmetics,24.0,0,0.0,291.406,VND,korean skincare,https://shop.tiktok.com/vn/pdp/kem-chong-nang-rosie-seoul-spf-45-pa-duong-am-bao-ve-da/1730575707716684389
1221,【Janna & Dini Approved】Teashell Serum Pencerah Niacinamide｜2 Botol Set｜Formula 5% Niacinamide + Alpha Arbutin｜Membantu Memperbaiki Kulit Kusam · Menjadikan Kulit Lebih Cerah & Berseri｜NPRA Notified,MY,Teashell MY,24.0,0,0.0,24.60,MYR,niacinamide serum,https://shop.tiktok.com/my/pdp/1737462410971481949
1222,WHITE PERFECT Serum Vit-C-30ml,MY,Cc team beauty Shop,24.0,5,3.0,4.20,MYR,vitamin c serum,https://shop.tiktok.com/my/pdp/white-perfect-serum-vit-c-30ml-perlindungan-harian-spf-40-50/1732930653399910326
1223,XUNMENG Snail 96 Mucin Power Essence 120ml untuk Kulit Kusam & Garis Halus,MY,XUNMENG.Beauty,24.0,5,4.0,18.13,MYR,snail mucin essence,https://shop.tiktok.com/my/pdp/xunmeng-essensi-siput-96-mucin-120ml-untuk-kulit-kusam-halus/1732385557052556763
1224,Labore Barrier Revive Repair Cream | Soothe Irritated Sensitive Skin Within 15 Mins Strengthen Skin Barrier Halal Paraben-Free Facial Cream,MY,Pesona   MY,24.0,5,2.0,26.01,MYR,barrier repair cream,https://shop.tiktok.com/my/pdp/1735897497396676035
1225,"[Aobenz] New Dark Spot Correcting Serum - Tranexamic Acid, Niacinamide, Alpha Arbutin Brightening Anti-Aging Cream Serum, Hydrating Moisture Formula for Face - Fades Dark Spots, Evens Tone, Professional Skincare Hydrate Kit Essence",US,SINPIN&aobenz,23.0,5,2.0,15.99,USD,tranexamic acid serum,https://shop.tiktok.com/us/pdp/dark-spot-correcting-serum-anti-aging-face-cream-set/1732617367940665462
1226,"70% Niacinamide + 4% Tranexamic Acid Serum, Brighten Skin Tone, Dark Spot Brightening, Dark Spot Remover, Dark Spot Removal, Fading Dark Spot, Fade Acne Scars, Improve Dullness, Refine Pores, Repair Skincare Barrier",US,Hui yi jia Store,23.0,0,0.0,5.38,USD,tranexamic acid serum,https://shop.tiktok.com/us/pdp/niacinamide-serum-by-rozino-brighten-skin-fade-scars-refine-pores/1732194548892864890
1227,Tattoo Aftercare Lotion Moisturizer 3oz,US,After Inked,23.0,5,4.0,25.00,USD,post procedure skincare,https://shop.tiktok.com/us/pdp/tattoo-aftercare-lotion-3oz-by-after-inked-vegan-moisturizer-balm/1729409260372399100
1228,Dr.Skinne' Acne Fight เจลลดปัญหาสิว,TH,Dr.Skinne,23.0,5,6.0,267.00,THB,acne treatment,https://shop.tiktok.com/th/pdp/1736580424086554094
1229,"AZCLEAR Azelaic acid 20% Giúp Giảm Thâm, Hỗ Trợ Giảm Mụn 25g",VN,Dr. Duc Ngoc,23.0,0,0.0,434.557,VND,azelaic acid,https://shop.tiktok.com/vn/pdp/neostrata-oily-skin-solution-8-aha-chong-lao-hoa-da-nhay-cam-mun-100ml/1730562297768282262
1230,KEM MỤN - NÁM - TRĂNG DA - CHỐNG NẮNG 5G ( NHƯ TIÊN ),VN,MỸ PHẨM MINH CHÂU 2,23.0,5,1.0,38.095,VND,acne treatment,https://shop.tiktok.com/vn/pdp/kem-tri-mun-nam-duong-am-chong-nang-se-khit-lo-chan-long/1731328218033850657
1231,Kem dưỡng phục hồi da Real Barrier Extreme Cream Original 50ml,VN,Real Barrier,23.0,0,0.0,536.695,VND,barrier repair cream,https://shop.tiktok.com/vn/pdp/kem-duong-phuc-hoi-da-real-barrier-extreme-cream-50ml-duong-am-lam-diu-da-phu-hop-moi-loai-da-san-ph/1731183746164623326
1232,"【Janna & Dini’s Top Pick】Teashell Serum Pencerah Niacinamide 30ml｜Formula 5% Niacinamide + Alpha Arbutin｜Membantu memperbaiki kulit kusam · Menjadikan kulit lebih cerah dan berseri,NPRA Notified.",MY,Teashell MY,23.0,4.3,3.0,13.40,MYR,niacinamide serum,https://shop.tiktok.com/my/pdp/1737306259586385757
1233,Serum Tinh chất Dr.Pepti Centella Dark Spot Solution Ampoule 30ml.Mẫu mới,MY,V.A 1,23.0,5,2.0,79.40,MYR,centella serum,https://shop.tiktok.com/my/pdp/set-syampu-kondisioner-weilaiya-dengan-ekstrak-trufel/1729517287331170231
1234,100pcs Disposable Non-Woven Fabric Face Mask Paper Skincare Paper Cotton DIY Facial Masque Sheet,MY,ese brew.,23.0,4.7,3.0,6.83,MYR,face mask sheet,https://shop.tiktok.com/my/pdp/1734460643660563711
1235,Toner Refreshing,MY,Anggunayumieshop,23.0,5,2.0,72.00,MYR,exfoliating toner,https://shop.tiktok.com/my/pdp/toner-refreshing-toning-tanpa-pengelupasan-penjagaan-natural-glowing/1729448422467078936
1236,Dherbs glass skin two way cake powder (TAN)Makeup Bedak,MY,ME beuty shop,23.0,5,4.0,28.41,MYR,glass skin,https://shop.tiktok.com/my/pdp/1734350924664637336
1237,"Truly Clear One-Step Acne Treatment - 99gr Plant-Based, Salicylic Acid Formula for Clear Skin, Gentle Cleanser for Face & Body, Vegan Skincare, Non-Comedogenic, Blemish-Free Results, Peppermint Oil Scent",US,Truly Clear,22.0,4.9,48.0,19.95,USD,salicylic acid cleanser,https://shop.tiktok.com/us/pdp/acne-bar-by-truly-salicylic-acid-formula-for-clear-skin-in-7-days/1729385230883525445
1238,[ ครีม หมอจุฬา ] MCL Anti Dark Circle Eye Cream (เอมซีแอล แอนตี้ ดาร์ค เซอเคิ้ล อาย ครีม),TH,MCLthailand by บริษัท หมอจุฬา,22.0,5,3.0,397.00,THB,eye cream dark circle,https://shop.tiktok.com/th/pdp/mcl-anti-dark-circle-eye-cream-ld-roy-khlam-ait-ta-samhrab-phuhying/1729592597482866959
1239,มอยส์เห็ดมิฮาดะ มอยส์เจอร์ไรเซอร์ เซนซิทีฟ ครีม Mihada Moisturizer Sensitive Cream,TH,aksara skin,22.0,0,0.0,63.00,THB,sensitive skin moisturizer,https://shop.tiktok.com/th/pdp/1734878377237840955
1240,SKIN EXPERT Purify Moisturizing Cream For Sensitive Skin เพียวริไฟน์ มอยซ์เจอไรซิ่ง ครีม,TH,SKIN EXPERT,22.0,5,2.0,672.00,THB,sensitive skin moisturizer,https://shop.tiktok.com/th/pdp/skin-expert-khrim-namhom-samhrab-phuhying-aela-phuchay-klinhom-sdchuen-bamrung-phiw-aehng-esiy-khnad-45-kram-plodphay-aela-prasiththiphaph-sung/1731259184134392573
1241,"Serum Theramid AZID: Azelaic Acid 15% giúp làm mờ thâm, thu nhỏ lỗ chân lông, làm sáng da đều màu 30m",VN,Thương Auth,22.0,0,0.0,1.845.814,VND,azelaic acid,https://shop.tiktok.com/vn/pdp/serum-theramid-azid-voi-azelaic-acid-15-lam-sang-da-duong-am/1732307477726135507
1242,Kem dưỡng ẩm Embryolisse Lait-Crème Concentré dành cho da nhạy cảm,VN,Moore.vn,22.0,5,1.0,313.348,VND,sensitive skin moisturizer,https://shop.tiktok.com/vn/pdp/kem-duong-am-embryolisse-lait-creme-concentre-cho-da-nhay-cam-duong-sau-thanh-phan-tu-nhien-da-cong-nang-tham-thau-nhanh/1731612618899228400
1243,Sữa dưỡng thể Alpha Arbutin Lotion dưỡng da body Body Lotion,VN,ĐN Minimart,22.0,5,1.0,154.483,VND,body lotion,https://shop.tiktok.com/vn/pdp/sua-duong-the-alpha-arbutin-500ml-duong-da-trang-da/1730009980121811429
1244,Dầu gội đầu giúp giảm rụng tóc - Doctor Hair Shampoo 500ml laurasunshine,VN,Mỹ Phẩm Hoà Hảo 2,22.0,5,4.0,411.504,VND,hair loss shampoo,https://shop.tiktok.com/vn/pdp/dau-goi-dau-giam-rung-toc-doctor-hair-shampoo-500ml/1729934781474507170
1245,"ACM Azeane Cream 15% Azelaic Acid 30ml, Soothes Calms Irritation and Redness Relief, Brightening Face Skin and Beauty Care",MY,Amys Beauty,22.0,5,1.0,53.31,MYR,azelaic acid,https://shop.tiktok.com/my/pdp/krim-wajah-acm-azeane-15-azelaic-acid-30ml-untuk-kulit-lembut/1732101955354854879
1246,Ceradan Skin Barrier Repair Cream 30g,MY,AA Pharmacy,22.0,5,2.0,59.00,MYR,barrier repair cream,https://shop.tiktok.com/my/pdp/krim-penyelenggara-kulit-ceradan-30g-untuk-bayi-dewasa/1730179914693510975
1247,mgw lotion,MY,tysha alisha,22.0,2,3.0,43.00,MYR,body lotion,https://shop.tiktok.com/my/pdp/mgw-lotion-siap-digunakan-krim-untuk-kulit-sihat-lembap/1729596788813040061
1248,Sebamed Anti-Hair Loss Shampoo 200ML,MY,HTM Pharmacy,22.0,4,2.0,74.60,MYR,hair loss shampoo,https://shop.tiktok.com/my/pdp/sebamed-anti-keguguran-rambut-200ml-dengan-kafein-ginkgo-biloba/1729591110099962329
1249,FJ L-GLUTAMINE PREMIUM MOISTURIZING LOTTION,MY,baregolok,22.0,0,0.0,11.00,MYR,glass skin,https://shop.tiktok.com/my/pdp/sabun-badan-nenas-kuning-putih-thai-untuk-kulit-bersih-segar/1729639801968559759
1250,Korean facial cream and serum set 50ml and 50g,MY,V.A 1,22.0,0,0.0,82.50,MYR,korean skincare,https://shop.tiktok.com/my/pdp/set-krim-muka-serum-korea-50ml-dan-50g-untuk-kulit-sihat/1730354304802916279
1251,"TINA TONER Big Tones and  NOURISHING BODY OIL papaya Skincare 1 Liter Deep Hydration Collagen Oil, Lemon, Cosmetic",US,Tina toner skin,21.0,5,1.0,80.00,USD,pore care toner,https://shop.tiktok.com/us/pdp/tina-toner-papaya-body-oil-1l-nourishing-glow-boosting/1732317278367880096
1252,ครีมคอลลาเจน รีเบิร์ท Rebirth Collagen Anti-Wrinkle Cream 100ml ใช้ได้ทั้งเช้าและก่อนนอน,TH,Konvy,21.0,4.3,3.0,335.00,THB,collagen cream,https://shop.tiktok.com/th/pdp/khrim-khollaechn-ribeth-ld-elueon-riwroy-khnad-100ml-ehmaasamhrab-phuhying/1729794197943126519
1253,ASMA Berries Brightening Serum 30ml เซรั่มบำรุงผิวหน้า สูตรเบอร์รี่ เข้มข้น ผิวกระจ่างใส,TH,วิศวะ พาสวย,21.0,4.7,3.0,717.00,THB,brightening serum,https://shop.tiktok.com/th/pdp/asma-es-ram-bamrung-phiwhna-30ml-samhrab-phuhying-phlitphanth-duael-phiw-thi-chwy-aih-phiw-numnwl-aela-eplngplang/1730001465479301426
1254,ครีมกันแดด มัลติ โพรเทคทีฟ ซันสกรีน กิฟฟารีน เอสพีเอส 50+ พีเอ++++ Multi Protective Sunscreen SPF50+ PA++++ SPF 30 SPF 50 SPF 50 บำรุงหน้า บํารุงผิวหน้า กันแดดหน้า ใบหน้า สกินแคร์ Skincare,TH,giftforhealth,21.0,5,4.0,678.00,THB,sunscreen spf50,https://shop.tiktok.com/th/pdp/1729875543665903956
1255,100Pcs Disposable Face mask skincare paper mask sheet Facial Mask Non-Woven Fabrics Paper Beauty Tool,MY,NNAVE,21.0,5,3.0,6.83,MYR,face mask sheet,https://shop.tiktok.com/my/pdp/topeng-muka-sekali-pakai-100-pcs-untuk-skincare-kecantikan/1732155426003191149
1256,Wardah Facial Toner Glycolic Acid exfoliating smooth skin toner 120ml,MY,Guidance Skincare,21.0,5,2.0,18.00,MYR,exfoliating toner,https://shop.tiktok.com/my/pdp/1737113449013544562
1257,SEBAMED ANTI HAIR LOSS SHAMPOO 200ML,MY,Caring Pharmacy,21.0,5,1.0,83.37,MYR,hair loss shampoo,https://shop.tiktok.com/my/pdp/sebamed-anti-hair-loss-shampoo-200ml-untuk-rambut-lebat/1732301905854235789
1258,OKAYA MASTERPIECE LIQUID FAOUNDATION (ready 3 code ) Foundation Makeup,MY,MEKS BEAUTY STORE,21.0,5,3.0,42.00,MYR,makeup foundation,https://shop.tiktok.com/my/pdp/okaya-masterpiece-liquid-foundation-tiga-warna-sediaan/1731294678114600757
1259,"SohoChic Firming Retinol Cream with Hyaluronic Acid & Vitamin C - 1 Pack Water-Based Day/Night Moisturizer, All Skin Types, Moisturizing, Hypoallergenic, Apply Daily, Rejuvenating, Healthy Aging, Daily Radiant Skin, 1.05 oz (Skincare Moisturizers & Mists)",US,Que-Beauty,20.0,5,2.0,13.99,USD,retinol cream,https://shop.tiktok.com/us/pdp/eelhoe-retinol-cream-30g-hydrating-firming-hypoallergenic/1732224465859678932
1260,[glow] apple retinol eye cream,US,glow US official,20.0,4.5,2.0,52.00,USD,retinol cream,https://shop.tiktok.com/us/pdp/apple-retinol-eye-cream-by-glow-hydrating-and-firming-formula/1731049167404699742
1261,"1-Count Food-Grade Silicone Double-Ended Facial Brush - Antislip Control Scrubber for Blackhead Removal, Gentle Exfoliator, Pore Cleanser, Compact Easy-Rinse Portable for Daily/Travel Use, Home/Party Supplies Gift",US,Ystarup,20.0,5,4.0,8.58,USD,facial cleansing brush,https://shop.tiktok.com/us/pdp/double-ended-facial-cleansing-brush-portable-exfoliating-deep-cleansing-gentle-silicone-travel-essential/1732293135869842212
1262,DREAM GIRL shot glass,US,intoxicatednyc,20.0,0,0.0,13.00,USD,glass skin,https://shop.tiktok.com/us/pdp/dream-girl-shot-glass-unique-cunty-design-perfect-for-parties/1731288088250192870
1263,MILD NATURE SERUM CENTELLA 30ML บํารุงผิวหน้า สกินแคร์ ผิว new pack,TH,Thai SYS Shop,20.0,5,2.0,497.00,THB,centella serum,https://shop.tiktok.com/th/pdp/es-ram-centella-30ml-chak-mild-nature-es-llu-la-ain-oa-si-na-em-di/1729724652934039886
1264,D Dark marks Corrector 40 g,TH,BEAUTY ROOM - BKK,20.0,0,0.0,382.00,THB,dark spot corrector,https://shop.tiktok.com/th/pdp/1735033694159406673
1265,MEIN SUNSCREEN SPF50 PA++++ ครีมกันแดด SPF 50 เนื้อบางเบา ติดทน SPF 50 ผิวทุกประเภท บํารุงผิวหน้า บำรุงหน้า ขนาด48ml,TH,Match,20.0,5,2.0,58.00,THB,sunscreen spf50,https://shop.tiktok.com/th/pdp/khrimkanaedd-mein-spf50-pa-enueo-bangeba-bamrung-phiwhna-thuk-praephth-khnad-48ml/1729984710072436939
1266,DƯỢC MỤN KING ACNE của XM_NATỦE,VN,NGHUYỄN THỊ LỆ,20.0,0,0.0,216.597,VND,acne treatment,https://shop.tiktok.com/vn/pdp/duoc-mun-king-acne-cua-xm-natue-giam-mun-boc-viem-sung-do-da-nhan-min-khoe/1729590235939113780
1267,LVA (Tặng Set Mặt Nạ Br:lab) Nước Cân Bằng Cho Da Dầu Mụn Vacure:treat Pore Purifying Toner 145ml,VN,Vacure:treat Store,20.0,5,1.0,853.387,VND,pore care toner,https://shop.tiktok.com/vn/pdp/nuoc-can-bang-vacure-treat-145ml-duong-am-se-khit-lo-chan-long/1731193228980291569
1268,Sữa Dưỡng Thể Eucerin pH5 Lotion Dành Cho Da Nhạy Cảm - 250ml,VN,One Pharmacy,20.0,0,0.0,276.342,VND,sensitive skin moisturizer,https://shop.tiktok.com/vn/pdp/eucerin-ph5-lotion-da-nhay-cam-bao-ve-duong-am-24h/1732134516457114407
1269,kreain collagen joint cream,MY,EIKK Shop,20.0,5,4.0,34.00,MYR,collagen cream,https://shop.tiktok.com/my/pdp/kreain-collagen-joint-cream-melegakan-sakit-sendi-bahan-semulajadi-gel-keselesaan-sesuai-untuk-penjagaan-harian/1731746277376755080
1270,KISS BEAUTY MATTE FINISH FOUNDATION,MY,FIEYAH MAKEOVER BEAUTY 2023,20.0,5,6.0,11.00,MYR,makeup foundation,https://shop.tiktok.com/my/pdp/1737209354066561011
1271,THE FACE SHOP The Therapy Vegan Blending Serum (50ml),MY,THE FACE SHOP MY,20.0,5,5.0,41.54,MYR,vegan skincare,https://shop.tiktok.com/my/pdp/serum-anti-penuaan-vegan-the-face-shop-dengan-ekstrak-edelweiss/1731373482479551800
1272,THE FACE SHOP The Therapy Vegan Sunscreen Stick SPF50+ PA++++ 18g,MY,THE FACE SHOP MY,20.0,4.8,5.0,64.90,MYR,vegan skincare,https://shop.tiktok.com/my/pdp/the-therapy-vegan-sunscreen-stick-spf50-the-face-shop-100-vegan-mudah-cuci-tahan-air/1729649979910292792
1273,Postpartum Repair Stretch Mark Cream Body Care Skin Rejuvenation Oatmeal Body Lotion Gentle Non-irritating Stretch Mark Removal Portable Body Lotion Daily Use,MY,roman lady,20.0,4,1.0,4.23,MYR,post procedure skincare,https://shop.tiktok.com/my/pdp/krim-perbaikan-pasca-melahirkan-pelembap-kulit-alami/1733576517195629937
1274,"Advanced Clinicals 5% Niacinamide Serum, 1.75 fl oz (52 ml)",US,iHerb,19.0,4.9,54.0,21.88,USD,niacinamide serum,https://shop.tiktok.com/us/pdp/5-niacinamide-serum-by-advanced-clinicals-1-75-fl-oz-skin-care/1729469060864119182
1275,Aussie Betta Golden Micro-Peptide Tallow Serum with Niacinamide & Bifida Skin Repair Formula for Fine Lines & Dark Spots No Irritation Visible Results Firm Anti Aging Firming Deep Hydration Sensitive Gentle Retinol,US,Aussie betta clean beauty,19.0,0,0.0,19.90,USD,peptide serum,https://shop.tiktok.com/us/pdp/anti-aging-duo-retinol-niacinamide-for-sensitive-skin/1729496848325186660
1276,CERAVE Hydrating Hyaluronic Acid Serum 30ml. เซราวี ไฮเดรติ้ง ไฮยาลูรอนิค แอซิด เซรั่ม,TH,365wecare,19.0,5,3.0,840.00,THB,hyaluronic acid serum/hydrating serum,https://shop.tiktok.com/th/pdp/cerave-serum-30ml-samhrab-bamrung-phiwhna-ld-payha-phiw-aehng-esiy/1729870025322433398
1277,AZECLEAR Cream Azelaic Acid 20% ดูแลผิวหน้า ลดความมัน ผิวดูเรียบเนียน 30g,TH,Clay Toy Studio,19.0,0,0.0,606.65,THB,azelaic acid,https://shop.tiktok.com/th/pdp/1736180524834981607
1278,ไบโอควีน I,TH,ศูนย์ความงามไอริสนราธิวาส,19.0,0,0.0,603.80,THB,acne treatment,https://shop.tiktok.com/th/pdp/aiboo-khwin-i-chwy-prab-sphaph-phiw-aihm-ld-riwroy-phiweniyn-num/1729436105038662369
1279,123261 - [NEW PANCOSMETIC] ANTI ACNE 2 Solution,TH,Pan beauty care แพนบิวตี้แคร์,19.0,5,3.0,215.00,THB,acne treatment,https://shop.tiktok.com/th/pdp/pancosmetic-anti-acne-2-solution-sutr-phiess-samhrab-payha-siw-phlitphanth-duael-phiw-chak-pancosmetic/1732015695376976245
1280,Preenhouse โทนเนอร์ Pore-Tightening Toner ขนาด 100 mL โทนเนอร์เพื่อการดูแลผิว,TH,Opor Preenhouse เวชสำอาง,19.0,4.5,2.0,383.00,THB,pore care toner,https://shop.tiktok.com/th/pdp/1733932994530542925
1281,[ยกกล่อง 6 ซอง] MIHADA Moisturizer Sensitive Cream มอยเจอร์ไรเซอร์ ผิวแพ้ง่าย 7g,TH,Pure Fortune,19.0,5,1.0,237.00,THB,sensitive skin moisturizer,https://shop.tiktok.com/th/pdp/1737198737060889945
1282,VIKKASKINCARE Aloevera with VitaminE Cream 30g อโลเวร่า ครีมบำรุงผิวหน้าmoisturizer สำหรับคนเป็นสิว ช่วยให้ผิวเรียบเนียน,TH,Vikka Skincare,19.0,5,2.0,418.00,THB,vegan skincare,https://shop.tiktok.com/th/pdp/vikkaskincare-aloe-vera-vitamin-e-moisturizing-cream-30g/1729551578356812078
1283,Serum Phức Hợp 35% Multi-Peptides Trẻ Hoá Căng Bóng Da Theramid Derma Peptides 30ml,VN,De Beauté Shop,19.0,0,0.0,1.424.211,VND,peptide serum,https://shop.tiktok.com/vn/pdp/1735804900432971067
1284,"Tinh Chất Dưỡng Trắng Da, Mờ Thâm Nám LaCabine Dark Spots Corrector 30ml",VN,VEORNA,19.0,0,0.0,1.036.772,VND,dark spot corrector,https://shop.tiktok.com/vn/pdp/serum-tri-dom-nau-lacabine-dark-spots-corrector-30ml/1731558725730535892
1285,Serum tinh chất chống lão hoá toàn diện Yves Rocher Anti-Age Global 50ml,VN,YVES ROCHER,19.0,5,2.0,1.942.002,VND,anti aging serum,https://shop.tiktok.com/vn/pdp/serum-chong-lao-hoa-toan-dien-ban-ngay-yves-rocher-50ml/1731014446775765379
1286,MOISTURISER REPAIR BARRIER SENSITIVE SKIN MOISTURISER  50ml,MY,Pesona   MY,19.0,4.7,3.0,25.97,MYR,sensitive skin moisturizer,https://shop.tiktok.com/my/pdp/1735712365259818435
1287,"r.e.m. beauty by Ariana Grande starlet fantasy set of 8 - liquid lustrous eyeshadow - highly pigmented, clean makeup, long-wearing, waterproof, shimmering tones",US,r.e.m. beauty,18.0,4.7,107.0,205.92,USD,clean beauty,https://shop.tiktok.com/us/pdp/starlet-fantasy-set-by-made-in-italy-8-iridescent-shadows/1730968784842035579
1288,MizuMi Advance Niacinamide 15 Concentrate Serum (1ขวด 30 ml) เซรั่มไนอะซินาไมด์ (สีชมพู),TH,First-Healthy,18.0,0,0.0,442.00,THB,niacinamide serum,https://shop.tiktok.com/th/pdp/es-ra-mn-am-man-nam-liangze-15-mi-os-oi-mi-oo-ri-ekn-ol-khnad-30ml/1729740663827106075
1289,3%Tranexamic serum. (i-cosmetic),TH,i-cosmetic,18.0,5,4.0,292.00,THB,tranexamic acid serum,https://shop.tiktok.com/th/pdp/es-ra-mth-ran-eoks-aimkh-3-chak-i-cosmetic-samhrab-siphiw-krachang-ais/1731291908286809656
1290,YOON SKIN BARRIER  RELEF CREAM 40 ml,TH,EiEi-BEAUTY,18.0,0,0.0,474.00,THB,barrier repair cream,https://shop.tiktok.com/th/pdp/yoon-skin-barrier-relief-cream-40ml-phiweniyn-num-bamrung-phiw/1734094502943360793
1291,Aestheory Ultra Calming Hydration Serum เอสเธียรี เซรั่มให้ความชุ่มชื้นสำหรับผิวบอบบางแพ้ง่าย,TH,aestheory,18.0,5,4.0,"1,006.00",THB,hydrating serum,https://shop.tiktok.com/th/pdp/aestheory-ultra-calming-hydration-serum-es-ram-bamrung-phiw-eriynru-sbay-ld-oakar-rakhayekhueong-ephueo-phiw-numnwl-aela-sdais/1731702990757922726
1292,PSYCHE Glass skin C cherry berry gluta,TH,Aye By Beauty Lab,18.0,0,0.0,411.00,THB,glass skin,https://shop.tiktok.com/th/pdp/psyche-es-llu-tin-kling-sk-in-cha-r-ri-eborri-samphas-krachk-fda-approved/1731382094648411481
1293,[THERAMID] Serum phức hợp 35% Peptides tăng sinh Theramid Derma-Peptides (30ml),VN,Cây Rơm,18.0,5,2.0,2.226.894,VND,peptide serum,https://shop.tiktok.com/vn/pdp/1736014385301456054
1294,Kem dưỡng phục hồi Obagi Rebalance Skin Barrier Recovery Cream,VN,Công Ty Cổ Phần Neon Beauty,18.0,0,0.0,2.767.537,VND,barrier repair cream,https://shop.tiktok.com/vn/pdp/kem-duong-phuc-hoi-da-nhay-cam-da-mun-vet-tham-obagi/1736308197740742475
1295,TẨY TBC KN BEAUTY DƯỠNG TRẮNG DA,VN,SHOP BEAUTY FOOD,18.0,5,1.0,167.001,VND,clean beauty,https://shop.tiktok.com/vn/pdp/serum-trang-da-kn-beauty-chong-melanin-collagen/1730187568006597197
1296,Vit C Serum,MY,Swa Beauty’s Shop,18.0,5,4.0,101.00,MYR,vitamin c serum,https://shop.tiktok.com/my/pdp/vit-c-serum-untuk-kulit-berjerawat-kombinasi-mengurangkan-minyak/1729447356963588899
1297,SERUM KULIT BRIGHTENING SERIES SUPER HYALURONIC ACID SERUM ST/ Hydrating Hyaluronic Acid All Skin Types Skincare Kulit Wajah Kering,MY,MISTEA SENDAYU TINGGI,18.0,5,4.0,52.00,MYR,hyaluronic acid serum/hydrating serum,https://shop.tiktok.com/my/pdp/serum-kulit-super-hyaluronic-acid-melembapkan-wajah-kering-glowing-semua-jenis-kulit/1729577570689910813
1298,YY SADOER Salicylic acid niacinamide tea tree whitening acne facial cleanser / Pencuci muka anti jerawat,MY,Yaya.os,18.0,5,4.0,4.13,MYR,salicylic acid cleanser,https://shop.tiktok.com/my/pdp/yy-sadoer-pembersih-muka-anti-jerawat-dengan-salicylic-acid-niacinamide/1732841300625491695
1299,Acne treatment gel Azelaic Acid 15% + Niacinamide| Moisturizes and helps soothe the skin Jerawat Wajah,MY,OraMart MY,18.0,4.7,3.0,10.29,MYR,acne treatment/azelaic acid,https://shop.tiktok.com/my/pdp/1735964208534291535
1300,SADOER Serum Wajah Anti-Aging & Pencerah Vitamin C Centella Anti-Kerut Menenangkan & Melembapkan 30ml,MY,Murahnyaaaaaaaaa,18.0,4.5,2.0,3.30,MYR,centella serum,https://shop.tiktok.com/my/pdp/sadoer-serum-wajah-anti-aging-pencerah-vitamin-c-30ml/1729508703475369211
1301,GOODAL Green Tangerine Vita C Dark Circle Eye Cream 30ml,MY,Unnie Beauty Store,18.0,5,4.0,65.00,MYR,eye cream dark circle,https://shop.tiktok.com/my/pdp/krim-mata-goodal-green-tangerine-vita-c-untuk-lingkaran-gelap/1729646242924890366
1302,100pcs Disposable Non-Woven Fabric Face Mask Paper  DIY Facial Masque Sheet,MY,ANNTAT,18.0,4.7,3.0,6.83,MYR,face mask sheet,https://shop.tiktok.com/my/pdp/100pcs-mask-kain-non-woven-selamat-tak-beracun-penjagaan-kulit/1729580460053333494
1303,100pc Face Mask Paper Disposable Cotton Non-Woven Fabric DIY Facial Mask Sheet,MY,pposhep,18.0,5,1.0,12.30,MYR,face mask sheet,https://shop.tiktok.com/my/pdp/100pc-kertas-topeng-muka-disposable-berkualiti-tinggi-selamat-untuk-kulit-diy-masker-wajah/1729460675325036373
1304,cucumbers face mask original inside 10 sheets one box,MY,wholesale beauty world,18.0,1,1.0,11.31,MYR,face mask sheet,https://shop.tiktok.com/my/pdp/wbw-muka-mask-original-10-lembaran-dalam-satu-kotak/1729563845685905430
1305,GLOW MASK GLASS SKIN HYDRO,MY,baregolok,18.0,0,0.0,13.00,MYR,glass skin,https://shop.tiktok.com/my/pdp/krim-kunyit-untuk-jerawat-jeragat-kulit-sihat-dan-bersih/1729485384684897935
1306,"Anua 10% Azelaic Acid Hyaluronic Acid Serum (30ml, 30g), Lightweight Gentle Hydrate Formula with Niacinamide & Allantoin - Redness Relief, Moisturizer for Sensitive Skin Repair",US,Unineed US,17.0,4,1.0,21.99,USD,azelaic acid,https://shop.tiktok.com/us/pdp/anua-azelaic-acid-10-hyaluron-serum-anti-redness-moisture/1731996893663302065
1307,Dark Circle Peptide Complex Eye Cream,US,Timeless Skin Care,17.0,5,81.0,30.94,USD,eye cream dark circle,https://shop.tiktok.com/us/pdp/dark-circle-peptide-complex-eye-cream-anti-aging-soothing/1732317084306543489
1308,"maxodo Hydrating Gentle Facial Mist Toner - Alcohol-Free, No Harsh Irritants, Centella Soothe, 8 Hyaluronic Acids, Ceramides, Moisturizing HA Boost, Lightweight 200ml Daily Spray for Sensitive Skin, Smooth, Fresh Youthful Glow, Single Item",US,maxodo,17.0,5,8.0,11.89,USD,sensitive skin moisturizer,https://shop.tiktok.com/us/pdp/maxodo-centella-asiatica-toner-hyaluronic-acid-niacinamide/1731969295577748031
1309,Soothing Prep Lip Mask — Cooling peel-off lip mask for smoother lip prep and a hydrated feel,US,MARTIN579,17.0,1,1.0,10.99,USD,lip mask,https://shop.tiktok.com/us/pdp/soothing-prep-lip-mask-cooling-peel-off-hydrated-feel/1729499110098114208
1310,"Dr.Althea 345 Cream - Korean Vegan Facial Moisturizer, Ceramide-Infused Face Care Products, Dry Skin Blemish Relief, Soothing Recovery, Hydration, 24-Months Shelf Life, Suitable for All Skin Types",US,MS Makeup House,17.0,0,0.0,19.29,USD,vegan skincare,https://shop.tiktok.com/us/pdp/dr-althea-345-cream-vegan-moisturizer-ceramide-infused/1732624108180836598
1311,kristine ko-kool Refreshing cream 50g,TH,คังเซน-เคนโกประเทศไทย,17.0,5,2.0,830.00,THB,collagen cream,https://shop.tiktok.com/th/pdp/khrim-prab-sphaph-phiwhna-kristine-ko-kool-50g-aich-tha-thukwan/1731387023420591034
1312,PURE CARE VEGAN FACIAL SUNSCREEN SPF50 PA++++  (BCCNSV),TH,BSC Cosmetology,17.0,4,2.0,162.00,THB,vegan skincare,https://shop.tiktok.com/th/pdp/pure-care-khrimkanaedd-hna-vegan-spf50-pa-samhrab-phiw-bobbang/1731956370651252004
1313,"[DEAL SỐC-CHÍNH HÃNG] PHARMAFORM RETIN 5:9 DUO MATRIX CREAM - Tinh chất retinol thế hệ mới chống lão hoá, tái tạo da",VN,Beauty Pharma - Dược Mỹ Phẩm,17.0,5,2.0,551.479,VND,retinol cream,https://shop.tiktok.com/vn/pdp/kem-duong-da-retinol-duo-matrix-chong-lao-hoa-tai-tao-da/1731780766945150643
1314,[AESTURA x KOL] Xịt dưỡng ẩm Ceramide AESTURA ATOBARRIER365 Cream Mist 120ml,VN,AESTURA Việt Nam,17.0,0,0.0,486.084,VND,ceramide cream,https://shop.tiktok.com/vn/pdp/xit-duong-am-ceramide-aestura-atobarrier365-cream-mist-120ml/1732000117145044604
1315,Serum Giữ Ẩm Phục Hồi Hàng Rào Bảo Vệ Da Theramid Ceramide Treatment 30ml,VN,De Beauté Shop,17.0,5,1.0,1.529.296,VND,ceramide cream,https://shop.tiktok.com/vn/pdp/1735805767520716091
1316,"Kem dưỡng, Serum Compliment Azelaic Acid 27ml – Giảm Thâm Mụn, Dưỡng Sáng Da, Phù Hợp Da Nhạy Cảm",VN,Nội địa Chuẩn & Ngoại Nhập,17.0,5,1.0,184.581,VND,azelaic acid,https://shop.tiktok.com/vn/pdp/kem-duong-serum-compliment-azelaic-acid-27ml-giam-tham-mun/1733546693696980027
1317,Combo Kem Sữa Gạo Collagen X5 Serum Tinh Chất Collagen,VN,Vàng Kem Sâm,17.0,5,1.0,647.552,VND,collagen cream,https://shop.tiktok.com/vn/pdp/combo-kem-face-lanh-bach-moi-sua-rua-mat-duong-da-lam-sang-da/1732173489334748493
1318,Serum Hỗ Trợ Làm Sáng Mờ Thâm Sạm & Căng Bóng Da - SUPER BRIGHTENING ESSENCE 30ml,VN,Define skin,17.0,5,2.0,142.838,VND,brightening serum,https://shop.tiktok.com/vn/pdp/brightening-essence-30ml-many-colors-duong-da-sang-min/1731427951684912744
1319,"[Hàng Tết]Ủ Môi Collagen Lip Mask 10g - Hailab - Hỗ trợ Dưỡng Chất Cho Môi nứt nẻ, Môi sẫm màu, Làm Đẹp Da",VN,HẢI TÂM GMP,17.0,0,0.0,179.218,VND,lip mask,https://shop.tiktok.com/vn/pdp/1734387697747657982
1320,Kính Gm nâu chống UV ( kèm bao da + khăn lau ),VN,Yến Nguyễnn,17.0,3,1.0,88.557,VND,glass skin,https://shop.tiktok.com/vn/pdp/kinh-gm-nau-chong-uv-ben-mau-co-bao-da-khan-lau/1729634618706659643
1321,DR.RASHEL Retinol Anti-aging Ice Water Sleeping Mask Reduce Wrinkles and Improves Skin's Testure Facial Mask Cream Combo 2pcs,MY,BeautyOEM,17.0,5,4.0,12.39,MYR,retinol cream,https://shop.tiktok.com/my/pdp/dr-rashel-retinol-anti-aging-ice-water-sleeping-mask/1731199042059076837
1322,BARRIER REPAIR Facial Mask Smooth (5 pcs),MY,mandom.os,17.0,5,2.0,26.05,MYR,barrier repair cream,https://shop.tiktok.com/my/pdp/bahan-pembaikan-muka-smooth-untuk-kulit-sihat-cerah/1729588298635577442
1323,Brightening Nourishing Coconut Oil Body Lotion Hydrating Nourishing Skin Beautifying Body Lotion 300ml,MY,The Beauty Itself,17.0,5,5.0,14.37,MYR,body lotion,https://shop.tiktok.com/my/pdp/kormesic-minyak-kelapa-pelembap-badan-melembutkan-menjaga-kulit/1733522713915262029
1324,Salicylic Acid &PHA persistent body acne exfoliater  and cleanser wash-salicylic Acid Treatment-Fragrance free 8.5 Fl Oz (250 ML),US,EvestmarieLLC,16.0,5,2.0,4.98,USD,salicylic acid cleanser,https://shop.tiktok.com/us/pdp/salicylic-acid-pha-acne-exfoliator-cleanser-wash-fragrance-free-8-5-fl-oz/1729540557098423082
1325,(กล่องx6ซอง) MERCI SKIN CARE Vitamin C Serum เมอร์ซี่ สกินแคร์ วิตามินซี,TH,Prinkbeauty,16.0,5,1.0,316.00,THB,vitamin c serum,https://shop.tiktok.com/th/pdp/1735703686907069878
1326,BRYG TXA 3% Tranexamic Acid เซรั่มบำรุงผิวหน้าสำหรับผู้มีปัญหาจุดด่างดำ สีผิวไม่สม่ำเสมอ และผิวบอบบางง่าย,TH,beautysecret9,16.0,0,0.0,69.00,THB,tranexamic acid serum,https://shop.tiktok.com/th/pdp/1731806642413339734
1327,BeautyandKo K-SECRET SEOUL 1988 Cream Snail Mucin 93% + Rice,TH,BeautyandKo,16.0,5,1.0,691.00,THB,snail mucin essence,https://shop.tiktok.com/th/pdp/k-secret-khrim-bamrung-sen-lm-iw-si-n-93-air-s-chwy-ld-siw-bamrung-phiw/1731551607695443514
1328,SMOOTH WHITE Brightening serum 30 g. เซรั่มชมพู ฝ้า ผิวใส,TH,RYNYAOFFICIAL,16.0,3,1.0,190.00,THB,brightening serum,https://shop.tiktok.com/th/pdp/es-ram-chmphu-smooth-white-ld-chuddang-dam-phiw-ais-niacinamide-30-g/1730654140845296119
1329,[ซื้อ 1 แถม 1][2 ขวด]Brightening Sunscreen Serum SPF50+ PA++++ | UV Protection & Glow Care 50ml,TH,Εucerino Τhailand.tk,16.0,5,5.0,154.00,THB,brightening serum,https://shop.tiktok.com/th/pdp/1736919425434813793
1330,CUTE PRESS 1-2-BEAUTIFUL AIRY MATTE FOUNDATION รองพื้นเนื้อแมทท์ ผิวเป๊ะตลอดวัน,TH,Bam.Bam Shop,16.0,5,1.0,211.00,THB,makeup foundation,https://shop.tiktok.com/th/pdp/1735375606526347232
1331,HM Korean Made Moisturizer Cream มอยส์เจอร์ไร เซอร์ ความชุ่มชื้น Skincare คอลลาเจน สกินแคร์ กันแดด,TH,K P H Beauty,16.0,0,0.0,414.49,THB,korean skincare,https://shop.tiktok.com/th/pdp/hm-khrim-namhom-ekahli-samhrab-phiw-aehng-bamrung-aela-pkpong-phiw-thi-bobbang/1731889515919084354
1332,Kem dưỡng Azelderm giảm mụn mờ thâm Azelaic acid 30g,VN,Hilary Beauty,16.0,0,0.0,209.895,VND,azelaic acid,https://shop.tiktok.com/vn/pdp/1733357199453554022
1333,"[ HÀNG CÔNG TY] Viderm Dark Spot Lifting Serum  5% axit tranexamic  đều màu da, giảm săc tố 50ML",VN,Suki auth,16.0,5,3.0,3.840.596,VND,tranexamic acid serum,https://shop.tiktok.com/vn/pdp/serum-tri-nam-viderm-5-lam-sang-da-giam-vet-tham-50ml/1730663082509240455
1334,Kem dưỡng phục hồi hàng rào bảo vệ da Transparent Lab Ceramide Repair Moisturizer 30ml,VN,De Beauté Shop,16.0,0,0.0,955.406,VND,barrier repair cream,https://shop.tiktok.com/vn/pdp/1736018338433238331
1335,Serum Sáng Da Đa Tầng Và Toàn Diện Thế Hệ Mới Brightenyl Serum MD CARE Brightenyl 30ml Berry Cosmetics,VN,Berry Cosmetics1,16.0,5,1.0,385.663,VND,brightening serum,https://shop.tiktok.com/vn/pdp/serum-sang-da-da-tang-brightenyl-30ml-lam-sang-duong-da/1732954056354989544
1336,Casmara Eye Contour Anti-Puffiness & Dark Circles kem mắt giảm bọng quầng thâm 15ml [Hàng Công Ty][X16_Casmara],VN,Lachimi Beauty - DMP cao cấp,16.0,0,0.0,1.287.786,VND,eye cream dark circle,https://shop.tiktok.com/vn/pdp/kem-duong-mat-casmara-tan-bong-quang-tham-15ml/1731801006722223069
1337,Kem chống nắng SPF 50,VN,ĐA ĐA SHOP,16.0,5,2.0,143.654,VND,sunscreen spf50,https://shop.tiktok.com/vn/pdp/kem-chong-nang-spf-50-bao-ve-da-chong-lao-hoa-kiem-dau-khong-bit-lo-chan-long/1729891658362882191
1338,Bọt rửa mặt ngừa mụn Cleansing Foam Freeskin có đầu massage tiện lợi làm sạch bã nhờn - Chai 120ml,VN,Hiền Nguyễn PMC,16.0,5,1.0,192.038,VND,facial cleansing brush,https://shop.tiktok.com/vn/pdp/bot-rua-mat-ngua-mun-freeskin-120ml-lam-sach-duong-am/1730275336719599775
1339,COSRX The Ceramide Skin Barrier Moisturizer 80ml,MY,COSRX Malaysia - GLAMPICK,16.0,5,1.0,90.60,MYR,ceramide cream,https://shop.tiktok.com/my/pdp/cosrx-the-ceramide-skin-barrier-moisturizer-80ml-melembabkan/1733220775302694490
1340,Meeracle TXA BRIGHT BOOSTER Serum Muka Harian Melembapkan Kulit Cerah Berseri Tona Sekata Tekstur Ringan Mudah Meresap - Wajah,MY,Meeracle Skincare,16.0,5,3.0,58.00,MYR,tranexamic acid serum,https://shop.tiktok.com/my/pdp/meeracle-txa-booster-mencerahkan-kulit-merawat-hiperpigmentasi/1729729090638349539
1341,Collagen Face Skincare Whitening Cream 50g Whitening Moisturizing Anti Aging Remove Melasma Brightening Hydrating Skin,MY,BeautyBeautyvery,16.0,4.5,4.0,6.33,MYR,collagen cream,https://shop.tiktok.com/my/pdp/1735917068483724502
1342,"Niacinamide & Ceramide Brightening Serum, Gentle Skin-Friendly Facial Essence for Glowing Skin, Suitable for All Skin Types, Especially Dull or Tired Skin, 60 ml Ceramide Hydrating Serum, Brightening and Hydrating",US,Skin Pure Elite,15.0,5,3.0,6.08,USD,ceramide cream,https://shop.tiktok.com/us/pdp/cubesecret-niacinamide-ceramide-serum-60ml-gentle-non-flammable/1732287699699208680
1343,"Evemint Anti-Hair Loss & Growth Haircare Shampoo, Natural Herbal Formula with Curcumin+E, Helps Reduce Hair Loss, Strengthens Strands, Nourishes Roots, Unisex, 13.53 fl oz, Promotes Fuller Look",US,Evemint,15.0,0,0.0,8.99,USD,hair loss shampoo,https://shop.tiktok.com/us/pdp/anti-hair-loss-shampoo-natural-herbal-unisex-13-53-oz/1732314936637887314
1344,[สินค้าใหม่] SNAILWHITE THE ULTIMATE INTENSE SNAIL MUCIN CREAM 50ml. ครีมบำรุงผิวหน้า 10SW00716,TH,snailwhitethailand,15.0,5,1.0,552.00,THB,snail mucin essence,https://shop.tiktok.com/th/pdp/snailwhite-echl-khrim-nametahu-hmu-50g-a-peptide-based-sutr-phiess/1732144249882380388
1345,แอคเน่แคร์+ครีมผัก บ้านครูเมย์,TH,ขนมจีน ช่องใหม่,15.0,5,2.0,"1,258.00",THB,acne treatment,https://shop.tiktok.com/th/pdp/1734352234960684729
1346,WHIPPED Vegan Pack Cleanser Discovery Set คลีนเซอร์ทําความสะอาดใบหน้าเนื้อวิปครีม สูตรวีแกน เซ็ทกระปุกเล็ก 25g 4 สูตร,TH,popsiikle.th,15.0,0,0.0,633.16,THB,vegan skincare,https://shop.tiktok.com/th/pdp/1733304385921976128
1347,THE FACE SHOP THE THERAPY VEGAN BLENDING TONER,TH,THEFACESHOP THAILAND,15.0,5,3.0,955.00,THB,vegan skincare,https://shop.tiktok.com/th/pdp/toner-the-face-shop-the-therapy-vegan-blending-bamrung-phiw-ld-elueon-chuddang-dam/1730492941071452899
1348,Serum vitamin C YuJa 100ml,VN,Mỹ Phẩm Hàn Quốc 1001,15.0,5,1.0,308.068,VND,vitamin c serum,https://shop.tiktok.com/vn/pdp/serum-vitamin-c-yuja-100ml-duong-trang-da-mo-tham-nam/1729792835172666009
1349,"Serum Aricamun Face Serum 30ml - Hyaluronic Acid 1.5% cấp ẩm, mờ thâm nám, phục hồi da, chống lão hóa [arica]",VN,Gia Hoa Pharmacy,15.0,5,3.0,294.830,VND,hyaluronic acid serum,https://shop.tiktok.com/vn/pdp/serum-duong-da-aricamun-30ml-hyaluronic-acid-1-5-mo-tham-nam-chong-lao-hoa/1729449413009836455
1350,"[CHÍNH HÃNG] Rapider Barrier Cream - Kem Bôi Dưỡng Ẩm 30ml, Giảm Hăm Tã & Nứt Nẻ Cho Trẻ Em & Người Lớn, Thành Phần Thiên Nhiên, Xuất Xứ Thổ Nhĩ Kỳ",VN,Dược Sĩ Mẹ Bé Wellcare,15.0,5,2.0,306.057,VND,barrier repair cream,https://shop.tiktok.com/vn/pdp/1732924054668871210
1351,[QUÀ TẶNG KHÔNG BÁN] Lược Gội Đầu Hotosu Massage Cao Cấp Premium Scalp Massaging Shampoo Brush | HASAKI BEAUTY,VN,Hasaki Vietnam Official,15.0,0,0.0,102.016,VND,hair loss shampoo,https://shop.tiktok.com/vn/pdp/luoc-goi-dau-hotosu-massage-da-dau-kiem-soat-gau-cham-soc-toc/1730940163194260215
1352,DR.RASHEL Krim Malam Vitamin A Retinol 50G DR.RASHEL Vitamin A Retinol Anti-aging Night Cream 50G,MY,GOJES COSMETIC,15.0,4.8,4.0,14.90,MYR,retinol cream,https://shop.tiktok.com/my/pdp/dr-rashel-krim-malam-anti-penuaan-50g-angkat-tegak-kulit/1731518109088778051
1353,Serum Centella Asiatica 98% | Cica Soothing Serum | Sesuai Kulit Sensitif & Kemerahan,MY,Cc team beauty Shop,15.0,5,1.0,17.70,MYR,centella serum,https://shop.tiktok.com/my/pdp/serum-centella-asiatica-98-melegakan-kulit-sensitif-merah/1729461026920826806
1354,Brightening Serum 20ML | SASABELLBEAUTY,MY,Melrose Beauty,15.0,5,1.0,41.00,MYR,brightening serum,https://shop.tiktok.com/my/pdp/serum-pencerah-kulit-dengan-tranexamic-niacinamide-20ml/1731804921152177810
1355,"Serum - 10% Niacinamide to Target Acne, Nourishment, and Skin Tone - Ultra Hydrating Serum and Brightening Skin Care for Face",US,CozyCorner BY Aniq,14.0,1,1.0,10.99,USD,niacinamide serum,https://shop.tiktok.com/us/pdp/serum-10-niacinamide-untuk-anti-acne-pencerahan-kulit/1731506047540498636
1356,"PORE PERFECTING COLLAGEN PEPTIDE SERUM, Collagen Serum Treatment, Collagen Glow Shot Minimizes Pores, Firms Skin, Lightweight Fast-Absorbing Serum, Improves Texture Dullness, For Radiant Glow, Ideal for Large Pores All Skin Types Daily Care",US,Hanri Cosmetics,14.0,5,1.0,3.42,USD,peptide serum,https://shop.tiktok.com/us/pdp/pore-perfecting-collagen-peptide-serum-quick-absorb-alcohol-free/1732217285611131081
1357,"[NINELESS] MELA-PRO Tranexamic Acid Serum 30ml - Reduce redness, Minimizes pore appearance, Brightens skin",US,StyleKorean US,14.0,5,2.0,28.73,USD,tranexamic acid serum,https://shop.tiktok.com/us/pdp/nineless-mela-pro-tranexamic-acid-serum-30ml-reduces-redness-brightens-skin/1729478862677841516
1358,"SKIN1004 Madagascar Centella, Hyalu-Cica Blue Serum, 1.69 fl oz (50 ml)",US,iHerb,14.0,4.9,34.0,24.58,USD,centella serum,https://shop.tiktok.com/us/pdp/hyalu-cica-blue-serum-by-skin1004-1-69-fl-oz-centella-essence/1730521462720467342
1359,"Maison Cosmetics Deep Collagen Volufiline Korean Skin Care Collagen Serum with Hydrolyzed Collagen, Sodium Hyaluronate & Vitamin E - Plumping, Firming & Instant Hydration for Mature Skin, Glow, 30 ml",US,Pinklume,14.0,5,2.0,9.99,USD,anti aging serum,https://shop.tiktok.com/us/pdp/maison-cosmetics-deep-collagen-serum-30ml-anti-aging/1732588488142525269
1360,Victoria's Secret Vanilla Bean Macadamia Hydrating Body Lotion,US,Victoria's Secret,14.0,4.8,55.0,29.84,USD,body lotion,https://shop.tiktok.com/us/pdp/victorias-secret-vanilla-bean-macadamia-body-lotion-24hr-moisture/1732433047431057889
1361,"Pink & Green Striped Skin-Friendly Glass-Texture Smartphone Case - Cellphone Protector Accessory Compatible with iPhone 17,16,15,14,13,12,11 & Samsung Models, Ideal Gift for Friends, Mobile Phone Accessories",US,MIKE Action,14.0,5,2.0,9.69,USD,glass skin,https://shop.tiktok.com/us/pdp/pink-green-striped-glass-phone-case-skin-friendly-feel/1732162189787304554
1362,(กล่องx6) MERCI  MERCI SKIN CARE Vitamin C Serum เมอร์ซี่ สกินแคร์ วิตามินซี 4 กรัม / 5 กรัม,TH,APRIL-BEAUTY,14.0,4.5,2.0,331.00,THB,vitamin c serum,https://shop.tiktok.com/th/pdp/es-ram-bamrung-phiwhna-merici-vitamin-c-extra-bright-serum-4g-5g/1732044333721880839
1363,【ซื้อ 1 แถม 1】 Torriden Dive In Low Molecular Hyaluronic Acid Serum - เซรั่มกรดไฮยาลูโรนิก ผิวชุ่มชื้น อิ่มน้ำZKIXX,TH,Torriden.officialthailand,14.0,1,1.0,320.00,THB,hyaluronic acid serum,https://shop.tiktok.com/th/pdp/es-ram-aih-ya-lu-or-ni-k-torriden-ld-riwroy-ephim-khwamchumchuen/1732013247391696045
1364,ครีมกันแดด SUNSCPEEN CREAM SPF50+,TH,Bbbbeauty,14.0,5,5.0,254.19,THB,sunscreen spf50,https://shop.tiktok.com/th/pdp/1736860041853240581
1365,Simple refreshing facial wash 150 ml,TH,EiEi-BEAUTY,14.0,5,2.0,285.00,THB,facial cleansing brush,https://shop.tiktok.com/th/pdp/simple-refreshing-facial-wash-150ml-ofm-langhna-sdchuen/1736530501053089561
1366,WHIPPED Vegan Topping Body Butter บอดี้บัตเตอร์ เชียบัตเตอร์ เซราไมด์ ผิวแห้งคัน ซึมซาบเร็ว,TH,popsiikle.th,14.0,0,0.0,663.86,THB,vegan skincare,https://shop.tiktok.com/th/pdp/whipped-muwhabutter-topping-body-butter-190g-moisturizing/1733304547591096128
1367,"Tinh chất oh!oh! Daily Nia23 Advanced Correcting Serum 23% Niacinamide hỗ trợ sáng da, giảm thâm nám",VN,CHACHUMI PHARMA,14.0,0,0.0,975.566,VND,niacinamide serum,https://shop.tiktok.com/vn/pdp/tinh-chat-ohoh-23-niacinamide-lam-sang-da-giam-tham-nam/1732565156153492845
1368,Sữa Rửa Mặt Làm Sạch Sâu Jumiso Pore Purifying Salicylic Acid Foaming Cleanser 120g,VN,Guardian Store,14.0,0,0.0,390.315,VND,salicylic acid cleanser,https://shop.tiktok.com/vn/pdp/sua-rua-mat-jumiso-salicylic-acid-120g-lam-sach-sau-an-toan/1731390228388284456
1369,"Serum MOMOE Advanced Anti-Aging Serum cấp ẩm, hỗ trợ dưỡng trắng ngăn ngừa lão hóa",VN,BN Cosmetics Store,14.0,0,0.0,400.926,VND,anti aging serum,https://shop.tiktok.com/vn/pdp/serum-momoe-cap-am-ngan-ngua-lao-hoa-lam-sang-da-20ml/1729980796421966383
1370,Kem cải thiện nếp nhăn vùng mắt CASMARA Eye Contour Anti-Wrinkle và Anti-Puffiness & Dark Circles bọng mắt&quầng thâm(15ml),VN,PHUONG AN HOUSE,14.0,0,0.0,1.365.053,VND,eye cream dark circle,https://shop.tiktok.com/vn/pdp/kem-chong-nhan-mi-mat-casmara-duong-am-giam-puffing/1733739353113003310
1371,Mặt nạ treatment Prettyskin  hộp 10 miếng Mask Sheet,VN,Mydien Beauty,14.0,5,2.0,344.282,VND,face mask sheet,https://shop.tiktok.com/vn/pdp/mat-na-treatment-prettyskin-hop-10-mieng-lam-mem-da-cap-am/1731588107847240373
1372,Kem chống nắng SPF 50 Tất cả các loại da,VN,Lê Dũng Anh store,14.0,0,0.0,271.258,VND,sunscreen spf50,https://shop.tiktok.com/vn/pdp/kem-chong-nang-spf-50-cho-moi-loai-da-duong-tri-bao-ve/1729956095576804113
1373,Sữa dưỡng thể sáng da APLB Glutathione Niacinamide Body Lotion 300ml,VN,Tiệm Tạp Hoá Bánh Bèo,14.0,5,1.0,262.836,VND,body lotion,https://shop.tiktok.com/vn/pdp/1730943213948406033
1374,Kem dưỡng da Ngọc Trai Korean (5g ),VN,TieuTran Store,14.0,0,0.0,28.246,VND,korean skincare,https://shop.tiktok.com/vn/pdp/kem-duong-da-trai-han-quoc-5g-lam-trang-giam-tham/1731051659233888258
1375,Realderm Moisturizer Cream with Ceramides  150G,MY,Advanced Aesthetic,14.0,0,0.0,172.00,MYR,ceramide cream,https://shop.tiktok.com/my/pdp/krim-pelembap-realderm-dengan-ceramides-untuk-kulit-kering-sensitif/1730974161989568214
1376,SKIN1004 Centella asiatica repair essence soothing hydration and stability maintenance ampoule serum 100ml moisturizing serum repairs the barrier Hydrating Kulit Hyaluronic,MY,GLOW by DermaLab,14.0,3,3.0,22.00,MYR,hydrating serum,https://shop.tiktok.com/my/pdp/serum-ampu-menyegarkan-melembutkan-kulit-100ml-kekal-basah/1732383161694127770
1377,SILICONE FACIAL CLEANING BRUSH,MY,AZ COSMETIC HQ,14.0,4.8,4.0,4.00,MYR,facial cleansing brush,https://shop.tiktok.com/my/pdp/berus-pembersih-muka-silikon-merah-jambu-lembut-tahan-lama/1729590303216732914
1378,foundation salju,MY,nahabbeautyshop,14.0,5,1.0,28.50,MYR,makeup foundation,https://shop.tiktok.com/my/pdp/foundation-salju-berkualiti-tinggi-memberikan-penampilan-flawless/1729691344381840160
1379,New skin sunscreen from korea,MY,Malaysia online store,14.0,0,0.0,66.00,MYR,korean skincare,https://shop.tiktok.com/my/pdp/sunscreen-kulit-baru-dari-korea-perlindungan-uv-kuat-ringan-dan-tidak-berminyak-bahan-semulajadi/1729530017117996302
1380,"TJE Vitamin C Hyaluronic Acid Serum｜Long-lasting moisturizing, firming and lifting｜contains vitamin C, hyaluronic acid and arbutin｜rejuvenate the skin and reduce wrinkles｜With disposable aseptic packaging｜Made of natural ingredients and non-irritating",US,TJE Stores,13.0,0,0.0,11.90,USD,hyaluronic acid serum,https://shop.tiktok.com/us/pdp/vitamin-c-hyaluronic-acid-serum-by-tje-moisturizing-firming/1731170307126694160
1381,"Aussie Betta Golden Micro-Peptide Tallow Serum & Time-Repair Tallow Cream Duo with Niacinamide, Bifida, Peptides & Shea Butter，for Deep Wrinkles & Dry Skin Intense Overnight  Moisturizer with Peptides & Shea Butter Soothes Sensitive & Mature Skin Nourishi",US,Artemis'Beauty Shop,13.0,0,0.0,79.99,USD,peptide serum,https://shop.tiktok.com/us/pdp/golden-micro-peptide-tallow-serum-mit-niacinamid-bifida/1731847662731694723
1382,Peptide Serum,US,Au79care,13.0,0,0.0,59.99,USD,peptide serum,https://shop.tiktok.com/us/pdp/peptide-serum-for-skin-hydration-radiance-boosting/1731555497389364068
1383,"【2 pcs】Azelaic Acid Facial Serum (Azelaic Acid Serums & Essences) - Balance Uneven Tone, Minimize Pores, Soothe Redness, Enhance Tone, Firm Skin, Deep Hydration, Premium Skincare (New & Old Packaging Options), Enhanced Skin Tone",US,Forshine Ting,13.0,0,0.0,9.99,USD,azelaic acid,https://shop.tiktok.com/us/pdp/15-azelaic-acid-facial-cream-20-g-redness-relief-blemish-treatment-hydrates-skin/1732624000144675252
1384,"3-Piece Set 12% Azelaic Acids, Skincare Essentials for Radiant Skin, Gentle Exfoliation & Brightening Treatment, Ideal for Daily Use",US,Lynlymeirong,13.0,0,0.0,3.65,USD,azelaic acid,https://shop.tiktok.com/us/pdp/1732585315346715432
1385,50pcs disposable face masks individually packed black pink white 3-ply with melt-blown fabric breathable Face Covering Mask Protective Masks,US,ROAD BULL,13.0,0,0.0,10.29,USD,face mask sheet,https://shop.tiktok.com/us/pdp/disposable-face-masks-individually-packed-black-pink-white/1732177977355113112
1386,"Moisturizing Sunscreen - 50mL Essence-Based Formula, SPF50 PA+++ Broad-Spectrum UV Protection, Delivers Light Hydration to Skin, Non-Greasy & Fast-Absorbing, Ideal for Daily Sun Care.",US,Rother-shop,13.0,4.3,3.0,2.99,USD,sunscreen spf50,https://shop.tiktok.com/us/pdp/moisturizing-sunscreen-50ml-spf50-pa-non-greasy-fast-absorbing/1732324102722720454
1387,"Moisturizing Sunscreen - Mild & Skin-Friendly, SPF50 PA+++ Reliable Protection, Hydrates & Protects Whole Family’s Skin, Practical for Daily Sun Care.",US,Rother-shop,13.0,5,3.0,2.99,USD,sunscreen spf50,https://shop.tiktok.com/us/pdp/moisturizing-sunscreen-spf50-pa-mild-skin-friendly/1732324093690745542
1388,"Jergens Shea Fusion Cherry Swirl Body Lotion for Dry Skin, Moisturizing Body Lotion with Shea Butter and Vitamin E, 14 fl oz",US,Jergens US,13.0,0,0.0,9.99,USD,body lotion,https://shop.tiktok.com/us/pdp/1732667180273668465
1389,INTENSIVE ANTI ACNE SERUM,TH,NATSUDASHOP.,13.0,0,0.0,185.00,THB,acne treatment,https://shop.tiktok.com/th/pdp/es-ra-ml-d-siw-ekhmkhn-samhrab-thuk-sphaph-phiw-aichaid-thukwan-praschak-sar-rakhayekhueong/1730656027428161989
1390,Sana Namerakahonpo Dark Circle Care Eye Cream 20g,TH,Konvy,13.0,0,0.0,470.00,THB,eye cream dark circle,https://shop.tiktok.com/th/pdp/khrim-bamrung-rob-dwngta-sana-namerakahonpo-ld-roy-khlam-ait-ta-20g/1730608990082075127
1391,HESE ULTRA ACTIVE TOTAL PROTECTION SUNSCREEN SPF50 PA+++ 50g. SPF 50 ผิวทุกประเภท SPF 50,TH,HESE,13.0,5,2.0,583.00,THB,sunscreen spf50,https://shop.tiktok.com/th/pdp/khrimkanaedd-hese-ultra-active-spf50-pa-samhrab-phuchay-stri/1729456858935036727
1392,After Perm Gosen อาฟเตอร์เพิร์ม โกเซ็น 30ml บำรุงผมหลังจากการทำเคมี (1ขวด) #โกเซ็น #AfterPerm #Gosen,TH,ลัดดาพรบิวตี้,13.0,5,1.0,160.00,THB,post procedure skincare,https://shop.tiktok.com/th/pdp/oafetor-eph-irm-ok-esn-30ml-bamrung-phm-hlang-kar-tham-ekhmi-ld-oakar-phuenkhan/1729545451195697414
1393,Kem Retinol hộ trợ da nám và mụn,VN,HườngHoàng2802,13.0,0,0.0,108.564,VND,retinol cream,https://shop.tiktok.com/vn/pdp/kem-retinol-ho-tro-da-nam-va-mun-cham-soc-lan-da-khoe-manh/1736477591525688962
1394,"Kem dưỡng trắng da, bổ sung Collagen - Queenie Nutri-Collagen Whitening Moisturizing Cream, 50ml",VN,Dược Mỹ Phẩm Queenie Hàn Quốc,13.0,5,2.0,456.506,VND,collagen cream,https://shop.tiktok.com/vn/pdp/1729608338646927658
1395,KEM MỤN - NÁM - TRẮNG DA - TÁI TẠO 7G ( PHƯỚC THANH),VN,NT LONG CHÂU SÀI GÒN 2,13.0,0,0.0,59.864,VND,acne treatment,https://shop.tiktok.com/vn/pdp/kem-tri-mun-nam-duong-trang-da-tai-tao-lan-da-khoe-manh/1731330181454858961
1396,"(Da Mụn) Serum HD giúp phục hồi da, giúp  Dưỡng Ẩm Da,  Cấp Ẩm và hỗ trợ tăng sinh collagen, 15ml",VN,Lang Mẹ Bỉm,13.0,5,1.0,130.430,VND,hydrating serum,https://shop.tiktok.com/vn/pdp/serum-hd-cho-da-mun-phuc-hoi-tang-sinh-collagen-15ml/1730030341439261682
1397,[ BeautyVault ] READY STOCK | NATURIUM - Azelaic Topical Acid 10%,MY,BeautyVault MY,13.0,0,0.0,211.00,MYR,azelaic acid,https://shop.tiktok.com/my/pdp/serum-azelaic-10-untuk-kulit-sensitif-berjerawat/1729432931809724547
1398,"STRNTUM re: hydrate serum 30mL for All Skin Types, Niacinamide, Centella Asiatica, Soothing, Hydrating, Non Sticky, Oil-Free Skincare Serums, Vitamin B3, Vitamin B5, Panthenol, Kulit Kering, Berminyak, Jerawat, Breakout, Gel, Hydration, Sensitive",MY,strntum,13.0,5,2.0,75.00,MYR,hydrating serum,https://shop.tiktok.com/my/pdp/serum-strntum-re-hydrate-30ml-niacinamide-gel-non-lemak-melembapkan-kulit-sensitif/1729614394229230506
1399,Eye Cream Krim Mata Dark Circles eye bag remover Anti Aging Moisturizing anti wrinkle cream undereye gelap bawah mata,MY,MeetU,13.0,5,5.0,26.29,MYR,eye cream dark circle,https://shop.tiktok.com/my/pdp/krim-mata-menghilangkan-lingkaran-gelap-anti-penuaan/1735900728648762691
1400,"Fast Hair Growth Shampoo hair loss shampoo Lihat Keputusan dalam 14 Hari! Syampu Herba Strong Roots 400ml - Mengurangkan Rambut Gugur sebanyak 90%, Menggalakkan Pertumbuhan Rambut Baharu, Menyuburkan Secara mendalam dengan Ekstrak Halia & He Shou Wu",MY,LEE HON LOONG,13.0,0,0.0,15.16,MYR,hair loss shampoo,https://shop.tiktok.com/my/pdp/shampu-pertumbuhan-rambut-cepat-400ml-untuk-keguguran-minyak/1732324585264547374
1401,"VGO Acne Serum & Skincare SetAcne control, pore shrink, and skin repair with salicylic acid. Includes cleanser, serum, and cream for acne relief",US,Clickzy,12.0,5,2.0,40.00,USD,salicylic acid cleanser,https://shop.tiktok.com/us/pdp/acne-serum-set-by-vgo-with-salicylic-acid-cleanser-cream-for-relief/1729695020123263811
1402,"Minimalist Ceramide Lip Balm - 8gm Single Item, Shea & Avocado Natural Oils Infused with Hyaluronic Acid, Emollient Moisture, Oil-Free, Fragrance-Free, Dry Chapped Lip Repair, Sun Protection Treatment",US,Minimalist USA,12.0,4,2.0,10.39,USD,ceramide cream,https://shop.tiktok.com/us/pdp/ceramide-lip-balm-with-uv-filters-hydrates-repairs-lips/1729482195825628284
1403,"1 Count double-headed facial cleansing brush, Portable Size for Travel Daily Facial Care",US,shengyatk,12.0,1.7,3.0,8.59,USD,facial cleansing brush,https://shop.tiktok.com/us/pdp/double-headed-silicone-face-cleansing-brush-exfoliate-massage/1729479361684412241
1404,"VGO Korean Skincare 5-Step Routine 5-Piece Set, Snail Mucin Serum & Skin Care Products for Daily Moisturize, Hydrating Repair & Skin Condition Improvement",US,VGO-Beauty·,12.0,5,2.0,89.00,USD,korean skincare,https://shop.tiktok.com/us/pdp/vgo-skincare-five-step-routine-hydrating-repairing-set-suitable-for-all-skin-types/1731169433918542193
1405,Advance Tranexamic Serum With. Glycolic Acid + Witch Hazel20 ml.,TH,Apisthailand,12.0,0,0.0,411.00,THB,tranexamic acid serum,https://shop.tiktok.com/th/pdp/es-ram-aeol-khi-li-k-aeosid-eh-esls-20-ml-bamrung-phiw-eriyb-eniyn/1731522363779679826
1406,COSRX Propolis Synergy Toner 150ml สกินแคร์ มอยส์เจอไรเซอร์ โทนเนอร์,TH,Konvy Selected,12.0,0,0.0,216.00,THB,pore care toner,https://shop.tiktok.com/th/pdp/1731811340790827037
1407,Dr.Althea 147 Barrier Cream 50 ml. (สูตรใหม่)ครีมบำรุงผิวหน้า ผิวชุ่มชื้นขึ้น,TH,MULTY,12.0,5,1.0,887.00,THB,barrier repair cream,https://shop.tiktok.com/th/pdp/khrim-bamrung-phiwhna-dr-althea-147-barrier-cream-50-ml-chwy-aih-phiw-chumchuen-duael-phiw-aihaerng/1732304353783679558
1408,[แพ็ก 6 ซอง] MIHADA Moisturizer Sensitive Cream 7g ครีมบำรุงผิวหน้า มอยส์เจอร์ไรเซอร์ ซึมง่าย ไม่เหนียวเหนอะหนะ,TH,LAglace.Official Agent,12.0,5,1.0,246.00,THB,sensitive skin moisturizer,https://shop.tiktok.com/th/pdp/1737197202105271467
1409,เคล็นซิ่ง สำหรับทำความสะอาดเครื่องสำอางและผิวหน้า CUTE PRESS PURE ORIGIN MICELLAR CLEANSING BALM,TH,Bellebaee,12.0,0,0.0,137.00,THB,clean beauty,https://shop.tiktok.com/th/pdp/cute-press-pure-origin-micellar-cleansing-balm-bamrung-phiwhna-mak-ki/1729929845078984753
1410,Toner Compliment No Problem Salicylic Acid làm sạch da kiềm dầu giảm mụn,VN,Minoderm Official,12.0,0,0.0,99.233,VND,salicylic acid cleanser,https://shop.tiktok.com/vn/pdp/toner-compliment-salicylic-acid-lam-sach-da-kiem-dau/1732147358663148919
1411,"Kem dưỡng giảm thâm nám tàn nhang, hỗ trợ làm sáng da Spot Corrector Light Weight Cream 30ml",VN,GREY SKINLAB,12.0,0,0.0,644.301,VND,dark spot corrector,https://shop.tiktok.com/vn/pdp/kem-duong-giam-tham-nam-tan-nhang-lam-sang-da-chong-lao-hoa/1732299839404016706
1412,"Priori LCA Fx140 Barrier Restore Complexe - Kem Phục Hồi, Tái Tạo Da 50ml Chăm Sóc Da Skincare Nữ",VN,CHACHUMI PHARMA,12.0,5,2.0,3.136.542,VND,barrier repair cream,https://shop.tiktok.com/vn/pdp/priori-lca-fx140-kem-phuc-hoi-tai-tao-da-50ml-danh-cho-phu-nu/1729735169213827437
1413,"DR.RASHEL vitamin c brightening & anti -aging face serum  **Product ingredients:10% small molecule vitamin C + 5% collagen, ceramide Fresh and bright facial extract: Slim and efficient, it helps to reduce sunburn and discoloration, improve skin texture an",MY,wholesale beauty world,12.0,4.8,5.0,52.90,MYR,vitamin c serum,https://shop.tiktok.com/my/pdp/serum-muka-dr-rashel-vitamin-c-cerah-anti-penuaan-set-5-in-1/1729610142708893718
1414,IMAGES Hyaluronic Acid Moisturizing Hydrating Refreshing Essence Hyaluronic Acid Pore Shrinking Serum 1.5ml x 10pcs,MY,ROREC Malaysia,12.0,5,2.0,5.60,MYR,hyaluronic acid serum,https://shop.tiktok.com/my/pdp/essence-images-hyaluronic-acid-1-5ml-x-10pcs-menyuburkan-dan-melembapkan-kulit-mengurangkan-garisan-/1729619787117725915
1415,2pcs Combo Sunscreen + Cream Dark Spot Correcting Viho White Glassy,MY,V&K ONLINE STORE,12.0,0,0.0,236.00,MYR,dark spot corrector,https://shop.tiktok.com/my/pdp/sunscreen-viho-2pcs-cream-mengatasi-bintik-hitam-melindungi-daripada-sinaran-uv-memutihkan-kulit/1731752907554915328
1416,toner amieyraskincare,MY,MekSiti Beauty Shop,12.0,5,1.0,36.00,MYR,pore care toner,https://shop.tiktok.com/my/pdp/toner-amieyraskincare-merangsang-penyerapan-serum-penjagaan-wajah-yang-betul/1729452202679306815
1417,toner promosi,MY,MekSiti Beauty Shop,12.0,5,3.0,36.00,MYR,exfoliating toner/pore care toner,https://shop.tiktok.com/my/pdp/toner-promosi-untuk-membuang-pori-produk-penjagaan-kulit/1729605811027413567
1418,[TOCOBO] Lemon Sugar Scrub Lip Mask 20ml,MY,TOCOBO MY,12.0,4,1.0,62.65,MYR,lip mask,https://shop.tiktok.com/my/pdp/lemon-sugar-scrub-lip-mask-20ml-tocobo-pelembap-bibir-exfoliating-pemulihan-kelembapan-sesuai-untuk-semua-jenis-kulit/1729592641648166239
1419,SKINELLE Set BTS Pink (Korea) Formulation - Glowing & Pinkish Kulit Skincare Pelembab Skin Care Kits,MY,Nana Kireina,12.0,5,5.0,261.60,MYR,korean skincare,https://shop.tiktok.com/my/pdp/set-skincare-korean-meratakan-warna-mengurangkan-pori/1729588608901417470
1420,[BUY 1 FREE 1] The Therapy Vegan Blending Toner 100ml,MY,THE FACE SHOP MY,12.0,5,3.0,64.00,MYR,vegan skincare,https://shop.tiktok.com/my/pdp/1735894228940064056
1421,"2% Salicylic Acid Facial Cleanser - Acne Removal, Acids Cleansing, Pore Purifying, Oil Control, Redness Soothing for All Skin Types, Promotes Radiant Complexion (Facial Cleansing Solution)",US,CellGlow,11.0,5,1.0,7.90,USD,salicylic acid cleanser,https://shop.tiktok.com/us/pdp/ultimate-2-salicylic-acid-cleanser-by-skinviva-fights-acne-purifies-pores-controls-oil-soothes-redne/1731951763901158049
1422,LAYERLAB Niacinamide 7% & Tranexamic Acid 3% Dark Spot Appearance Serum | 13% Radiance Complex Visibly Evens Skin Tone Look | Hydrating K-Beauty Skincare 1.01 fl.oz,US,LAYERLAB,11.0,5,12.0,47.45,USD,tranexamic acid serum,https://shop.tiktok.com/us/pdp/layerlab-niacinamide-tranexamic-acid-serum-brighten-skin/1732519089850126705
1423,1pcs dark spot 1 pcs face cream 2oz and soap turmeric,US,Vianneluxstore,11.0,5,1.0,65.00,USD,dark spot corrector,https://shop.tiktok.com/us/pdp/dark-spot-treatment-face-cream-set-siret-cosmetic/1732351735659860517
1424,ILUMA® intense brightening serum,US,IMAGE Skincare,11.0,4,25.0,69.00,USD,brightening serum,https://shop.tiktok.com/us/pdp/iluma-r-intense-brightening-serum-botanical-formula-reduces-pigmentation/1729419160810655848
1425,(1แถม1) ULTIMATE INTENSE SNAIL MUCIN CREAM 6 ML (1 กล่อง มี 6 ซอง) 10SW00725X12,TH,snailwhitethailand,11.0,5,2.0,350.00,THB,snail mucin essence,https://shop.tiktok.com/th/pdp/1733683012144366692
1426,"【Official】LANBENA Acne Treatments Serum 12ml, Skincare, สกินแคร์,Acne Treatments สิว",TH,Lanbenath,11.0,0,0.0,232.00,THB,acne treatment,https://shop.tiktok.com/th/pdp/1731383110167923586
1427,KIVEE Blackhead Remover เครื่องดูดสิวเสี้ยนอเนกประสงค์,TH,KIVEE Mall,11.0,5,1.0,735.00,THB,blackhead remover,https://shop.tiktok.com/th/pdp/kivee-blackhead-remover-ekhrueong-siw-eyn-oenkprasngkh/1731481595141654696
1428,กันแดด sunscreen spf50 +++,TH,Pinince,11.0,5,2.0,537.00,THB,sunscreen spf50,https://shop.tiktok.com/th/pdp/kanaedd-spf50-chak-biotique-khnad-50-ml-enueo-bangeba-aim-ehniyw-ehnoahna/1730248638138910990
1429,[Music Flower] Foundation รองพื้นเนื้อครีมแบบซองแบบบาง กันน้ำคุมมัน ไม่เหนียวเหนอะหนะ สูตรติดทนนาน 24 ชม.,TH,The Trendy Selected,11.0,0,0.0,66.00,THB,makeup foundation,https://shop.tiktok.com/th/pdp/music-flower-rongphuen-enueo-khrim-spf30-pkpong-phiwhna-bamrung-phiw/1731408975723530219
1430,BEAUTILOX Glass Skin ซื้อ 1 แถม 1,TH,First Exclusive.,11.0,0,0.0,266.00,THB,glass skin,https://shop.tiktok.com/th/pdp/khrim-namhnak-eba-samhrab-phiw-eriyb-eniyn-sutr-wiess-chak-glowa-priman-500ml/1731786997711472131
1431,[พิเศษ 1 แถม 1] Glass Skin Luminous Serum - เซรั่มบำรุงผิวกระจ่างใส ลดเลือนริ้วรอยอย่างอ่อนโยน 2 ขวด,TH,Glassskinofficial,11.0,5,2.0,"1,960.00",THB,glass skin,https://shop.tiktok.com/th/pdp/es-ram-glow-getter-2-khwd-erng-phiw-cham-ok-lw-chak-aebrnd-glass-skin/1731433252233054054
1432,[SUM SPACE] Serum Theramid Copper Peptides 3% Hỗ Trợ Tăng Sinh & Cải Thiện Cấu Trúc Bề Mặt Da - 30ml,VN,SUM SPACE,11.0,0,0.0,2.128.493,VND,peptide serum,https://shop.tiktok.com/vn/pdp/serum-theramid-copper-peptides-3-ho-tro-tang-sinh-da/1733502737856431776
1433,Kem dưỡng ẩm mịn mượt căng sáng da OHUI Miracle Moisture Ceramide Boosting Cream 60ml x 2 hũ,VN,Tien Vo Orchid Spa,11.0,5,2.0,2.258.010,VND,ceramide cream,https://shop.tiktok.com/vn/pdp/kem-duong-am-ohui-miracle-moisture-24h-giu-am-sau-an-toan-cho-da-nhay-cam-huong-mau-don-60ml-x-2-hu/1732181250452194735
1434,SERUM PEPTIDE BRIGTHENING REPAIR 30ml,MY,Cikda Noir,11.0,4.5,8.0,156.00,MYR,peptide serum,https://shop.tiktok.com/my/pdp/set-basic-kering-jeragat-normal-noir-pembersih-dan-essence-untuk-kulit-sempurna/1729648584075478528
1435,C'ensil Tranexamic Acid Serum - 15ml | Serum Jeragat Hyperpigmentation,MY,AWa Wellness Shop,11.0,4.5,2.0,278.00,MYR,tranexamic acid serum,https://shop.tiktok.com/my/pdp/serum-traksamik-asid-15ml-untuk-kulit-berjerawat/1730345012484015927
1436,[MID-YEAR SALE][Free Shipping][COD] NCOS 247 All Day 88 Snail Mucin Essence [Sesuai untuk Semua Jenis Kulit | Melembabkan Kulit Wajah] 50ml,MY,NCOS.OFFICIAL,11.0,5,3.0,28.00,MYR,snail mucin essence,https://shop.tiktok.com/my/pdp/ncos-247-all-day-snail-mucin-essence-50ml-melembapkan/1729697588218528794
1437,Face Hydrating Serum 30ml,MY,V&K OnlineShop,11.0,4,1.0,65.00,MYR,hydrating serum,https://shop.tiktok.com/my/pdp/elle-lip-serum-terbaik-sepanjang-masa-untuk-bibir-sempurna/1731534659485337560
1438,[400ml]  Alpha Glowhite Body Lotion Whitening & Moisturizing I Body Cream Body Lotion Menghidrasi Kulit,MY,AMELIEA NOOR HIDAYAH BINTI JUSOF,11.0,5,1.0,18.00,MYR,body lotion,https://shop.tiktok.com/my/pdp/1734557068795348235
1439,"Selirxy Tranexamic Acid (TXA) Face Serum with Niacinamide - Daily Gentle Dark Spot Correction, Skin Repair, Illuminating Serums & Essences, Even Tone, Radiant Glow Korean Skincare",US,Jalan store,10.0,4,1.0,9.02,USD,tranexamic acid serum,https://shop.tiktok.com/us/pdp/selirxy-tranexamic-acid-serum-for-dark-spot-reduction/1732135090711138896
1440,Her Choice Sunscreen Duo – Sun Shield SPF50 PA+++ & Premium Tinted Sunshield SPF50 PA+++ (2 x 50g) | Broad Spectrum UVA/UVB Protection | Lightweight Korean-Formula Sunscreen | Daily Face Sun Care for All Skin Types,US,dnelsonenterprises,10.0,0,0.0,28.95,USD,sunscreen spf50,https://shop.tiktok.com/us/pdp/her-choice-sunscreen-duo-spf50-pa-broad-spectrum-travel-friendly/1732118424088974170
1441,Clear nose เซรั่มวิตามินซี Vitamin C Concentrate Super Serum 8 มล. (แพ็ก 6 ซอง),TH,ALL ONLINE ออลล์ออนไลน์,10.0,0,0.0,312.00,THB,vitamin c serum,https://shop.tiktok.com/th/pdp/1736014556784067726
1442,เซราไมด์ เคโอริช Ceramide Glassy Creamy Ko rich,TH,PK-99 Shop,10.0,5,1.0,220.00,THB,ceramide cream,https://shop.tiktok.com/th/pdp/esra-ai-md-ekh-oor-ich-ceramide-glassy-creamy-ko-rich-bamrung-phiwhna-sk-in-aekh-rm-aebrnd-ko-rich/1734585329472341800
1443,[2194] (พร้อมส่ง) Foundation Set  เซ็ทอุปกรณ์แต่งหน้าสำหรับการลงเบสเมคอัพและรองพื้น,TH,Mihreh,10.0,5,2.0,266.00,THB,makeup foundation,https://shop.tiktok.com/th/pdp/foundation-set-chud-ekhrueongsamoang-samhrab-saw-si-swy-sdais-thnthan/1732109548943934855
1444,PURE CARE VEGAN MATTE POWDER SPF 25 PA+++ เนื้อแป้งสูตรวีแกน เหมาะกับทุกสภาพผิวแม้ผิวบอบบางแพ้ง่าย (BAPKMVF),TH,BSC Cosmetology,10.0,0,0.0,371.00,THB,vegan skincare,https://shop.tiktok.com/th/pdp/pha-w-ed-or-fri-s-spf-25-pa-sutr-ewch-aekhnyon-samhrab-phuhying-bsc-cosmetics/1731956369336861988
1445,"[TEM CÔNG TY] Tinh Chất LaCabine Dark Spots Corrector Dưỡng Trắng Da, Mờ Thâm Nám Đốm Nâu Tàn Nhang 30ml",VN,Love Beauty Love Skin,10.0,0,0.0,1.036.772,VND,dark spot corrector,https://shop.tiktok.com/vn/pdp/tinh-chat-lacabine-duong-trang-da-mo-tham-nam-30ml-ngan-ngua-dom-nau-hieu-qua-cao-chong-lai-tham-mun/1730068997165320941
1446,Serum điều giảm sắc tố và sáng da - Hydrinity Vivid Brightening Serum 30ml herskincare,VN,HER Skincare & Clinic,10.0,0,0.0,6.509.167,VND,brightening serum,https://shop.tiktok.com/vn/pdp/serum-tri-sac-to-lam-sang-da-hydrinity-vivid-30ml/1731024883721799681
1447,"Kem dưỡng mắt giúp giảm thâm, đều màu, chống lão hóa vùng da quanh mắt, giảm nếp nhăn li ti Pharmaform Dark Circle Eye Cream",VN,GREY SKINLAB,10.0,0,0.0,376.430,VND,eye cream dark circle,https://shop.tiktok.com/vn/pdp/kem-duong-mat-pharmaform-giam-tham-chong-lao-hoa-hieu-qua/1731815979285906498
1448,Kem chống nắng SUPERSUN DOVA SPF 50 SPF 50 SPF 50,VN,Dova chính hang @,10.0,0,0.0,420.450,VND,sunscreen spf50,https://shop.tiktok.com/vn/pdp/kem-chong-nang-supersun-dova-spf-50-bao-ve-da-toan-dien/1729737858697497305
1449,Bộ dầu gội xả ngăn ngừa và giảm rụng tóc Vichy Dercos Energy+ Shampoo Hairloss 200ml giúp tóc chắc khỏe và dày dặn,VN,Vichy Vietnam,10.0,4,1.0,783.939,VND,hair loss shampoo,https://shop.tiktok.com/vn/pdp/1735375190632990395
1450,Hymeys Serum Pemutih Nicotinamide Anti-Jerawat 30ml Serum Bintik Gelap Kulit Cerah Bercahaya Penjagaan Kulit Niacinamide Diperkaya Ekstrak Niacinamide,MY,Such a Cool Shop,10.0,4,1.0,10.70,MYR,niacinamide serum,https://shop.tiktok.com/my/pdp/serum-nicotinamide-anti-jerawat-kulit-cerah-30ml-gelap/1731111057700128693
1451,Acne treatment gel Azelaic Acid 15% + Niacinamide|   Moisturizes and helps soothe the skin.Facial acne.,MY,OraMart MY,10.0,2.3,3.0,11.44,MYR,acne treatment/azelaic acid,https://shop.tiktok.com/my/pdp/1736948995687875663
1452,【Buy One Get One Free】 Anua Niacinamide10% +TXA Dark Spot Correcting Serum 30ml Tranexamic Acid to target at stubborn dark spots SRJO7U,MY,SATHISH NAIR AL KATHIRAVAN,10.0,5,2.0,27.30,MYR,tranexamic acid serum,https://shop.tiktok.com/my/pdp/1736686537161082736
1453,Barrier Repair Sunscreen SPF50 15ml - ANGGUN,MY,Nurdini jasni,10.0,4.8,5.0,12.00,MYR,barrier repair cream,https://shop.tiktok.com/my/pdp/1735024971845895670
1454,SABORINO Morning Facial Sheet Mask Minty Fresh 32 Sheets,MY,mandom.os,10.0,5,2.0,70.14,MYR,face mask sheet,https://shop.tiktok.com/my/pdp/topeng-muka-pagi-saborino-minty-fresh-32-lembaran-untuk-kulit-segar-bersih/1729557444974445666
1455,SPF50 Face Sunscreen Spray 150ml PA+++ UV Resistance Sunblock Cream Water Resistant Hydrating UV Sunscreen Spray SPF 50 Waterproof Mist 150ml PA+++ Skin Protection Face Whitening Moisturizing Facial Body Sunblock Refresh,MY,0077yx,10.0,5,1.0,7.42,MYR,sunscreen spf50,https://shop.tiktok.com/my/pdp/spf50-sunscreen-spray-150ml-pa-kalis-air-melembapkan/1730646642084971732
1456,(50pcs) Ready Stock Moisturizer Lip Mask Lips Mask Bibir Lip Masks Lip Gel Mask Hydrating Collagen Mask,MY,kkOn9,10.0,0,0.0,19.93,MYR,lip mask,https://shop.tiktok.com/my/pdp/50pcs-stok-sedia-ada-pelembap-bibir-topeng-bibir-kolagen-hidratan/1729651486770563919
1457,lumivie skincare,MY,wanie ismail,10.0,5,1.0,165.00,MYR,vegan skincare,https://shop.tiktok.com/my/pdp/set-anti-jeragat-mary-kay-untuk-penceraan-tona-semula-jadi/1729575446502344751
1458,CHOCOLATE PAPAN MENCUCI DENGAN CEPAT.,MY,Cyah Beauty,10.0,5,1.0,16.00,MYR,clean beauty,https://shop.tiktok.com/my/pdp/papan-coklat-mudah-pantas-untuk-membersihkan-usus-anda/1732293987304703736
1459,"30ml 4-in-1 Facial Serum, Hydrating Nourishing Face Essence with Hyaluronic Acid Niacinamide Vitamin C & Vitamin E, Lightweight Repairing Face Serum for Daily Facial Skincare",US,VERGEWISE,9.0,0,0.0,4.99,USD,vitamin c serum,https://shop.tiktok.com/us/pdp/30ml-4-in-1-facial-serum-hydrating-nourishing-vegan-friendly/1732622707965137566
1460,"5% Hyaluronic Acid Vitamins Facial Serum - Anti-Aging, Brightening, Barrier Repair, Moisture-Boosting, Softening Treatment - Apply After Cleanse, Suitable for All Skin Types, 30 Individual 1.5ml Tubes (1-1.9 fl oz Total)",US,manteshop18,9.0,0,0.0,24.99,USD,hyaluronic acid serum,https://shop.tiktok.com/us/pdp/5-hyaluronic-acid-serum-for-deep-hydration-anti-aging-30-vials/1732279954149838970
1461,"VGO 92% Snail Mucin Cleansing Moisturizing Gel Cream with Cocoyl Glutamic Acid - Deep Moisturizing, Gel Cream Hydration for Sensitive & Dry Skin (All Skin Types Suitable) - Unisex Adult Face Care Products, 1.76 oz Moisturizer",US,Rfdgyj,9.0,5,1.0,38.80,USD,snail mucin essence,https://shop.tiktok.com/us/pdp/vgo-snailmucin-92-moisturizer-face-gel-cream-for-hydration-daily-care-for-dry-and-sensitive-skin-50g/1731280017804923161
1462,"EQQUALBERRY NAD+ Longevity Ritual: Peptide BoostingSerum & Cream Duo I Advanced Anti-Aging & Cellular SkinRepair I Firming & Lifting for Face, Neck & Body",US,johnsonj97,9.0,0,0.0,16.99,USD,anti aging serum,https://shop.tiktok.com/us/pdp/1732676918069597075
1463,"1-Count Silicone Double-Ended Facial Brush - Gentle Scrubber Exfoliator for Bathroom Use, Anti-Slip Easy-to-Hold Design, Skin-Friendly Home Bath Supply",US,enhetk,9.0,3.7,4.0,36.99,USD,facial cleansing brush,https://shop.tiktok.com/us/pdp/double-ended-facial-cleansing-brush-soft-gentle-exfoliation/1732292083335532930
1464,Facial cleansing brush,US,Elengawomen Shop,9.0,0,0.0,2.50,USD,facial cleansing brush,https://shop.tiktok.com/us/pdp/facial-cleansing-brush-for-deep-cleanse-exfoliation/1729474568995377378
1465,เซราไมด์ เคโอริช Ceramide Glassy Creamy Korich 30 มล,TH,yuiarm,9.0,5,3.0,199.00,THB,ceramide cream,https://shop.tiktok.com/th/pdp/esra-mid-ek-rs-si-kem-krim-30-ml-sutr-ekhmkhn-samhrab-bamrung-phiw/1731485183916213564
1466,MiYoRi 16X HYA CERAMIDE CREAM,TH,MiYoRi,9.0,5,3.0,167.24,THB,ceramide cream,https://shop.tiktok.com/th/pdp/miyori-16x-hya-ceramide-cream-khrim-bamrung-phiw-chumchuen-sukhphaph-di/1737277049790891176
1467,AZECLEAR Cream 30g Australia skin run Kang azelaic acid cream,TH,Wang TK 2,9.0,0,0.0,471.60,THB,azelaic acid,https://shop.tiktok.com/th/pdp/khrim-oa-si-li-k-aeo-khid-30-kram-chak-oosetreliy-samhrab-phiwhna-aela-rangkay/1731513973489239697
1468,Tonique Douceur toner အပြာ 50 ml,TH,EiEi-BEAUTY,9.0,0,0.0,517.00,THB,pore care toner,https://shop.tiktok.com/th/pdp/1734442126200375065
1469,Eucerin Dermopure Clinical Purifying Toner 200 ml.,TH,Tkpharmacy,9.0,5,1.0,932.00,THB,pore care toner,https://shop.tiktok.com/th/pdp/othn-eno-r-ld-siw-eucerin-pro-acne-solution-khnad-200-ml-ehmaasamhrab-phiw-aeph-ngay/1729512509323774759
1470,[ฝาทอง] 30 ml. มอยเจอร์ไรเซอร์บำรุงผิวหน้า น้ำมันมะพร้าว โคโคเน่ [koconae] Premium face cream for sensitive skin สูตรอ่อนโยน ผิวแห้ง แพ้ง่าย,TH,Koconae Thailand,9.0,0,0.0,375.00,THB,sensitive skin moisturizer,https://shop.tiktok.com/th/pdp/mo-y-echo-r-air-esor-namman-maphraw-koconae-30-ml-samhrab-phiw-aeph-ngay-chumchuen-eriyb-eniyn/1729634298581388060
1471,Saran50 SRICHAND Sunlution Anti Acne Sunscreen SPF50+ PA++++ ครีมกันแดด 40ml เนื้อบางเบา ไม่เหนียวเหนอะหนะ,TH,Saran50,9.0,0,0.0,104.73,THB,sunscreen spf50,https://shop.tiktok.com/th/pdp/1737152187688453196
1472,โลชั่นบำรุงผิวกาย Wow BY MONEATH Whitening Body Lotion xxx10 500g,TH,Srey Noy,9.0,0,0.0,501.00,THB,body lotion,https://shop.tiktok.com/th/pdp/khrim-tha-phiwkhaw-eriyb-eniyn-chak-aebrnd-wow-sutr-phiess-samhrab-phiw-swy/1732731641595922336
1473,แว่นกันแดด,TH,N cheese shop,9.0,3,2.0,109.00,THB,glass skin,https://shop.tiktok.com/th/pdp/aewnkanaedd-uv400-kanaedd-100-thrng-swy-khnad-54-mm-samhrab-thuk-ephs/1729610366306061253
1474,[ซอง] Glass Skin Niacinamide Glow Sunscreen 7ml,TH,Nana Beauty MM,9.0,5,1.0,50.00,THB,glass skin,https://shop.tiktok.com/th/pdp/song-kanaedd-glass-skin-niacinamide-glow-spf50-plodphay-chak-rif-sutr-aihbrid-enueo-bangeba-praschak-phara-ebn-aela-aeolkohol/1736239782784566275
1475,BK Acne Cushion AntiPollution SPF50+ PA++++ 7g. คุชชั่นสิวผิวเกาหลี ปกปิด คุมมัน,TH,PBCOSMOSHOP,9.0,0,0.0,62.00,THB,korean skincare,https://shop.tiktok.com/th/pdp/khu-chchan-siw-bk-acne-cushion-pkpid-khum-man-spf50-pa-7g/1732699692590859481
1476,abonnir เช็ดสะอาดกระจ่างใส,TH,abonnir,9.0,5,3.0,516.00,THB,clean beauty,https://shop.tiktok.com/th/pdp/abonnir-sk-in-aekhr-samhrab-phiw-swy-khnadaihy-100ml-phlitphanth-duael-phiw/1732365116570240032
1477,Cute Press คลีนซิ่ง Pure Origin Micellar Cleansing Water 100ml,TH,Sheepy,9.0,3,2.0,155.00,THB,clean beauty,https://shop.tiktok.com/th/pdp/namya-langhna-aim-es-lan-eno-r-100ml-sutr-thrrmchati-ld-siw-kongyou/1729453168045623827
1478,[HÀNG CTY] Tẩy da chết dạng kì Compliment No Problem Peeling Roll với Salicylic Acid 80ml,VN,Công Ty Cổ Phần Neon Beauty,9.0,3,2.0,167.960,VND,salicylic acid cleanser,https://shop.tiktok.com/vn/pdp/tay-da-chet-dang-ki-compliment-no-problem-peeling-roll-80ml/1734017538797438795
1479,"DRCEUTICS Serum đưỡng da, Làm Sáng Da Giảm Đỏ Tranexamic 3% 30g Dưỡng Ẩm Da Làm Đẹp Da",VN,Mỹ Phẩm Quốc Dân Việt Nam,9.0,0,0.0,605.360,VND,tranexamic acid serum,https://shop.tiktok.com/vn/pdp/serum-drceutics-3-giup-lam-sang-da-giam-do-an-toan/1730051711890590449
1480,Huyết Thanh Trẻ Hóa Căng Mượt Da Snail Mucin 5000 Ampoule,VN,Huyền Phạm Mart,9.0,0,0.0,358.927,VND,snail mucin essence,https://shop.tiktok.com/vn/pdp/tinh-chat-duong-da-snail-mucin-5000-ampule-lam-mem-nourishing/1732255369722366670
1481,Serum Chấm Mụn Rau Má SERUM CENTELLA với dung tích 10ml Namy Spa - Hỗ trợ làm dịu da đang gặp các vấn đề về mụn - Phù hợp với làn da dầu và da hỗn hợp thiên dầu sử dụng vào ban ngày Skincare Dưỡng Ẩm Da Làm Đẹp Da Cấp Ẩm Chăm Sóc Da,VN,Trần Thị Nhã Trân,9.0,5,1.0,206.596,VND,centella serum,https://shop.tiktok.com/vn/pdp/serum-cham-mun-rau-ma-10ml-namy-spa-danh-cho-da-nhay-cam/1729860955450345518
1482,Kem Cốt Trắng Collagen 20gr( Kèm 1 Serum Meso Collagen 5ml ) - Hỗ Trợ Chăm Sóc Da Nám - Hỗ Trợ Da Không Đều Màu skincare skin care,VN,Candy Ly shop,9.0,0,0.0,171.029,VND,collagen cream,https://shop.tiktok.com/vn/pdp/kem-cot-trang-collagen-serum-meso-collagen-5ml-duong-da-nam/1731704370191172768
1483,1 HỘP KEM KONÉ (có tem YẾN OANH YO),VN,ÁI LINH 2,9.0,0,0.0,95.762,VND,acne treatment,https://shop.tiktok.com/vn/pdp/1737282002227463890
1484,"Toner Sữa Amino Acid Dịu Nhẹ Dr.Lacir 100ml - Giúp Cấp Ẩm, Làm Sạch Sâu, Thu Nhỏ Lỗ Chân Lông, Dưỡng Da toner  centella  toner kem  chống  nắng  tím",VN,Xù Store 1992,9.0,5,1.0,235.057,VND,pore care toner,https://shop.tiktok.com/vn/pdp/toner-sua-amino-dr-lacir-100ml-duong-am-lam-mem-da/1732294453631945620
1485,Kem dưỡng ẩm cho da nhạy cảm không nóng không đắng,VN,Shop HaNa 178,9.0,0,0.0,326.273,VND,sensitive skin moisturizer,https://shop.tiktok.com/vn/pdp/1735991463332644861
1486,Nước Tẩy Trang Hỗ Trợ Làm Sạch Tế Bào Da Chết Garnier Micellar Exfoliating Water 400ml | Guardian Việt Nam,VN,Guardian Store,9.0,0,0.0,308.266,VND,exfoliating toner,https://shop.tiktok.com/vn/pdp/nuoc-tay-trang-garnier-micellar-400ml-lam-sach-mem-mau/1732913382576063528
1487,[DEAL SHOCK]Bộ dầu gội xả ngăn ngừa và giảm rụng tóc Vichy Dercos Energy+ Shampoo Hairloss 200ml giúp tóc chắc khỏe và dày dặn,VN,Vichy Vietnam,9.0,0,0.0,784.086,VND,hair loss shampoo,https://shop.tiktok.com/vn/pdp/1735584864970114747
1488,Cọ rửa mặt & đắp mặt nạ JARY 2-in-1 Silicone Facial Cleansing Brush,VN,Jary Beauty Store,9.0,5,2.0,75.651,VND,facial cleansing brush,https://shop.tiktok.com/vn/pdp/co-rua-mat-silicone-jary-2-in-1-lam-sach-sau-dap-mat-na-tien-loi/1731948952637310423
1489,SHIMBI METHOD Derma Serum Niacinamide 30% 30ml,MY,mandom.os,9.0,0,0.0,79.72,MYR,niacinamide serum,https://shop.tiktok.com/my/pdp/1732834506985276514
1490,DT37 SADOER Salicylic acid niacinamide tea tree whitening acne facial cleanser / Pencuci muka anti jerawat,MY,DT37,9.0,4.7,3.0,4.26,MYR,salicylic acid cleanser,https://shop.tiktok.com/my/pdp/dt37-sadoer-sabun-wajah-anti-jerawat-whitening-mudah-digunakan/1732841252835853617
1491,[Local Flash Sale][New upgrade 15% AzelaicAcid Cream]Acne treatment gel Azelaic Acid 15% + Niacinamide |   Moisturizes and helps soothe the skin,MY,China Health Hall,9.0,0,0.0,12.58,MYR,azelaic acid,https://shop.tiktok.com/my/pdp/1736913521697129561
1492,ANUA 10% Niacinamide+ 4% Tranexamic Acid Serum 30ml new,MY,ttdre,9.0,5,1.0,20.44,MYR,tranexamic acid serum,https://shop.tiktok.com/my/pdp/serum-anua-10-niacinamide-dan-4-tranexamic-acid-mencerahkan-melembapkan-kulit-glowing/1731312442376095194
1493,JUMISO Snail Mucin 95 + Peptide Facial Essence 50ml / 140ml,MY,Mochi Skin,9.0,5,2.0,48.00,MYR,snail mucin essence,https://shop.tiktok.com/my/pdp/jumiso-snail-mucin-95-peptide-essensi-wajah-50ml-140ml/1733011401885385814
1494,SERUM DR.PEPTI CENTELLA DARK SPOT SOLUTION AMPOULE 30ML[Korean],MY,BIBI92,9.0,0,0.0,105.00,MYR,centella serum,https://shop.tiktok.com/my/pdp/serum-dr-pepti-centella-30ml-hilangkan-bintik-gelap-lembapkan-kulit-petunjuk-penggunaan-mudah/1729584039993968820
1495,1 SET CREAM COLLAGEN KOTAK KUNING,MY,Food thai Shop,9.0,2,1.0,12.00,MYR,collagen cream,https://shop.tiktok.com/my/pdp/set-krim-kolagen-kotak-kuning-stok-sedia-ada-untuk-wajah/1729773279410816516
1496,Kojie San Pore Minimizer Toner 100ml Skincare,MY,Tatak Pinay,9.0,0,0.0,21.00,MYR,pore care toner,https://shop.tiktok.com/my/pdp/kojie-san-pore-minimizer-toner-100ml-untuk-kulit-bersih-segar/1729593018532529599
1497,PURE BEAUTY Ci-Care Toner 150ML,MY,Watsons Malaysia,9.0,5,3.0,49.23,MYR,pore care toner,https://shop.tiktok.com/my/pdp/1733603666998756726
1498,Boost Balm The Skin Barrier Cream (20ml / 50ml) | Anti-Inflammatory Acne-Soothing Protective Moisturizer & Primer Healing Skincare Treatments,MY,Boost Balm,9.0,5,3.0,103.00,MYR,barrier repair cream,https://shop.tiktok.com/my/pdp/krim-penjaga-batas-kulit-boost-balm-pelembap-primer/1729617760722061574
1499,LOTUS BODY CARE LOTION BIORICH,MY,Biorich By JS,9.0,0,0.0,78.00,MYR,body lotion,https://shop.tiktok.com/my/pdp/1734362814883857828
1500,(50pcs) Ready Stock Moisturizer Lip Mask Lips Mask Bibir Lip Masks Lip Gel Mask Hydrating Collagen Mask,MY,Ymt816,9.0,4.5,2.0,19.93,MYR,lip mask,https://shop.tiktok.com/my/pdp/mask-bibir-kolagen-50pcs-gel-hidratasi-rawatan-bibir-tahan-air/1729479414966289464
1501,Korean Facial Cream and Serum 50g & 50ml,MY,VN SHOP 2,9.0,5,1.0,77.00,MYR,korean skincare,https://shop.tiktok.com/my/pdp/krim-muka-korea-sumbu-50g-50ml-untuk-kulit-lembut/1730362996014613581
1502,"Salicylic Acid Facial Cleanser - Moisturizing, Paraben-Free, Unisex with Hyaluronic Acid, Niacinamide, Ceramide, Citric Component - For Facial Cleansing, Deep Cleanse, Dry Skin, Fresh Scent, Multi-Pack Option",US,CTOG,8.0,5,2.0,19.99,USD,salicylic acid cleanser,https://shop.tiktok.com/us/pdp/salicylic-acid-hyaluronic-acid-face-wash-deep-cleanse/1731697190348034872
1503,"Salicylic Acid Mousse Foam Facial Cleanser (100ml) with Gentle Brush - Gentle Face Cleanser, Moisturizing, Oil Control, Pore Minimizing, Acne-Fighting Daily Skincare, Moisturizing Facial Cleansers",US,CellGlow,8.0,0,0.0,7.90,USD,salicylic acid cleanser,https://shop.tiktok.com/us/pdp/salicylic-acid-mousse-foam-cleanser-with-rich-foam/1731373515964715681
1504,Aussie BettaGolden Micro-Peptide Tallow Serum with Niacinamide & Bifida Skin Repair Formula for Fine Lines & Dark Spots No Irritation Visible Results Rejuvenating Repairing Anti Aging Duo Firming Deep Hydration Brightening Solution,US,Artemis'Beauty Shop,8.0,0,0.0,79.99,USD,peptide serum,https://shop.tiktok.com/us/pdp/aussie-betta-golden-micro-peptide-tallow-serum-anti-aging/1731921052911571587
1505,"Deep Hydrating Face Serum - Skincare Serums & Essences for Daily Hydration, Nourishing Facial Care Drops",US,ligvor,8.0,0,0.0,23.00,USD,hydrating serum,https://shop.tiktok.com/us/pdp/facial-serum-hydrating-moisturizing-nourishing-skin-care/1729492414918136919
1506,Tocobo Bio Watery Sunscreen SPF50 - 1.35 fl oz,US,SeoulGlow,8.0,4,1.0,28.59,USD,sunscreen spf50,https://shop.tiktok.com/us/pdp/tocobo-bio-watery-sunscreen-spf50-hidratante-vegano/1731619903692772217
1507,Soothing Prep Lip Mask — Cooling peel-off lip mask for smoother lip prep and a hydrated feel,US,Wild Rock,8.0,0,0.0,21.76,USD,lip mask,https://shop.tiktok.com/us/pdp/soothing-prep-lip-mask-cooling-peel-off-hydrated-lips/1732245667317322505
1508,"Facial cleansing brush, heated vibrating facial cleanser with massage function, unisex silicone, electric, deep cleansing, gentle exfoliation (pink), Facial cleaning tool",US,Mosnami SY1,8.0,0,0.0,11.08,USD,facial cleansing brush,https://shop.tiktok.com/us/pdp/facial-cleansing-brush-heated-vibrating-unisex-silicone-deep-cleansing/1732308687982530993
1509,"3-Count Silicone Double-Ended Color Facial Mask Brushes - Reusable, Lightweight, Unisex Portable Compact & Portable Body Care Tool, Facial Cleansing Brush for Daily Skincare, Party Bag Gift for Home & Festive Occasions, Sohochic",US,Ystarup,8.0,4.3,4.0,8.58,USD,facial cleansing brush,https://shop.tiktok.com/us/pdp/double-ended-silicone-facial-mask-brushes-reusable-easy-clean/1732293157113008932
1510,ULTIMATE INTENSE SNAIL MUCIN CREAM 6 ML (1 กล่อง มี 6 ซอง) 10SW00725X6,TH,snailwhitethailand,8.0,0,0.0,229.00,THB,snail mucin essence,https://shop.tiktok.com/th/pdp/khrim-nu-thr-in-esnsayya-n-6-ml-sinkhanamekha-chak-chin-ooraeknik-amino-acid-based/1732568610408072292
1511,ครีมไข่มุกคอลลาเจน Ginseng Pearl Collagen Cream 70 กรัม,TH,KK CHIKU SHOP,8.0,5,1.0,104.00,THB,collagen cream,https://shop.tiktok.com/th/pdp/khrim-bamrung-phiwhna-ginseng-pearl-collagen-cream-samhrab-phuhying/1730738571536403092
1512,ครีมเเอคเน่แคร์+Booster skin,TH,ขนมจีนนน,8.0,0,0.0,"1,374.00",THB,acne treatment,https://shop.tiktok.com/th/pdp/1730070803963743089
1513,(15ml.) โทนเนอร์ Rojukiss Pore Refining Pre-Serum Toner หน้าเรียบเนียน,TH,may-coco,8.0,0,0.0,112.00,THB,pore care toner,https://shop.tiktok.com/th/pdp/othn-eno-r-rojukiss-pore-refining-pre-serum-toner-khnad-15ml/1730988297213020820
1514,Jaya Anti Aging Serum เซรั่มบำรุงผิวหน้า,TH,Jaya Thailand,8.0,5,5.0,443.00,THB,anti aging serum,https://shop.tiktok.com/th/pdp/jaya-anti-aging-serum-bamrung-phiwhna-chumchuen-eba-sbay-praschak-aeolkohol/1735579063530260067
1515,Ashley Pimple Blackhead Remover Set 2 Items,TH,Konvy,8.0,5,2.0,116.00,THB,blackhead remover,https://shop.tiktok.com/th/pdp/chud-thod-siw-aela-hawaich-dam-ashley-pimple-blackhead-remover-set-2-chin/1731809088074319351
1516,LANEIGE - Lip Sleeping Mask EX_Apple Lime (20G) มาส์กสำหรับริมฝีปาก ทาปาก ลิป,TH,EVEANDBOY TH,8.0,0,0.0,690.80,THB,lip mask,https://shop.tiktok.com/th/pdp/mas-kl-ip-laneige-lip-sleeping-mask-ex-apple-lime-20g-phok-aelw-ephy-pak-num-mas-krim-fipak-yodniym-samhrab-rimfipak-aehng/1730009535206754691
1517,ครีมกันแดดแป้งทิ้นโสมทองคำวอร์ด้า SPF50 กันฝ้ากันน้ำกันเหงื่อ หน้าเนียนใส  นำเข้าจากเกาหลี,TH,Kikiastore,8.0,0,0.0,76.80,THB,korean skincare,https://shop.tiktok.com/th/pdp/1736693073434871390
1518,"Kem-gel CANOVA RETINPIL - normalising cream-gel ngừa mụn chuyên sâu, kiểm soát nhờn, trẻ hóa da 50ml",VN,Biomedico Online Store,8.0,0,0.0,1.336.776,VND,retinol cream,https://shop.tiktok.com/vn/pdp/1735579192112875040
1519,Tẩy Da Chết Compliment No Problem 2% Salicylic Acid Làm Sạch Thu Nhỏ Lỗ Chân Lông,VN,SunShine Beauty VN,8.0,0,0.0,93.720,VND,salicylic acid cleanser,https://shop.tiktok.com/vn/pdp/tay-da-chet-compliment-no-problem-2-salicylic-acid-80ml-150ml/1731142410653631793
1520,BIOMEEK TRANEXIDE SERUM niacinamide 5% tranexemaic acid 3% Dưỡng Ẩm Da Chăm Sóc Da 30ml,VN,Trần minh korea2,8.0,5,1.0,1.484.606,VND,tranexamic acid serum,https://shop.tiktok.com/vn/pdp/biomeek-tranexide-serum-niacinamide-5-tri-mun-acid-3-duong-am-da/1730252405827864785
1521,[CHÍNH HÃNG] Ceradan Kem Phục Hồi Hàng Rào Bảo Vệ Da Skin Barrier Repair Cream 30g,VN,BERI SKINCARE,8.0,5,1.0,326.678,VND,barrier repair cream,https://shop.tiktok.com/vn/pdp/kem-phuc-hoi-lop-bao-ve-da-ceradan-30g-an-toan-cho-tre-em/1732319185584620582
1522,Beauty Mini Blackhead Remover Máy Hút Mụn Cầm Tay Siêu Khỏe 3 Chế Độ Hút 5 Đầu Chuyên Nghiệp Không Gây Đau Rát Chính Hãng,VN,BossVTC,8.0,3,1.0,278.821,VND,blackhead remover,https://shop.tiktok.com/vn/pdp/may-hut-mun-mini-insmart-3-che-do-5-dau-hut-sieu-nhe/1730302954688318207
1523,BỘ KEM KONE THÁI LAN,VN,Nhàn Skincare Shoo,8.0,5,1.0,50.956,VND,korean skincare,https://shop.tiktok.com/vn/pdp/bo-kem-duong-da-kone-thai-lan-san-pham-cham-soc-da-hieu-qua/1729591927721134315
1524,Nước tẩy trang hoa đậu biếc 300ml làm sạch da,VN,VEGAN Thuần Chay,8.0,0,0.0,257.701,VND,vegan skincare,https://shop.tiktok.com/vn/pdp/nuoc-tay-trang-herbario-300ml-lam-sach-duong-am-da-mat/1729737234057037875
1525,Kem Phục Hồi Da Post Care Histo Cell Cream Histolab- Giúp phục hồi làn da sau thủ thuật 12-50ml,VN,DƯỢC MỸ PHẨM 5K,8.0,5,1.0,390.692,VND,post procedure skincare,https://shop.tiktok.com/vn/pdp/kem-phuc-hoi-da-post-care-histo-cell-cream-tai-tao-bao-ve-da/1732177960613545009
1526,"Krim penegang retinol, 50g, mengurangkan kedutan, melembapkan dan menegangkan",MY,Decle Beauty.MY,8.0,5,1.0,8.16,MYR,retinol cream,https://shop.tiktok.com/my/pdp/krim-penegang-retinol-50g-untuk-mengurangi-kedutan-melembapkan-kulit/1729527642017334360
1527,Serum Peach 10ml Hyaluronic Acid Whitening,MY,Suspa Beauty Hq,8.0,5,2.0,40.00,MYR,hyaluronic acid serum,https://shop.tiktok.com/my/pdp/serum-peach-10ml-lembapkan-kulit-anjalkan-kecilkan-pori/1729650573499140924
1528,ROREC SADOER Replenishing Moisturizing Serum HA Hyaluronic Acid Lightweight Refreshing Deeply Replenishing 30ml,MY,ROREC Malaysia,8.0,4.5,2.0,4.50,MYR,hyaluronic acid serum,https://shop.tiktok.com/my/pdp/serum-melembapkan-menyegarkan-kulit-dengan-asid-hialuronik/1732296247923410139
1529,"【Buy 1 Take 1】【Medicube】 PDRN Pink Peptide Serum 30ml - Pink glow serum, Vegan PDRN, Collagen, Brightening for dark spot",MY,Malaysia Medicube Shop,8.0,5,1.0,33.00,MYR,peptide serum,https://shop.tiktok.com/my/pdp/serum-peptida-merah-jambu-medicube-30ml-untuk-kulit-cerah/1733541457793746532
1530,15% Gel Asid Azelaic untuk Menghilangkan Bintik Hitam Mengecilkan Liang Pori Asid Salisilik dan Gabungan Asid Azelaic untuk Menghilangkan Bintik Hitam Krim Anti Jerawat Face Mineral Skincare Smooth Mencerahkan,MY,SundayStyles,8.0,0,0.0,8.00,MYR,azelaic acid,https://shop.tiktok.com/my/pdp/gel-asid-azelaic-15-mencerahkan-bintik-hitam-mengurangkan-jerawat-pori-halus-30ml/1730380963568715720
1531,Collagen Soap / Day & Night Cream,MY,BSONLINE STORE,8.0,0,0.0,4.30,MYR,collagen cream,https://shop.tiktok.com/my/pdp/set-sabun-kolagen-krim-harian-malam-tanpa-alkohol/1730067532933465520
1532,Aqua Pore Luminous 100ml toner untuk wajah bersih Skincare,MY,MamaEman,8.0,0,0.0,88.00,MYR,pore care toner,https://shop.tiktok.com/my/pdp/toner-wajah-anti-acne-pori-berbekal-teknologi-swiss/1730757015843210958
1533,DOJAKO CLEAR AND SKIN TONER 100ml & 400ml Membantu mengecilkan pori pori,MY,Beautyway Enterprise,8.0,0,0.0,32.00,MYR,pore care toner,https://shop.tiktok.com/my/pdp/dojako-clear-skin-toner-100ml-400ml-untuk-kulit-sihat/1732140340628129218
1534,wall repair cream  waterproof hardware,MY,K.C.W,8.0,0,0.0,5.20,MYR,barrier repair cream,https://shop.tiktok.com/my/pdp/krim-pembaikan-dinding-tahan-air-mudah-digunakan-kering-cepat/1731085548352472540
1535,IRLIYA BEAUTY HOUSE SERUM || BOOSTER WHITENING,MY,SECRET BEAUTY MALL,8.0,0,0.0,28.49,MYR,brightening serum,https://shop.tiktok.com/my/pdp/irliya-beauty-house-serum-pencerah-kulit-penghantaran-pantas/1732607634904286919
1536,Whitening Eye Cream for Dark Circles - Anti-Wrinkle & Eyebag Reducing Treatment | Hydrating & Lifting Formula | Repairs Delicate Eye Area | Day & Night Use,MY,OHMORA,8.0,3,3.0,7.56,MYR,eye cream dark circle,https://shop.tiktok.com/my/pdp/krim-mata-pencerah-gelap-anti-penuaan-mengurangkan-beg-mata-formula-menghidrasi-dan-mengangkat-pemul/1731520140353635980
1537,Remover Blackhead Whitehead Remover Vacuum Face Nose Clear Blackhead USB Rechargeable Blackhead Removal Vacuum Machine,MY,DOUBLECHECK,8.0,5,2.0,26.04,MYR,blackhead remover,https://shop.tiktok.com/my/pdp/pembersih-komedo-jerawat-dengan-vakum-tiga-mod-usb-boleh-cas-semula/1729483960727341985
1538,Blackhead Remover Pore Vacuum Extractor Rejuvenation Facial Beauty Equipment,MY,yayayatoolniCe,8.0,5,1.0,176.00,MYR,blackhead remover,https://shop.tiktok.com/my/pdp/pembersih-komedon-vakum-hitam-peranti-kecantikan-multifunksi-8-kepala-kristal-memperbaiki-kulit-dan-/1730569541938349207
1539,Blackhead Removal Face Mask Peel Off Acne Treatment Black Head Remover Blackhead Remover Cleaner Mask Deep Cleansing,MY,Kedai YX,8.0,5,1.0,7.50,MYR,blackhead remover,https://shop.tiktok.com/my/pdp/topeng-muka-penghilang-kusut-hitam-pelepas-jerawat-pembersih-dalam/1729458667142285166
1540,Lotion  Body Lotion 400ml Body Lotion Moisturizing  Nourishing Body Niacinamide Brightening Skin Fragrance,MY,Kambra,8.0,0,0.0,11.14,MYR,body lotion,https://shop.tiktok.com/my/pdp/lotion-badan-vaseline-niacinamide-400g-melembapkan-cerah/1732082518866626022
1541,MAA3Z CUSHION FOUNDATION NEW,MY,MY BEAUTIFULL,8.0,5,2.0,46.59,MYR,makeup foundation,https://shop.tiktok.com/my/pdp/maaez-cushion-foundation-terbaru-tiga-warna-menarik/1732278986729424839
1542,MODEL FSKIN FRAME MERAH KRISTAL LENS BLACK,MY,GUDANG SPEK,8.0,5,1.0,111.00,MYR,glass skin,https://shop.tiktok.com/my/pdp/model-fskin-frame-merah-kristal-lens-black-size-55mm-polarized-set-lengkap-pembersih-lensa-percuma/1730915879006209494
1543,Hone Serum Facial Baby Face Korean Kornchai Beautiful smooth skin muka cantik licin,MY,ThaiMartMalaysia,8.0,0,0.0,74.00,MYR,korean skincare,https://shop.tiktok.com/my/pdp/serum-muka-hone-intensive-botany-kulit-licin-cerah/1729459023323891682
1544,"[The SkinPixels Official] Dark Spot Correcting Serum : 10% Niacinamide + 2% Tranexamic Acid + 2% Alpha Arbutin 1.01 fl.oz. (30ml) ｜ Niacinamide Serum for Discoloration, Hyperpigmentation, Scars, Brightening",US,The SkinPixels,7.0,0,0.0,17.99,USD,niacinamide serum,https://shop.tiktok.com/us/pdp/dark-spot-corrector-serum-10-niacinamide-more/1731716312218636674
1545,"SADOER 5X Vitamin C Face Serum with Niacinamide - Lightweight Hydrating Daily Glow Serum, Fast Absorbing Skincare, facial youthful-looking skin moisturizing 1.1 Fl Oz",US,Britno shopp,7.0,5,3.0,8.99,USD,vitamin c serum,https://shop.tiktok.com/us/pdp/sadoer-5x-vitamin-c-face-serum-hydrating-niacinamide-glow-fast-absorbing-moisturizer-1-1-fl-oz/1732544381096792419
1546,"[JEU'DEMEURE] Intensive Ceramide & Peptides Night Moisturizer Cream for Regenerating, Deep Hydrating, Anti-Aging & Skin Repair Skincare 50ml/ 1.7fl oz#tiktokshopstockup",US,JEU'DEMEURE US Official,7.0,5,2.0,44.99,USD,ceramide cream,https://shop.tiktok.com/us/pdp/night-moisturizer-cream-by-jeudemeure-with-ceramide-peptides-50ml/1730825002952659915
1547,Collagen cream 300ml,US,Aurash Shop,7.0,0,0.0,12.29,USD,collagen cream,https://shop.tiktok.com/us/pdp/collagen-cream-300ml-for-daily-skincare-hydration/1732623964501021433
1548,"TRSTAY 50g Cosmetic Skin Care Daily Moisturizing Cream - Hyaluronic Acid & Vitamin C Infused, Lightweight, Deep Hydration Soothing, Vitamin C Boost, Locks Moisture, Enhances Radiance & Smoothness, All Skin Types, 6.4cm/2.5inch-7.6cm/2.9inch Bottle",US,Nitrogen Nexus,7.0,0,0.0,14.99,USD,dark spot corrector,https://shop.tiktok.com/us/pdp/trstay-dark-spot-corrector-cream-high-moisturizing-hydrating/1731626376564478135
1549,"Even Element a potent dark spots serum clinically proven to reduce discoloration and dark spots. 13 supercharged actives, instantly brighten complexion while working to stop hyperpigmentation at the cellular level",US,My Revea,7.0,0,0.0,125.00,USD,dark spot corrector,https://shop.tiktok.com/us/pdp/dark-spots-serum-by-revea-even-element-with-13-actives-for-even-skin-tone/1729494399024926844
1550,TTONE Salicylic Pop Serum,US,Tina toner skin,7.0,5,1.0,25.00,USD,pore care toner,https://shop.tiktok.com/us/pdp/ttone-salicylic-pop-serum-anti-acne-care-lightweight-50ml/1729482804178032544
1551,"Face liquid foundation matte makeup effect flawless professional cosmetics creates perfect skin color waterproof and sweat proof Long Lasting Foundation professional glow liquid foundation Beauty Products, Longwearing Waterproof Makeup",US,Caizi Beauty Makeup,7.0,5,2.0,1.68,USD,makeup foundation,https://shop.tiktok.com/us/pdp/julystar-matte-liquid-foundation-waterproof-sweatproof/1731831887666385333
1552,"Acne & Acne Spot Rescue Duo | Dark Spot 24% Correcting Pink Glow Cream + Calming 64% Cream, korean skincare",US,Dr.Percent US Store,7.0,1,1.0,30.78,USD,korean skincare,https://shop.tiktok.com/us/pdp/acne-acne-spot-rescue-duo-fades-dark-spots-korean-skincare/1731934921944699330
1553,BASE LABORATORIES Piercing Aftercare Kit: Keloid & Piercing Bump Solution Oil(15ml) + Piercing Aftercare Spray (4oz) - for Keloid Bump Removal & Cleansing Soothing Piercings Before & After,US,JUSTINJCARRERA,7.0,5,1.0,23.94,USD,post procedure skincare,https://shop.tiktok.com/us/pdp/base-laboratories-piercing-aftercare-kit-keloid-bump-solution/1732192569238983023
1554,Dermatology Niacinamide 20% Serum 30 ml,TH,EiEi-BEAUTY,7.0,0,0.0,381.00,THB,niacinamide serum,https://shop.tiktok.com/th/pdp/dermatology-niacinamide-20-serum-30ml-bamrung-phiw-saroahar-phiw/1736530782687495961
1555,MizuMi Skin Barrier Soothing Cream 45g ครีมเซราไมด์ เสริมชั้นผิว ผิวแข็งแรง,TH,First-Healthy,7.0,0,0.0,314.00,THB,barrier repair cream,https://shop.tiktok.com/th/pdp/1732924291069412635
1556,Eucerin UltraSENSITIVE Repair gel cream 50ml ยูเซอริน ผิวบอบบางแพ้ง่าย,TH,vitaminxpress,7.0,0,0.0,"1,879.00",THB,sensitive skin moisturizer,https://shop.tiktok.com/th/pdp/echl-khrim-yu-es-orin-ultrasensitive-50ml-samhrab-phiw-bobbang-aeph-ngay/1729576580743072174
1557,THE SKIN COLLECTION - Exfoliating Toner (300ml) เดอะสกินคอลเลคชั่น เอ็กโฟลิเอทติ้ง โทนเนอร์,TH,EVEANDBOY TH,7.0,5,1.0,150.00,THB,exfoliating toner,https://shop.tiktok.com/th/pdp/eo-kof-li-eo-th-ti-ng-othn-eno-r-300ml-edoa-sk-i-nkh-olel-khch-an-aha-bha-pha-praschak-aeolkohol/1732626263538632067
1558,โลชั่นน้ำหอม,TH,Skincare Chomngam,7.0,4,1.0,157.00,THB,body lotion,https://shop.tiktok.com/th/pdp/olchan-namhom-oar-si-ri-samhrab-phuhying-aela-phuchay-sutr-phiess-chak-yipun/1729427607141845071
1559,[EXP :30-04-27]  แพ็คคู่ SEBAMED ANTI-HAIRLOSS SHAMPOO pH 5.5 (200ML) แชมพูสระ - ผมร่วง + SEBAMED EVERYDAY SHAMPOO pH 5.5 (50ML) แชมพูสระผม สำหรับผมธรรมดาถึงผมแห้ง (2 ชิ้น),TH,Sebamed Thailand,7.0,4,1.0,889.00,THB,hair loss shampoo,https://shop.tiktok.com/th/pdp/sebamed-anti-hairloss-shampoo-everyday-shampoo-set/1731701970357290852
1560,(พร้อมส่ง) RIKU Korean Skincare ผลิตและนำเข้าจากเกาหลี ผิวชุ่มชื้น ผิวดูสุขภาพดี ของแท้,TH,Renana malls,7.0,0,0.0,226.00,THB,korean skincare,https://shop.tiktok.com/th/pdp/riku-ri-khu-fongnam-bus-et-or-wi-t-si-eborri-es-ram-khrim-kanaedd/1730696247010429000
1561,"Sửa Rửa Mặt Calming Salicylic Acid Cleanser FACE REPUBLIC 100ml Làm Sạch, Giúp Dịu Da Dầu Mụn Và Cải Thiện Vết Thâm Mụn",VN,Face Republic Vietnam,7.0,0,0.0,267.728,VND,salicylic acid cleanser,https://shop.tiktok.com/vn/pdp/1733450067160171782
1562,"(Hàng công ty) Tinh chất serum rau má Zymogen Centella Ferment Serum 105ml dưỡng ẩm, làm dịu da",VN,Nhung Perspirex,7.0,0,0.0,1.220.943,VND,centella serum,https://shop.tiktok.com/vn/pdp/tinh-chat-rau-ma-zymogen-centella-ferment-105ml-duong-am-lam-diu-da/1731817784758470162
1563,[ TẶNG 1 MASK BNBG ] KEM DƯỠNG PDRN DƯỠNG ẨM VÀ CĂNG BÓNG DA  DERMABLOCK PDRN COLLAGEN CREAM 50ML,VN,DERMABLOCK VIỆT NAM,7.0,0,0.0,346.712,VND,collagen cream,https://shop.tiktok.com/vn/pdp/kem-duong-pdrn-collagen-cho-da-cang-min-tre-hoa-50ml/1731900158047782349
1564,"COMBO KEM SÂM &SERUM TINH CHẤT COLLAGEN _HỖ TRỢ SÁNG DA ,DƯỠNG ẨM",VN,Mỹ Phẩm ÚT MƠ NCOLLAGEN,7.0,0,0.0,601.818,VND,collagen cream,https://shop.tiktok.com/vn/pdp/combo-cai-thien-da-mong-do-lam-trang-sang-da-hieu-qua/1729638681180539377
1565,KEM MỤN - NÁM - TRẮNG DA - TÁI TẠO 7G ( PHƯỚC THANH),VN,MỸ PHẨM MINH CHÂU 2,7.0,0,0.0,59.864,VND,acne treatment,https://shop.tiktok.com/vn/pdp/kem-tri-mun-nam-duong-trang-da-tai-tao-lan-da-khoe-manh/1731328311326705953
1566,Kem Dưỡng Cấp Ẩm Beyond Aqua Moisture Barrier Cream 150ml,VN,Bumhouse Cosmetics,7.0,0,0.0,241.828,VND,barrier repair cream,https://shop.tiktok.com/vn/pdp/kem-duong-am-cap-nuoc-beyond-aqua-moisture-barrier-150ml/1730723346512251334
1567,"Serum HA 1.5% 30ml Cấp Ẩm, Mờ Thâm, Phục Hồi Da, Làm Dịu Da Khô Rát Aricamum Face Serum - Tinh chất dưỡng ẩm Serum Dưỡng Ẩm",VN,pH Balance Chính Hãng,7.0,5,1.0,253.247,VND,hydrating serum,https://shop.tiktok.com/vn/pdp/serum-ha-1-5-30ml-cap-am-mo-tham-phuc-hoi-da-lam-diu-da-kho-rat-aricamun-face-serum/1732790830748173419
1568,Sữa Dưỡng Ẩm CETAPHIL Moisturising dành cho da nhạy cảm 237ml,VN,medicare.vn,7.0,0,0.0,342.661,VND,sensitive skin moisturizer,https://shop.tiktok.com/vn/pdp/sua-duong-am-cetaphil-cho-da-nhay-cam-237ml-duong-am-bao-ve/1730698342913247481
1569,[SALE] Toner Bielenda Good Skin - Acid Peel Micro-Exfoliating Face Toner 200ml,VN,TOPTOTOESVN,7.0,0,0.0,183.624,VND,exfoliating toner,https://shop.tiktok.com/vn/pdp/toner-bielenda-good-skin-200ml-duong-da-lam-sang-da/1731670395643594748
1570,Golden Hyaluronic Acid Essence Moisturizing Brightening 24K Gold Hyaluronic Essence Serum 100ml Essens Asid Hialuronik Emas Melembapkan Mencerahkan,MY,rko.cantik,7.0,5,2.0,4.90,MYR,hyaluronic acid serum,https://shop.tiktok.com/my/pdp/asid-hialuronik-emas-100ml-senana-melembapkan-mencerahkan/1729590111470519980
1571,"COD Collagen 701 Cream Day Night for improves skin elasticity, reduces wrinkles, and provides deep hydration",MY,Black Beauty,7.0,0,0.0,11.90,MYR,collagen cream,https://shop.tiktok.com/my/pdp/cod-collagen-701-cream-anti-aging-hydrating-brightening/1734407771423736873
1572,AXIS-Y Dark Spot Correcting Glow Cream 50ml,MY,Watsons Malaysia,7.0,5,1.0,80.64,MYR,dark spot corrector,https://shop.tiktok.com/my/pdp/krim-gel-wajah-anti-bintik-hitam-axis-y-50ml-melembapkan/1730802567072875894
1573,BSC cosmetology vitamin brightening serum,MY,V&K OnlineShop,7.0,0,0.0,23.00,MYR,brightening serum,https://shop.tiktok.com/my/pdp/serum-pencerah-kulit-dengan-vitamin-c-e-untuk-kecantikan/1733259338761471960
1574,dark circle remover Mata panda    bag  Anti Aging   anti wrinkle  20g Fade Dark Circles lubricating cleaner  various skin essence retinol kulit  kusam muka krim  hilangkan  the originote eye cream  eye  cream seoul  retinol  eye  cream,MY,LEE HON LOONG,7.0,5,1.0,10.83,MYR,eye cream dark circle,https://shop.tiktok.com/my/pdp/krim-mata-anti-penuaan-penghilang-lingkaran-hitam-30g/1732324748180293166
1575,Silk and Fabric Compressed Facial Mask Paper,MY,New Beauty Secret,7.0,5,2.0,11.20,MYR,face mask sheet,https://shop.tiktok.com/my/pdp/topeng-muka-kompres-sutera-fabrik-ringan-mudah-dibawa/1732081631361468185
1576,UFORA SUNSCREEN SPF 50 Spf50 Skincare,MY,SyaheeraMustaqim,7.0,4,1.0,37.00,MYR,sunscreen spf50,https://shop.tiktok.com/my/pdp/ufora-sunscreen-spf-50-perlindungan-uv-maksimum-tidak-melekit-sesuai-untuk-semua-jenis-kulit-nurfell/1729508690657774243
1577,Skinvigorate S onic Cleansing Brush,MY,Prettyprettylook,7.0,5,1.0,83.00,MYR,clean beauty/facial cleansing brush,https://shop.tiktok.com/my/pdp/skinvigorate-sonic-cleansing-brush-untuk-pembersihan-muka/1729608929682950982
1578,Bella park foundation new look,MY,mawarshope6482,7.0,5,2.0,29.71,MYR,makeup foundation,https://shop.tiktok.com/my/pdp/bella-park-foundation-spf25-tekstur-ringan-dewy-finish/1729742163279906629
1579,"[Heimish RX] Hyaluronic Acid Hydrating Serum (35ml / 1.1oz) - Hyaluronic Acid, Deep Hydration & Moisture Barrier Support, All Skin Type, Skincare#SeptemberStockUp",US,heimish US,6.0,0,0.0,20.99,USD,hyaluronic acid serum,https://shop.tiktok.com/us/pdp/heimish-rx-hyaluronic-acid-hydrating-serum-35ml-deep-hydration/1731402073381835340
1580,"SKIDNRYKA 10-in-1 Collagen Blend Firming & Lifting Facial Massage Cream (2-Bottle Pack) with Hyaluronic Acid, Retinol - Anti Wrinkle Daily Facial Moisturizer, Deep Hydrating, Radiant Hydrated, Non-Greasy, Quick-Absorbing, Skin-Nourishing for Adults",US,Glam Box A,6.0,0,0.0,9.30,USD,collagen cream,https://shop.tiktok.com/us/pdp/skidnryka-10-in-1-firming-face-cream-non-greasy-moisturizing/1732511760265547825
1581,Blackhead removal tool silicone facial scraper skin scrub facial scraper nose blackhead remover for deep cleansing skin care tool for men and women (green),US,BloomPop Labs,6.0,3,2.0,3.60,USD,blackhead remover,https://shop.tiktok.com/us/pdp/blackhead-remover-set-silicone-scraper-anti-slip-handle/1731313865337246249
1582,"75g ATOANY Butter Moisturizing Stick. This butter-based moisturizing cream leaves skin soft and supple, suitable for sensitive skin and daily skincare.",US,GBS BIO,6.0,5,1.0,7.46,USD,sensitive skin moisturizer,https://shop.tiktok.com/us/pdp/75g-atoany-butter-moisturizing-stick-hydrating-for-sensitive-skin-solid-alcohol-free-daily-skincare/1732071427661403003
1583,MERRY LAB Vitamin C Serum : เเบบซอง,TH,themerry,6.0,0,0.0,57.00,THB,vitamin c serum,https://shop.tiktok.com/th/pdp/merry-lab-vitamin-c-serum-eba-sbay-phiw-samhrab-phiw-aehng-esiy-fuenfu-phiw/1731821135838677895
1584,Cerave Hydrating Hyaluronic Acid Serum เซราวี ไฮเดรติ้ง ไฮยาลูรอนิค แอซิด เซรั่ม [30 ml.],TH,Health-Express,6.0,0,0.0,726.00,THB,hyaluronic acid serum/hydrating serum,https://shop.tiktok.com/th/pdp/es-ram-aih-ya-lu-ro-nikh-esra-wi-khwd-30-ml-chwy-aih-phiw-chumchuen/1730478384505064076
1585,ผลิตภัณฑ์บำรุงผิวหน้า KO RICH Ceramide Glassy Creamy เคโอ ริช เซราไมด์ กลาสซี่ ครีมมี่,TH,MeYoungShop,6.0,0,0.0,177.00,THB,ceramide cream,https://shop.tiktok.com/th/pdp/ko-rich-esra-ai-md-khrim-mi-bamrung-phiwhna-30-ml-sar-skad-thrrmchati-phiw-chumchuen-phlitphanth-khongaeth-100/1732298980342925823
1586,"Niacinamide 10% + TXA 4% เซรั่มแก้ไขจุดด่างดำ, 30ml, ประกอบด้วยกรดทรานซามิก, เหมาะสำหรับรอยหลังการเกิดสิว, รอยแผลเป็นจากสิว, การสร้างเม็ดสีที่เพิ่มขึ้นและสีผิวที่สม่ำเสมอ, ปราศจากน้ำหอม, ซื้อ 1 แถม 1 โปรโมชั่นฟรี",TH,Make up for U,6.0,0,0.0,89.70,THB,tranexamic acid serum,https://shop.tiktok.com/th/pdp/1731229005700434630
1587,"Advanced Snail 96 Mucin Power Essence 100ml สารสกัดเข้มข้น เพิ่มความชุ่มชื้น COSRX,",TH,มีเสน่ห์และมีชีวิตชีวา,6.0,0,0.0,264.00,THB,snail mucin essence,https://shop.tiktok.com/th/pdp/es-ram-hoy-thak-96-mu-si-n-phawewor-oi-esn-s-100ml-chak-cosrx/1731356765825698033
1588,โบทาแกนิค เซ็นเทลล่า แอนด์ เมก้า มาชรูม ซีรั่ม 12 ก. BOTAGANIC CENTELLA & MUSHROOM SERUM,TH,Fujicream,6.0,5,1.0,23.00,THB,centella serum,https://shop.tiktok.com/th/pdp/es-ram-fuen-bamrung-phiw-centella-mushroom-serum-12g-chak-fujicream/1730168794264471927
1589,ACNEQ - Acne Dressing - ACNE SPOT & TREATMENT สกินแคร์ บำรุงหน้า,TH,EVEANDBOY TH,6.0,0,0.0,139.00,THB,acne treatment,https://shop.tiktok.com/th/pdp/1729692570586417539
1590,Axis-Y Dark Spot Correcting กู้รอยสิว 1 ชิ้น,TH,Hi Beauty Thailand,6.0,0,0.0,476.00,THB,dark spot corrector,https://shop.tiktok.com/th/pdp/axis-y-dark-spot-correcting-khrim-aekaikh-chud-ekhm-1-chin-ld-elueon-chuddang-dam-bn-aibhna-bamrung-phiw-eriyb-eniyn-phlitphanth-duael-phiw/1732106964115753675
1591,2-Step Barrier Repair Set – Bio Peptide 5X Serum & Ceramide Repair Cream,TH,SHIK BEAUTY,6.0,0,0.0,726.00,THB,barrier repair cream,https://shop.tiktok.com/th/pdp/shik-beauty-2-step-barrier-repair-set-bio-peptide-ceramide/1734426781697279021
1592,[แพ็คคู่ มอยส์เจอไรเซอร์ ผิวแห้ง เติมความชุ่มชื้น] MAHIRA First Barrier Facial Moisturizer x2 ครีมบำรุงผิวหน้า 6x Ceramide Complex เสริมเกราะป้องกันผิว Skin Barrier เหมาะกับทุกสภาพผิว,TH,Mahira First skin barrier  มหิรา สกินแคร์โดยเภสัช,6.0,0,0.0,"1,823.00",THB,barrier repair cream,https://shop.tiktok.com/th/pdp/1737553767002440711
1593,AMADO FACE Premium 24K Gold Collagen Anti-Aging Serum  (1 ขวดใหญ่) -แถมกระเป๋าย่าม /100ml ต่อขวด,TH,Amado.office,6.0,5,1.0,561.00,THB,anti aging serum,https://shop.tiktok.com/th/pdp/amado-face-si-ram-collagen-24k-gold-anti-aging-serum-khnad-100ml/1731562618379733449
1594,The Original Dark Circle Eye Serum 15ml ดิออริจินัล ดาร์ค เซอร์เคิล อาย เซรั่ม,TH,FulFill Plus,6.0,0,0.0,135.00,THB,eye cream dark circle,https://shop.tiktok.com/th/pdp/es-ra-ml-dr-oy-khlam-ait-ta-15ml-samhrab-phuhying-sutr-edim-chak-aithy/1729813294446382057
1595,AA_241 Ashley อุปกรณ์สำหรับกดสิว PREMIUM COSMETIC BLACKHEAD Remover ใช้สำหรับกดสิว - กดสิวออกง่าย - ไม่บาดผิว - ลดการเกิดรอย,TH,EL COSMETICS01,6.0,0,0.0,76.00,THB,blackhead remover,https://shop.tiktok.com/th/pdp/oupkrn-kd-siw-aa-241-ashley-samhrab-kd-siw-ld-roy-aim-bad-phiw/1729616840732805728
1596,โลชั่นโลเซีย กิฟฟารีน โรเซีย บอดี้โลชั่น ขวดใหญ่จุใจ บำรุงผิวให้เนียนนุ่มน่าสัมผัส 500 มล.,TH,ร้านแม่กาญ,6.0,4,1.0,216.00,THB,body lotion,https://shop.tiktok.com/th/pdp/olchan-ol-es-iy-olchan-thnom-phiw-dwy-kuhlab-aela-namman-oalmond-500-ml/1729568243165137070
1597,โลชั่นไวท์เวย์,TH,สาวสาว บิวตี้ช็อป,6.0,5,2.0,143.00,THB,body lotion,https://shop.tiktok.com/th/pdp/olchan-aiwth-ewy-100-400-ml-chwy-aih-phiwkhaw-krachang-ais/1729475883258644733
1598,HAUM Anti-Hair Loss Scalp Therapy Shampoo แชมพูลดผมร่วงสูตรอ่อนโยนจากเกาหลี,TH,Haum Thailand,6.0,0,0.0,"1,614.00",THB,hair loss shampoo,https://shop.tiktok.com/th/pdp/1733552625918642015
1599,Eucerin Dermo Capillaire RE-Vitalizing Shampoo Thinning Hair 250ml. (ยูเซอรินแชมพู ลดผมขาดร่วง),TH,pharmacarePlus.Rx,6.0,0,0.0,629.00,THB,hair loss shampoo,https://shop.tiktok.com/th/pdp/eucerin-dermo-capillaire-es-lf-er-fiwchan-ning-cham-pu-samhrab-esn-phmbang-250ml/1729739848263109132
1600,Serum Vitamin C DrCeutics 40ml - 4Beauty,VN,4 BEAUTY COSMETICS,6.0,5,2.0,423.515,VND,vitamin c serum,https://shop.tiktok.com/vn/pdp/serum-vitamin-c-drceutics-30ml-chong-lao-hoa-lam-sang-da/1729622447395080779
1601,"Biolumin-C Serum Dermalogica - Tinh chất Vitamin C với hiệu quả làm sáng gấp 3 lần, siêu cô đặc và thẩm thấu nhanh",VN,Ánh Loan Dermalogica,6.0,0,0.0,4.047.226,VND,vitamin c serum,https://shop.tiktok.com/vn/pdp/1730780368387082340
1602,[TEM CÔNG TY] Serum HA Dưỡng Ẩm Và Phục Hồi Da LaBonita Vital Hyaluronic Acid Serum 50ml,VN,Love Beauty Love Skin,6.0,5,1.0,306.886,VND,hyaluronic acid serum,https://shop.tiktok.com/vn/pdp/serum-ha-duong-am-phuc-hoi-da-labonita-50ml-tich-hoat/1729713698811775725
1603,Kem Ceramide Cấp Nước Ahohaw Shining Water Cream Căng Bóng Làn Da,VN,Chipram Cosmetics Store,6.0,0,0.0,782.477,VND,ceramide cream,https://shop.tiktok.com/vn/pdp/kem-ceramide-cap-nuoc-ahohaw-shining-water-cream-80g-200g/1729596485332142762
1604,Serum sáng da IntelDerm 3% Chuyên cấp ẩm phục hồi và mờ thâm nám Tranexamic Acid Serum 30ml Skincare Trà,VN,DrHcosmetics,6.0,0,0.0,713.711,VND,tranexamic acid serum,https://shop.tiktok.com/vn/pdp/serum-sang-da-intelderm-3-cap-am-phuc-hoi-mo-tham-nam-30ml/1731147265822395221
1605,"2 KEM DƯỠNG MỊN COLLAGEN , GIÚP PHỤC HỒI DA, GIẢM MỤN, LỖ CHÂN LÔNG TO, DA KHÔNG ĐỀU MÀU, DA NÁM, SẠM, TÀN NHANG",VN,Ngọc Chúc Kiên Giang,6.0,0,0.0,189.242,VND,collagen cream,https://shop.tiktok.com/vn/pdp/kem-duong-da-collagen-giam-mun-lo-chan-long-to-lam-trang-da/1731883925000782987
1606,[KOL] Toner Giúp Hỗ Trợ Làm Sạch Sâu Lỗ Chân Lông Be The Skin BHA+ Pore Zero Toner 150ml,VN,BE THE SKIN Vietnam,6.0,0,0.0,347.757,VND,pore care toner,https://shop.tiktok.com/vn/pdp/toner-be-the-skin-bha-pore-zero-150ml-duong-da-lam-mo-nep-nhan/1732007375359347195
1607,Tinh Chất Serum SUPER  BRIGHTENING ESSENCE Hỗ Trợ Dưỡng Da Trắng Sáng 30ml,VN,Hân Comesstic,6.0,0,0.0,140.641,VND,brightening serum,https://shop.tiktok.com/vn/pdp/tinh-chat-brightening-essence-30ml-duong-da-trang-sang-mo-tham-sam-cung-cap-am-uc-che-melanin/1733052781369001205
1608,Serum Dưỡng Thể Vaseline Chống Nắng Healthy Bright Daily Protection & Brightening Serum SPF 50+ PA++++ 300ml (Mới),VN,SunShine Beauty VN,6.0,0,0.0,181.295,VND,brightening serum,https://shop.tiktok.com/vn/pdp/serum-vaseline-chong-nang-spf-50-duong-sang-da-300ml/1731285858027734321
1609,YAKA Whitening & Moisturizing Serum – Serum làm trắng & Cấp ẩm phục hồi da,VN,BEBECO COSMETIC,6.0,0,0.0,514.235,VND,hydrating serum,https://shop.tiktok.com/vn/pdp/serum-lam-trang-da-cap-am-yaka-chua-niacinamide-bakuchiol/1730190159867185430
1610,"￼[ Tặng 1 nạ ] Tinh chất giảm nếp nhăn Mắt Dark Circle Eye Cream - giảm quầng thâm, nếp chân chim 15ml.",VN,Nguyen Nhung DMP,6.0,0,0.0,396.242,VND,eye cream dark circle,https://shop.tiktok.com/vn/pdp/kem-duong-trang-da-ban-dem-maxclinic-50g-voi-melatonin-5/1731098377161640699
1611,"Tinh chất giảm nếp nhăn Mắt Dark Circle Eye  Pharmaform Cream - giảm quầng thâm, nếp chân chim 15ml",VN,DƯỢC MỸ PHẨM 5K,6.0,0,0.0,409.450,VND,eye cream dark circle,https://shop.tiktok.com/vn/pdp/kem-duong-mat-dark-circle-eye-giam-quang-tham-nep-nhan/1731989967658910769
1612,Tinh Chất Ủ Giảm Mụn Đầu Đen Jumiso Blackhead Melting Softener Special Kit Giúp Loại Bỏ Bả Nhờn - 150ml,VN,Pure-Beauty,6.0,4,1.0,390.355,VND,blackhead remover,https://shop.tiktok.com/vn/pdp/tinh-chat-giam-mun-dau-den-jumiso-duong-da-lam-sach-lo-chan-long/1731422303917540958
1613,Ủ Mũi Xử Lý Mụn Đầu Đen Removes BlackHeads mẫu mới 2022 Mụn đầu đen,VN,HẠ CHI cosmetic,6.0,0,0.0,93.995,VND,blackhead remover,https://shop.tiktok.com/vn/pdp/u-mui-xu-ly-mun-dau-den-2022-chong-mun-dau-den-hieu-qua/1729635562035579534
1614,Mặt Nạ Dưỡng Môi - Tẩy Tế Bào Chết Tocobo Lip Mask 20ml,VN,Pure-Beauty,6.0,0,0.0,249.102,VND,lip mask,https://shop.tiktok.com/vn/pdp/tay-te-bao-chet-duong-am-moi-vitamin-e-oliu-lanh-manh/1731660857979472478
1615,[Fullsize 30ml ] Kem nền Gesgep Liquid Filter Foundation,VN,Nomakeupshame,6.0,0,0.0,757.936,VND,makeup foundation,https://shop.tiktok.com/vn/pdp/kem-nen-gesgep-liquid-filter-30ml-che-phu-hieu-qua-duong-da/1732042734645642442
1616,"KEM Ruem dưỡng trắng da, chống nắng, nâng tone",VN,Hương nổi korean,6.0,0,0.0,892.580,VND,korean skincare,https://shop.tiktok.com/vn/pdp/set-ruem-toner-kem-duong-trang-da-chong-nang-nang-tone/1732501610532865342
1617,【Buy One Get One Free】Medicube PDRN Pink Peptide Serum 30ML cod,MY,MYLCUNLH2H,6.0,0,0.0,46.00,MYR,peptide serum,https://shop.tiktok.com/my/pdp/serum-peptida-merah-jambu-30ml-untuk-kulit-cerah-elastik/1732566674256332563
1618,Whitening body cream collagen skin day and night 250+250g,MY,ELYNN SHOP ONLINE,6.0,4,1.0,33.55,MYR,collagen cream,https://shop.tiktok.com/my/pdp/krim-badan-pemutih-collagen-250g-perawatan-siang-malam/1732077046163080424
1619,cream collagen cream siyang & cream malam & sop,MY,SABENA BEAUTY CARE,6.0,5,1.0,9.14,MYR,collagen cream,https://shop.tiktok.com/my/pdp/krim-kolagen-collagen-krim-malam-krim-siang-perbaiki-kulit/1731166579054249317
1620,CLEAR PROOF ACNE,MY,SDhunny,6.0,0,0.0,74.00,MYR,acne treatment,https://shop.tiktok.com/my/pdp/clear-proof-acne-penyelesaian-jerawat-berkesan-jaminan-kulit-bersih/1729453237825735332
1621,【Ready stock】eye cream dark circle remover eye cream anti aging eye bag remover fat granule Brightening Eye essence moisturizing Lifting Firming Anti Wrinkle Moisturizing Repairing dark circle eyebag treatment ye Contour Skin Lifting Eyelid,MY,Vogue Like,6.0,0,0.0,17.20,MYR,eye cream dark circle,https://shop.tiktok.com/my/pdp/krim-mata-penghilang-cincin-gelap-kantung-mata-pelembab/1732402187476174015
1622,Electric Blackhead Removal With 3 Level Suction 4 Care Heads Pore Cleaner Machine Acne Remover Blackhead Remover,MY,ComfirmReadyStock,6.0,5,1.0,24.00,MYR,blackhead remover,https://shop.tiktok.com/my/pdp/penghapus-bintik-hitam-elektrik-3-tahap-sedutan-mudah-alih/1732925588747093384
1623,"Losyen Badan Kapasiti Besar 500ml untuk Kulit Kering, Melembapkan & Mencerahkan//Perfume Body Lotion 500ml - Brightening & Hydrating for Smooth Skin",MY,Sherry's store,6.0,5,3.0,6.68,MYR,body lotion,https://shop.tiktok.com/my/pdp/1733758786861958496
1624,"[Beauty of Joseon] Koleksi / Ginseng Essence, Ginseng Serum, Rice Serum, Green Tea Serum, Ginseng Eye Cream, Rice Suncream Skincare Soap",MY,Kissable Skin2,6.0,0,0.0,15.40,MYR,korean skincare,https://shop.tiktok.com/my/pdp/koleksi-skincare-korea-ginseng-beras-untuk-kulit-sihat/1729788646006228636
1625,new fresh and white beauty cream,MY,rahman global,6.0,0,0.0,15.00,MYR,clean beauty,https://shop.tiktok.com/my/pdp/krim-kecantikan-baru-segar-dan-putih-untuk-kulit-sihat/1731011400830912216
1626,CLEANSING BALM OBSES COSMETIC SKIN,MY,MY BEAUTIFULL,6.0,0,0.0,19.40,MYR,clean beauty,https://shop.tiktok.com/my/pdp/cleansing-balm-obses-cosmetic-3-perisa-untuk-kulit-sihat-melembapkan-dan-menyegarkan/1729628660727711687
1627,"Tools for Blackhead Removal - Blackhead Remover, 4 color options, gentle facial pore cleanser for blackheads, Pore Scrubbing Brush, manual skin care brush with textured surface, light green handle, easy to hold, pore cleaning accessories",US,Lune Beauty,5.0,0,0.0,3.58,USD,blackhead remover,https://shop.tiktok.com/us/pdp/tools-for-blackhead-removal-gentle-facial-pore-cleanser/1729507509309314144
1628,"ECO FINEST Hydrating Sheer Facial Sunscreen SPF50 PA+++ 50ml - Lightweight, Matte, No White Cast, Makeup Primer, Smooth, Flawless Daily UV Defense Cleanser for Sensitive Skin",US,AKBAN HairCare,5.0,0,0.0,6.99,USD,sunscreen spf50,https://shop.tiktok.com/us/pdp/eco-finest-hydrating-sunscreen-spf50-pa-50ml-x-2-light/1732306286053003562
1629,Black glasses,US,kaliaz klozet,5.0,0,0.0,2.00,USD,glass skin,https://shop.tiktok.com/us/pdp/square-framed-glasses-by-unbranded-black-eyewear-for-daily-use/1729397568793580326
1630,Post Treatment Repair Cream,US,VI Peel,5.0,0,0.0,28.00,USD,post procedure skincare,https://shop.tiktok.com/us/pdp/post-treatment-repair-cream-with-hydrocortisone-botanicals/1732062334039724445
1631,ดูจบจะตกใจ！【ซื้อ 2 แถม 1】Glad2Glow Peach Retinol Moisturizer  เรตินอล ครีม มอยเจอไรเซอร์เรตินอลเพื่อผิวอ่อนเยาว์ 30กรัม,TH,Glad2GlowThai.Beauty,5.0,0,0.0,163.00,THB,retinol cream,https://shop.tiktok.com/th/pdp/1734580884276545043
1632,เซราไมด์ เคโอริช Ceramide Glassy Creamy Korich,TH,Sun93shop,5.0,0,0.0,608.00,THB,ceramide cream,https://shop.tiktok.com/th/pdp/esra-ai-md-ekh-oor-ich-ceramide-cream-bamrung-phiwhna-aela-kho-aich-pracham-echa-kon-non/1729997795113601828
1633,T'else Black Bean Ceramide Cream 50 ml,TH,Dermskintech,5.0,0,0.0,653.00,THB,ceramide cream,https://shop.tiktok.com/th/pdp/khrim-namman-emd-dam-t-else-khnad-50-ml-bamrung-phiw-chumchuen-yawnan/1732408705340507625
1634,Anua 10+ Azelaic acid 10 Hyaluron Redness Soothing Serum 30 ml,TH,Ei Ei Mon Beauty Zone,5.0,0,0.0,"1,274.00",THB,azelaic acid,https://shop.tiktok.com/th/pdp/1734646597199234611
1635,【PORCOPE】โทนเนอร์ เพิ่มความกระจ่างใสและบำรุงผิว ความชุ่มชื้นและให้ความชุ่มฉ่ำแก่ผิว 100ML,TH,PORCOPE,5.0,5,1.0,567.00,THB,pore care toner,https://shop.tiktok.com/th/pdp/1734047332113417696
1636,Freyja Skin Barrier Booting Cream ครีมบำรุงผิวหน้า สำหรับผิวบอบบาง ช่วยเสริมสร้างเกราะป้องกันผิว,TH,FreyjaPeau,5.0,5,1.0,437.00,THB,barrier repair cream,https://shop.tiktok.com/th/pdp/freyja-skin-barrier-booting-cream-khrim-bamrung-phiwhna-samhrab-phiw-bobbang/1730548804993255535
1637,FACELABS SET PRE-AGING DUO ล็อกความอ่อนเยาว์ X2 YOUTH ESSENCE & YOUTH SERUM ผสานพลังความเข้มข้น ลดเลือนริ้วร้อยก่อนวัย ดูแลผิวให้แข็งแรงและกระชับ,TH,Facelabs Thailand,5.0,0,0.0,680.00,THB,anti aging serum,https://shop.tiktok.com/th/pdp/1734239996607759439
1638,[สินค้าแท้ ราคาพิเศษ]Brightening Sunscreen Serum SPF50+ PA++++ | UV Protection & Glow Care 50ml.,TH,Εucerino Τhailand.tk,5.0,0,0.0,154.00,THB,brightening serum,https://shop.tiktok.com/th/pdp/1736297951304385889
1639,[สินค้าขายดี] Dermalogica Circular Hydration Serum 10ml / 30ml ซีรั่มบำรุงผิวให้ชุ่มชื้นยาวนาน,TH,Dermalogica th,5.0,5,1.0,"4,381.00",THB,hydrating serum,https://shop.tiktok.com/th/pdp/1733293839859352873
1640,Eucerin UltraSENSITIVE Repair cream 50ml ยูเซอริน อัลตร้าเซนซิทีฟ ครีม บำรุงผิวหน้า ผิวแพ้ง่าย,TH,vitaminxpress,5.0,5,1.0,"1,879.00",THB,sensitive skin moisturizer,https://shop.tiktok.com/th/pdp/eucerin-ultrasensitive-khrim-namhom-50ml-sutr-wiess-samhrab-phiw-bobbang/1729576580268394926
1641,แผ่นมาส์กหน้า 13 สูตร Sakura Facial Mask Sheet,TH,Besties Beauty,5.0,5,4.0,13.00,THB,face mask sheet,https://shop.tiktok.com/th/pdp/aephn-mas-kh-na-sakura-13-sutr-maekhueoeths-namnm-mangkhud-sm/1731417008285778964
1642,กันแดดพลังสูงและป้องกันรังสียูวี  SPF50 PA50 ผิว Skincare สกินแคร์,TH,CC Cream Sunisa,5.0,0,0.0,70.00,THB,sunscreen spf50,https://shop.tiktok.com/th/pdp/kanaedd-phlang-sung-spf50-pa50-pkpong-phiw-chak-rangsi-yuwi-samhrab-skincare/1730276412293614242
1643,SIGHTFUTURE - SymWhite 377 Brightening Body Lotion 200 กรัม โลชั่น 377 บำรุงผิวกาย บางเบา ไม่เหนียวเหนอะหนะ เซรั่ม 377 โลชั่นทาผิว บอดี้โลชั่น โลชั่นผิวใส ผิวแห้ง ผิวไม่สม่ำเสมอ โลชั่นผิวกาย โลชั่นบำรุงผิว  โลชั่นทาตัว,TH,SIGHTFUTURE TH,5.0,5,1.0,439.00,THB,body lotion,https://shop.tiktok.com/th/pdp/1736894922519053548
1644,￼Mediheal-Panteno Lips Sleeping Mask 10ml.,TH,Beautiful08 สถานีความงามครบวงจร,5.0,0,0.0,314.00,THB,lip mask,https://shop.tiktok.com/th/pdp/mas-kn-on-hlab-rimfipak-panteno-10ml-chak-mediheal-ehmaasamhrab-phuhying-aela-phuchay/1731349357777028388
1645,มิสทิน SPOTLIGHT  MAKE  UP  BASE,TH,Fridayofficialshop,5.0,0,0.0,141.00,THB,makeup foundation,https://shop.tiktok.com/th/pdp/spotlight-ma-kho-p-bi-s-chak-aebrnd-mistine-sinkha-aihm-lasud/1730094193251486651
1646,Glass Skin Dual Repair (  Serum +  Intensive ) ผิว X2 สกินแคร์,TH,Glassskinofficial,5.0,0,0.0,"1,901.00",THB,glass skin,https://shop.tiktok.com/th/pdp/es-ram-fuenfu-phiwhna-song-khang-serum-intensive-es-ram-bamrung-phiwhna-samhrab-phuhying/1730068776205060966
1647,New Skiin Sleeping Cream สลีปปิ้งครีม 100g made in Korea Moisturizer มอยส์เจอร์ไรเซอร์,TH,Bkk beauty shop,5.0,0,0.0,396.00,THB,korean skincare,https://shop.tiktok.com/th/pdp/new-skiin-sleeping-cream-100g-chak-ekahli-enueo-aemk-nu-ch-samhrab-phiwhna-aela-rob-dwngta/1731313223015630177
1648,BSC Pure Care VEGAN SUNSCREEN SPF50+ PA++++ 25g. ครีมกันแดด จำนวน 1 ชิ้น,TH,ICCSHOPPING,5.0,5,1.0,318.00,THB,vegan skincare,https://shop.tiktok.com/th/pdp/bsc-pure-care-vegan-sunscreen-spf50-pa-25g-kanaedd-samhrab-phuhying/1730681202746624189
1649,"Scar gel, keloids and postoperative scars, acne",TH,QUSTERE TH STORE,5.0,0,0.0,289.00,THB,post procedure skincare,https://shop.tiktok.com/th/pdp/echl-ld-royaephl-epn-suemsab-lamluek-bamrung-aela-skad-riwroy-eka-ehmaasamhrab-phiwhna-swn-tang/1732462210514847417
1650,"COCORO - Post Partum Set - Cool Anti, Cool Collagen, Expert - ดูแลผิวหลังคลอด",TH,COCORO TOKYO,5.0,0,0.0,"2,583.00",THB,post procedure skincare,https://shop.tiktok.com/th/pdp/1734411221539783775
1651,"Toner Compliment No Problem Salicylic Acid 200ml - Làm Sạch Sâu, Kiểm Dầu, Giảm Mụn Cho Da Hỗn Hợp & Nhạy Cảm",VN,Mỹ Phẩm Anh Tài,5.0,0,0.0,110.258,VND,salicylic acid cleanser,https://shop.tiktok.com/vn/pdp/1730165680307275994
1652,Tinh Chất Jumiso Snail Mucin 95+ Peptide Facial Essence - Women Nữ Dưỡng Ẩm Da,VN,Juka Beauty Shop,5.0,0,0.0,406.783,VND,snail mucin essence,https://shop.tiktok.com/vn/pdp/tinh-chat-jumiso-snail-mucin-95-peptide-facial-essence-duong-am-da-mat/1729961728323652365
1653,KEM LÀM SÁNG DA CẢI THIỆN MỤN TRỨNG CÁ 15G ( SKIN BEAUTY AP),VN,NT LONG CHÂU SÀI GÒN 2,5.0,0,0.0,217.686,VND,acne treatment,https://shop.tiktok.com/vn/pdp/kem-lam-sang-da-cai-thien-mun-trung-ca-15g-duong-am-ngan-mun/1731814481746953937
1654,GEL CHẤM NỐT RUỒI,VN,MỸ PHẨM KIM ANH 1,5.0,0,0.0,59.864,VND,acne treatment,https://shop.tiktok.com/vn/pdp/gel-cham-not-ruoi-mun-hieu-qua-duong-da-lam-sach-lo-chan-long/1729851051104634898
1655,Tinh Chất Brightenyl Serum Advanced Brightening Complex 30ml Serum MD CARE Hỗ Trợ Cấp Ẩm Giúp Cải Thiện Da Không Đều Màu,VN,Hằng Luna,5.0,5,1.0,473.628,VND,brightening serum,https://shop.tiktok.com/vn/pdp/tinh-chat-brightenyl-serum-30ml-duong-sang-lam-mo-nam/1732833873783457572
1656,Nước Hoa Hồng Dưỡng Ẩm Dành Cho Da Nhạy Cảm Sensibio Bioderma 250Ml,VN,Guardian Store,5.0,0,0.0,443.909,VND,sensitive skin moisturizer,https://shop.tiktok.com/vn/pdp/nuoc-hoa-hong-duong-am-sensibio-bioderma-250ml-cho-da-nhay-cam-lam-diu-va-can-bang-ph-sang-va-de-chi/1729725385318828072
1657,Máy rửa mặt Emmié By Happyskin Premium Facial Cleansing Brush Sonic EX,VN,Long Hưng Beauty,5.0,0,0.0,964.845,VND,facial cleansing brush,https://shop.tiktok.com/vn/pdp/may-rua-mat-soniex-emmie-by-happyskin-silicone-an-toan-chong-nuoc-ipx7/1731063029985086354
1658,Bàn chải silicone rửa mặt tẩy tế bào chết loại bỏ mụn đầu đen cầm tay mềm mại,VN,Peachcocovn,5.0,5,1.0,24.069,VND,facial cleansing brush,https://shop.tiktok.com/vn/pdp/ban-chai-silicon-rua-mat-tay-te-bao-chet-lam-diu-da/1731929267130566603
1659,Combo serum Niacinamide 20% +Kem chống nắng chăm sóc da mụn vitamin e Skincare Toner,VN,Chuyên Kua KOREA,5.0,5,3.0,412.395,VND,korean skincare,https://shop.tiktok.com/vn/pdp/combo-serum-niacinamide-20-kem-chong-nang-vitamin-e-cho-da-mun/1730393441044892616
1660,sữa rửa mặt,VN,mỹ phẩm sạch Thanh Thảo,5.0,5,1.0,148.657,VND,clean beauty,https://shop.tiktok.com/vn/pdp/sua-rua-mat-sach-sau-loai-bo-tap-chat-thoang-lo-chan-long/1729603758735788345
1661,( Tặng Nạ ) COMBO DƯỠNG PHỤC HỒI DA SAU PEEL SERUM CẤP ẨM  + KEM DƯỠNG TÍA TÔ,VN,NguyễnKim94,5.0,5,2.0,161.858,VND,post procedure skincare,https://shop.tiktok.com/vn/pdp/combo-duong-phuc-hoi-da-sau-peel-serum-cap-am-kem-duong/1734936319698633831
1662,Vitamin C serum 561 100ml Korea,MY,Meow Meow Shop malaysia,5.0,5,1.0,60.00,MYR,vitamin c serum,https://shop.tiktok.com/my/pdp/serum-vitamin-c-561-100ml-dari-korea-untuk-kulit-sihat/1729659522590475922
1663,COSRX The Ceramide Skin Barrier Moisturizing Mist 120ml,MY,COSRX Malaysia - GLAMPICK,5.0,5,1.0,90.90,MYR,ceramide cream,https://shop.tiktok.com/my/pdp/1734380475138344538
1664,Tranexamic Acid 3% Serum (Skin Lightener),MY,SoapLab Malaysia DIY Skincare,5.0,5,2.0,72.00,MYR,tranexamic acid serum,https://shop.tiktok.com/my/pdp/serum-asid-traneksamik-3-oleh-soaplab-malaysia-cerahkan-kulit-kurangkan-kesan-jerawat-spf-50/1729619791126431940
1665,"COD 701 collagen 4IN1 toner+serum+cream for maximizes hydration, balances skin, treats specific concerns, and seals in moisture",MY,Prime Beauty,5.0,0,0.0,34.00,MYR,collagen cream,https://shop.tiktok.com/my/pdp/1734320046061946064
1666,Nouvelles toner Moisturizer 100ml,MY,Skincare Professional,5.0,5,1.0,31.80,MYR,pore care toner,https://shop.tiktok.com/my/pdp/nouvelles-toner-moisturizer-100ml-pelembap-pemeliharaan-kulit/1729539040333694666
1667,BSC Vitamin Brightening Serum 1 Pack 50 ml,MY,MM GROCERY & COSMETICS,5.0,0,0.0,19.00,MYR,brightening serum,https://shop.tiktok.com/my/pdp/1734338510497220032
1668,100g Blackhead Removal papaya extract Blackhead Remover Face Mask Peel-Off Acne Treatment Peeling Mask Deep Cleansing Shrink,MY,12333haircare,5.0,5,1.0,5.20,MYR,blackhead remover,https://shop.tiktok.com/my/pdp/topeng-muka-papaya-ekstrak-100g-untuk-kulit-bersih-bebas-jerawat/1730643208438121702
1669,[LAST STOCKS] THE FACE SHOP Ugly Lovely Mandarin Facial Sheet Mask (1 Pc),MY,THE FACE SHOP MY,5.0,0,0.0,7.66,MYR,face mask sheet,https://shop.tiktok.com/my/pdp/the-face-shop-mandarina-vegan-collagen-face-mask-untuk-kulit-kencang-lembap/1731375934365992248
1670,toner penanggal daki,MY,nahabbeautyshop,5.0,0,0.0,6.40,MYR,exfoliating toner,https://shop.tiktok.com/my/pdp/toner-penanggal-daki-hilangkan-kotoran-penyegar-kulit/1729482718675240736
1671,ufora face toner exfoliating,MY,mansya kosmetik global,5.0,0,0.0,28.10,MYR,exfoliating toner,https://shop.tiktok.com/my/pdp/toner-wajah-ufora-eksfoliasi-hilangkan-bumps-pori-kecil/1729749023269946976
1672,hair loss shampoo Hair growth shampoo Ginger shampoo 250ml,MY,QUSSD MALL,5.0,5,1.0,31.80,MYR,hair loss shampoo,https://shop.tiktok.com/my/pdp/shampu-pertumbuhan-rambut-jahe-250ml-untuk-semua-jenis-rambut/1731637962858137172
1673,Mini Wooden Facial Cleansing Brush for Deep Pore Cleaning and Skin Massaging,MY,LMDT,5.0,0,0.0,14.90,MYR,facial cleansing brush,https://shop.tiktok.com/my/pdp/berus-pembersih-muka-kayu-mini-pembersihan-dalam-por-mesra-alam-urutan-kulit/1729605439930796752
1674,[Korea Original] MQ Skin Ginseng Whitening Brightening Cream (Korean) Face Niacinamide Skincare,MY,Gogoshop2005,5.0,0,0.0,98.00,MYR,korean skincare,https://shop.tiktok.com/my/pdp/krim-pencerah-mq-skin-ginseng-serba-guna-niacinamide-membantu-regenerasi/1729432185572919535
1675,Seoul1988 Retinal Liposome 2% + Black Ginseng Serum 30ml korean facial retinol retinoid bakuchiol niacinamide korea aging dull kusam finelines wrinkles,MY,Kissable Skin,5.0,0,0.0,61.60,MYR,korean skincare,https://shop.tiktok.com/my/pdp/serum-seoul1988-retinal-liposome-2-ginseng-hitam-30ml-mengurangkan-garis-halus-mengatasi-penuaan-kul/1731703536712713868
1676,"[9.9 SPECIAL] Post-Acne Marks Set, KDC 35S + KDC SPF45",MY,Dr. Ko Skin Specialist,5.0,0,0.0,553.00,MYR,post procedure skincare,https://shop.tiktok.com/my/pdp/1737320560760161963
1677,"e.l.f. Ceramidin Ceramide Moisturizer Cream - Oat Ato Concentrate, Chamomilla Recutita Flower Water, Barrier Boost, Hydrating Face Neck Lotion for Sensitive & All Skin Types, Morning Night Use (Moisturizers & Mists)",US,Steals & Deals LLC,4.0,5,1.0,8.90,USD,ceramide cream,https://shop.tiktok.com/us/pdp/e-l-f-cosmetics-pure-skin-moisturizer-non-comedogenic/1732269109547536772
1678,Exosome Glow Serum & Azelaic Acid Duo,US,The INKEY List,4.0,0,0.0,54.60,USD,azelaic acid,https://shop.tiktok.com/us/pdp/exosome-glow-serum-azelaic-acid-duo-anti-aging-skincare/1732271762204299826
1679,"10% Niacinamide 4% Tranexamic Acid Serum | Anua Dark Spot Corrector Serum, Fade Hyperpigmentation, Glass Skin Brightening Facial Serum 1.01oz",US,TOPBUNNY PLUS,4.0,0,0.0,22.99,USD,tranexamic acid serum,https://shop.tiktok.com/us/pdp/1732517868246111212
1680,TT Tranexamic Acid 10 Serum,US,Dewology,4.0,4,1.0,21.00,USD,tranexamic acid serum,https://shop.tiktok.com/us/pdp/tt-tranexamic-acid-10-serum-brightening-for-dark-spots-hyaluronic-acid-niacinamide-for-even-skin-tone/1732433065027014781
1681,Tree To Tub Tranexamic Acid Serum – Hydrating Serum for Dark Spots & Uneven Skin Tone with Alpha-Arbutin & Hyaluronic Acid for All Skin Types,US,Tree To Tub Official,4.0,0,0.0,19.99,USD,tranexamic acid serum,https://shop.tiktok.com/us/pdp/tranexamic-acid-serum-by-tree-to-tub-hydrating-dark-spot-treatment/1730836471212970026
1682,"Yeast Collagen Eggshell Veil Anti-Wrinkle Moisturizer Cream - Smooth Wrinkles, Improve Roughness and Dullness",US,SADOER-BEAUTY,4.0,0,0.0,9.90,USD,collagen cream,https://shop.tiktok.com/us/pdp/yeast-collagen-eggshell-veil-cream-anti-wrinkle-moisturizing/1732616750265504295
1683,"Spot Check Dark Spot Remover - Niacinamide, Hyaluronic Acid, Lactic & Glycolic Acid Serum - Dark Spot Corrector for Face - 1 fl oz/30 ml",US,TRU ALCHEMY,4.0,4.1,118.0,35.00,USD,dark spot corrector,https://shop.tiktok.com/us/pdp/spot-check-dark-spot-remover-by-tru-alchemy-1-fl-oz-30-ml-serum/1729494586539807270
1684,"3 Counts  double-ended facial cleansing brush, skin-friendly material for daily facial cleansing use",US,Cuminspace,4.0,0,0.0,8.59,USD,facial cleansing brush,https://shop.tiktok.com/us/pdp/double-ended-silicone-facial-cleansing-brush-set-skin-friendly/1732293840628125868
1685,"Full coverage liquid foundation, lasting matte makeup effect, oil control, waterproof, sweat proof, Lightweight Natural Look, light medium tone, natural luster effect suitable for all skin types, Cosmetics Products, Soft Matte Foundation",US,Glamorous Eyes,4.0,5,1.0,3.48,USD,makeup foundation,https://shop.tiktok.com/us/pdp/julystar-liquid-foundation-matte-finish-oil-control-waterproof-sweat-proof-all-skin-types/1731832106018574702
1686,clean girl lash essentials,US,élan beauté & supplies,4.0,5,1.0,11.99,USD,clean beauty,https://shop.tiktok.com/us/pdp/clean-girl-lash-kit-hypoallergenic-essentials-99-99-value/1732296357716595645
1687,HM - THE RETINOL EYE CREAM,TH,BME SKINCARE,4.0,0,0.0,407.00,THB,retinol cream,https://shop.tiktok.com/th/pdp/khrim-bamrung-rob-dwngta-retinol-samhrab-phiwhna-khnad-25-ml-ehmaakab-thuk-sphaph-phiw/1731992521882174621
1688,ISNTREE Hyper Vitamin C 23 Serum 20ml  เซรั่มวิตามินซีเข้มข้น 23% เพื่อผิวดูกระจ่างใส สีผิวสม่ำเสมอ และเลือนความหมองคล้ำ,TH,Isntree TH,4.0,0,0.0,681.00,THB,vitamin c serum,https://shop.tiktok.com/th/pdp/1736442229959525703
1689,【ซื้อ 1 แถม 1】 Torriden Dive In Low Molecular Hyaluronic Acid Serum - เซรั่มกรดไฮยาลูโรนิก ผิวชุ่มชื้น อิ่มน้ำVKFUV,TH,Torriden.officialthailand,4.0,0,0.0,320.00,THB,hyaluronic acid serum,https://shop.tiktok.com/th/pdp/es-ram-aih-ya-lu-or-ni-k-torriden-ld-riwroy-ephim-khwamchumchuen/1732013263784281261
1690,ครีม Azelaic Acid 15% บำรุงผิวหน้า ผิวสัมผัสบางเบา ดูแลผิวประจำวัน สินค้าพร้อมส่งไทย,TH,Sweet Glow Beauty,4.0,0,0.0,259.00,THB,azelaic acid,https://shop.tiktok.com/th/pdp/echl-krd-oa-es-la-oik-12-ni-oa-si-nam-ayd-brretha-phiw-ld-roy-siw-dai-cak/1736858394895615965
1691,BRYG TXA 3% Tranexamic Acid Serum 10 ml.(บริก เซรั่มทรานซามิค แอซิด 3%),TH,chaipaisi,4.0,0,0.0,69.00,THB,tranexamic acid serum,https://shop.tiktok.com/th/pdp/bryg-txa-3-tranexamic-acid-serum-10ml-bamrung-phiwkhaw-krachang/1734858856496793228
1692,FACELABS Bright & Glow Serum 15 ml ลดฝ้า กระ จุดด่างดำ ด้วย Tranexamic Acid และ Melazero สำหรับผิวบอบบางแพ้ง่าย ผิวกระจ่างใส ชุ่มชื้น สม่ำเสมอ,TH,Facelabs Thailand,4.0,0,0.0,375.00,THB,tranexamic acid serum,https://shop.tiktok.com/th/pdp/facelabs-bright-glow-serum-15ml-anti-aging-moisture-boost/1734395097061426255
1693,COSRX Advanced Snail 96 Mucin Power Essence 100ml สกินแคร์ มอยส์เจอไรเซอร์ เอสเซนส์,TH,Konvy Selected,4.0,0,0.0,452.00,THB,snail mucin essence,https://shop.tiktok.com/th/pdp/cosrx-advanced-snail-96-mucin-power-essence-100ml-moysechoairesor-bamrung-phiw-lamluek-ephim-khwamchumchuen-sk-in-aekhr-khunphaph/1731793912482400285
1694,TWITY Centella Serum 30 ml 3% Niacinamide 1% Centella Asiatica Leaf Juice สำหรับสิวและผิวแพ้ง่าย,TH,วังม่วงceo2,4.0,5,2.0,236.00,THB,centella serum,https://shop.tiktok.com/th/pdp/1736595036772271670
1695,คอลลาเจน ไนท์ ครีม collagen night cream ครีมบำรุงกลางคืนสูตรคอลลาเจน,TH,ศูนย์ความงามไอริสนราธิวาส,4.0,5,2.0,998.00,THB,collagen cream,https://shop.tiktok.com/th/pdp/khollaechn-ainth-khrim-es-ram-bamrung-phiwhna-aela-rob-dwngta-iris/1729501453132270305
1696,Vichy Liftactiv Collagen Specialist 16 Day Cream 50ml สกินแคร์ มอยส์เจอไรเซอร์ ครีมบำรุงผิว,TH,Konvy,4.0,5,3.0,"2,459.00",THB,collagen cream,https://shop.tiktok.com/th/pdp/vichy-liftactiv-khrim-bamrung-phiwhna-ld-elueon-riwroy-khnad-50-ml/1729698824455293431
1697,AXIS-Y Dark Spot Correcting Glow Cream 50 ml ดาร์ก สปอต คอร์เรคติ้ง โกลว์ ครีม/ชุ่มชื่น/ปลอบประโลมผิว,TH,AllAboutYouOfficial,4.0,0,0.0,798.00,THB,dark spot corrector,https://shop.tiktok.com/th/pdp/axis-y-dar-k-spot-khor-er-khti-ng-ok-lw-khrim-50-ml-chumchuen-ld-chud-dam-plobpraolm-phiw/1731996026252069115
1698,[เซตแก้ปัญหาสิว ปรับผิวหมอง ล็อกความชุ่มชื้น] SEREENWORKS Bright&Bloom Advanced serum 15ml. + Vit C & Hya serum 30ml. + Hydrobooster cream 30ml.,TH,Sereenworks,4.0,5,1.0,692.00,THB,hydrating serum,https://shop.tiktok.com/th/pdp/es-ram-bamrung-phiwhna-10ml-30ml-x2-khrim-aihodr-ob-s-et-or-30ml/1731470699916199436
1699,"[แบรนด์แท้] CBG Devices Blackhead Remover | เครื่องดูดสิวเสี้ยน,สิวหัวเปิด,สิวอุดตัน ปรับได้ 3ระดับ พร้อมจอ LED สุดล้ำ (BHR)",TH,Beauty Sphere.TH,4.0,0,0.0,933.00,THB,blackhead remover,https://shop.tiktok.com/th/pdp/1731885528555161866
1700,Ashley Blackhead Remover 1pc สกินแคร์ อุปกรณ์สำหรับผิวหน้า เครื่ื่องดูดเสี้ยน,TH,Konvy,4.0,0,0.0,151.00,THB,blackhead remover,https://shop.tiktok.com/th/pdp/ashley-blackhead-remover-1pc-oupkrn-kamchad-singskprk-bn-aibhna/1729626088208108023
1701,MORITOMO Official - CLEAR TURN Acne Care Face Mask 7 sheets / แผ่นมาสก์บำรุงผิวหน้า ชุ่มชื้น ให้ผิวแลดูกระจ่างใส,TH,MORITOMO Official Thailand,4.0,0,0.0,310.90,THB,face mask sheet,https://shop.tiktok.com/th/pdp/1735001408801768538
1702,【กล่อง/6ชิ้น】แผ่นมาส์กหน้า【ไฟว์มินิทส์มาสก์ชีท】สูตรเฟิร์มมิ่ง Baby Bright 5 Mins Firming Mask Sheet  18g.,TH,@zomshop2,4.0,0,0.0,143.00,THB,face mask sheet,https://shop.tiktok.com/th/pdp/mas-kh-hna-fuen-phiw-eriyb-eniyn-baby-bright-5-mins-firming-mask/1730727132518189316
1703,ครีมกันแดด สุรีย์พร ไชน์ ซันสกรีน เอสพีเอฟ ผลิตภัณฑ์ครีมกันแดด shine sunscreen SPF50 PA++++ UV Protection,TH,ฺBeauty. Store Shop,4.0,0,0.0,237.00,THB,sunscreen spf50,https://shop.tiktok.com/th/pdp/khrimkanaedd-spf50-pa-kan-uv-samhrab-phiwkhaw-krachang-ais-khnadaihy/1732307068062762873
1704,กันแดดพลังสูงและป้องกันรังสียูวี  SPF50 PA50 ผิว Skincare สกินแคร์,TH,CC Cream Sunisa,4.0,1,1.0,70.00,THB,sunscreen spf50,https://shop.tiktok.com/th/pdp/kanaedd-phlang-sung-spf50-pa50-pkpong-phiw-chak-rangsi-yuwi-samhrab-skincare/1730198477396937378
1705,ครีมกันแดด ซันบล็อค เอสพีเอฟ 50 SUNBLOCK SPF 50,TH,ครูพี่ทราย สอนรักผิว,4.0,5,1.0,493.00,THB,sunscreen spf50,https://shop.tiktok.com/th/pdp/khrimkanaedd-spf-50-kan-roy-aedng-chak-aesngaedd-sutr-nam-samhrab-phiw-aeph-ngay/1731794387484247446
1706,ครีมZOSO Berry Glow Body Lotion โลชั่นบำรุงผิว ให้ผิวเนียนนุ่มและมีประกายสุขภาพดี สำหรับการดูแลผิวที่มีประสิทธิภาพ,TH,นิตตี้จ้าshop,4.0,0,0.0,676.00,THB,body lotion,https://shop.tiktok.com/th/pdp/1736367693449233505
1707,บอดี้ โลชั่น Advanced Body Lotion,TH,tunyashopp,4.0,0,0.0,189.00,THB,body lotion,https://shop.tiktok.com/th/pdp/advanced-body-lotion-sutr-phiess-samhrab-bamrung-phiw-khnad-150-ml-ehmaasamhrab-thuk-sphaph-phiw-aebrnd-giffarine/1729957368574478787
1708,ISDIN LAMBDAPIL ANTI-HAIR LOSS SHAMPOO แชมพูสระผม ดูแลปัญหาผมร่วง ผมบาง ล็อกรากผมให้แข็งแรง กระตุ้นการเกิดใหม่ของเส้นผม,TH,hackbeautylab,4.0,0,0.0,"1,229.00",THB,hair loss shampoo,https://shop.tiktok.com/th/pdp/isdin-lambdapil-anti-hair-loss-shampoo-ld-phm-rwng-esrim-khwam-ekhmkhn/1730540558574914483
1709,Star List Hair Max Herbal Shampoo For Hair Loss 300ml. สตาร์ ลิสต์ แฮร์ แม็กซ์ เฮอเบิล แชมพู สำหรับผมหลุดร่วง,TH,Nong Kwang Cosmetics,4.0,0,0.0,256.00,THB,hair loss shampoo,https://shop.tiktok.com/th/pdp/star-list-hair-max-herbal-shampoo-300ml-fuenfu-phm-aehng-esiy-ephim-khwam-enga-ngam/1732189074446452053
1710,UBT แปรงทำความสะอาดหน้า 2 ด้าน ที่ขัดหน้า ลดสิวเสี้ยน ทำความสะอาดผิวหน้า พกพาสะดวก Face brush,TH,UBT,4.0,5,1.0,64.00,THB,facial cleansing brush,https://shop.tiktok.com/th/pdp/1729632506050742350
1711,แปรงล้างหน้า นวดหน้า แปรงทำความสะอาดผิวหน้า,TH,BBbaybee,4.0,5,2.0,31.00,THB,facial cleansing brush,https://shop.tiktok.com/th/pdp/aeprng-langhna-nwd-hna-aeprng-thamkhwamsaoad-phiwhna-oonoyn-plodphay/1730907430723619736
1712,[ล้อตใหม่] Rosegold คุชชั่นจากประเทศเกาหลี,TH,Anniez Skincare,4.0,0,0.0,582.00,THB,korean skincare,https://shop.tiktok.com/th/pdp/rosegold-cushion-foundation-spf50-semi-matte-finish-3-shades-available/1733475536297690650
1713,PURE CARE VEGAN MATTE POWDER SPF 25 PA+++ เนื้อแป้งสูตรวีแกน เหมาะกับทุกสภาพผิวแม้ผิวบอบบางแพ้ง่าย,TH,ICCSHOPPING,4.0,5,2.0,533.00,THB,vegan skincare,https://shop.tiktok.com/th/pdp/phaf-ewor-ae-mt-t-wi-aekn-spf-25-pa-setp-samhrab-phiw-aehng-o-ily/1731747678423778493
1714,"YASAKA ผลิตภัณฑ์ดูแลผิว Fruit Body Scrub 100% Vegan 50g ด้วย Shea Butter, Joda Seed Oil และ Vitamin E สำหรับผิวที่มีความชุ่มชื้นและสะอาด",TH,ร้านเจ้จันตรี9977,4.0,0,0.0,"1,669.00",THB,vegan skincare,https://shop.tiktok.com/th/pdp/yasaka-fruit-body-scrub-100-vegan-50g-shea-butter-vitamin-e/1734607206046795613
1715,"Monne, คลีนซึ่งโรส ความสะอาดหน้า.",TH,Ma Chit,4.0,0,0.0,132.00,THB,clean beauty,https://shop.tiktok.com/th/pdp/monne-khli-n-sueng-or-s-khwamsaoad-hna-sutr-thamkhwamsaoad-phiw-duael-aibhna/1733672135544112384
1716,(แพคเกจใหม่) คลีนซิ่งบาล์ม เคเอ็มเอ KMA ฺBASE CLEANSING BALM  ล้างหมดจดทุกเมคอัพ อ่อนโยนต่อผิวหน้า ทำความสะอาด,TH,บัดดี้บี,4.0,0,0.0,494.00,THB,clean beauty,https://shop.tiktok.com/th/pdp/bal-mlang-hna-kma-base-melting-balm-sutr-lalay-85-kram/1730003806882138228
1717,"Bộ 3 Kem Dưỡng Lalam – Centella Retinol (Phục Hồi), Arbutin Retinol Clean Melasma (Mờ Nám), Arbutin Retinol Super Velvet (Dưỡng Mịn)",VN,"Tổng Kho Sữa, Bỉm Dần Thuỳ",4.0,0,0.0,432.693,VND,retinol cream,https://shop.tiktok.com/vn/pdp/bo-3-kem-duong-lalam-phuc-hoi-mo-nam-duong-min-da/1732168013934068898
1718,Serum Vitamin C,VN,Hoanghabeauty,4.0,5,1.0,289.029,VND,vitamin c serum,https://shop.tiktok.com/vn/pdp/serum-vitamin-c-chinh-hang-han-quoc-tang-cuong-suc-song-da/1729552645244816066
1719,"Kem dưỡng ẩm dịu da cho da dầu SHIMBI METHOD Derma Cream < Moist Clear > 4 Peptide, 5 Ceramide, Urea 45g",VN,Shimbi Method Việt Nam,4.0,0,0.0,539.435,VND,ceramide cream,https://shop.tiktok.com/vn/pdp/1734851819166861173
1720,"Tinh Chất Pharmaform Skin Brightener Serum 3% Tranexamic Acid, 5% Niacinamide 20ml Giảm Thâm Nám | Sản Phẩm Chính Hãng",VN,Dr Khoa Cosmetic,4.0,0,0.0,475.767,VND,tranexamic acid serum,https://shop.tiktok.com/vn/pdp/tinh-chat-lam-sang-da-pharmaform-3-tranexamic-5-niacinamide/1731097699814312553
1721,1. Acne Treatment Serum                                                  2. Acne Treatment Essence - Cao Trị Mụn,VN,Beauty Spa Hồng Lam,4.0,0,0.0,201.317,VND,acne treatment,https://shop.tiktok.com/vn/pdp/serum-essence-tri-mun-essence-dung-tich-10ml-chong-lao-hoa/1731972642682473232
1722,Serum Spotlite Dark Skin Spots Correction - Danpharm Israel,VN,VITAA,4.0,5,1.0,489.587,VND,dark spot corrector,https://shop.tiktok.com/vn/pdp/serum-spotlite-dark-skin-spots-correction-danpharm-israel/1730029020220197156
1723,"[Tặng 1 mask 20k] Serum Hydra 5 complete phục hồi, cấp ẩm cho da",VN,ALD-betterskin2,4.0,1,1.0,367.359,VND,hydrating serum,https://shop.tiktok.com/vn/pdp/serum-hydra-5-complete-phuc-hoi-va-cap-am-tham-sau-cai-thien-da/1732047316013844575
1724,"Toner AHOHWA BHA 2% Exfoliating hỗ trợ giảm mụn, làm sạch bã nhờn 80ml",VN,ZabonSkincare,4.0,0,0.0,614.863,VND,exfoliating toner,https://shop.tiktok.com/vn/pdp/1735011133214984161
1725,"Toner Tinh Chất Exosome Essence ElixirLab 150ml, mờ Nám, Trắng da Cao Cấp, Hàn Quốc, MP148",VN,Thảo Anh Beauty 8,4.0,5,1.0,890.299,VND,exfoliating toner,https://shop.tiktok.com/vn/pdp/toner-tinh-chat-exosome-essence-elixirlab-150ml-mo-nam-trang-da/1733478423507994605
1726,"Dermalogica Phyto Nature E² Exosome Exfoliant - Tẩy Tế Bào Chết Tái Tạo Da Cao Cấp, Làm Mờ Nếp Nhăn, Sáng Mịn Da, Không Paraben, Chính Hãng",VN,Ánh Loan Dermalogica,4.0,0,0.0,5.676.328,VND,exfoliating toner,https://shop.tiktok.com/vn/pdp/tay-te-bao-chet-dermalogica-lam-mo-nep-nhan-sang-min-da/1733193521028695140
1727,[3 tặng 1] Dầu gội giúp giảm rụng tóc Doctor Hair Shampoo Laura Sunshine Nhật Kim Anh Women Nữ Chăm Sóc Tóc,VN,Shop NhậtKimAnh,4.0,0,0.0,1.306.726,VND,hair loss shampoo,https://shop.tiktok.com/vn/pdp/dau-goi-giam-rung-toc-doctor-hair-lam-sach-bao-ve-toc/1730662355273485000
1728,[125mL] Serum chống rụng tóc Teotema Hairloss Specific Lotion,VN,Healthy Skin - Dr Thảo,4.0,0,0.0,629.174,VND,hair loss shampoo,https://shop.tiktok.com/vn/pdp/serum-chong-rung-toc-teotema-125ml-duong-toc-mong-bong/1730058654799530561
1729,Máy rửa mặt sạch sâu Emmié By Happy Skin Premium Facial Cleansing Brush - HANAH SKIN,VN,HanahPremium,4.0,0,0.0,950.878,VND,facial cleansing brush,https://shop.tiktok.com/vn/pdp/may-rua-mat-sieu-manh-emmie-by-happy-skin-hang-chinh-hang/1729759492285761748
1730,Gọng Kính GM,VN,KÍNH MẮT 88,4.0,0,0.0,45.836,VND,glass skin,https://shop.tiktok.com/vn/pdp/gong-kinh-gm-unisex-thiet-ke-thoi-trang-ben-bi-danh-cho-moi-gioi-tinh/1729577122744863220
1731,Retinol Eye beauty Cream,MY,V&K OnlineShop,4.0,0,0.0,41.00,MYR,retinol cream,https://shop.tiktok.com/my/pdp/1735367865195464664
1732,CeraVe Skin Renewing Vitamin C Serum 30ml,MY,Watsons Malaysia,4.0,0,0.0,127.81,MYR,vitamin c serum,https://shop.tiktok.com/my/pdp/cerave-serum-vitamin-c-30ml-anti-penuaan-ceramides-hyaluronik/1736025499284440438
1733,Vitamin C Serum | Serum Vitamin C | Cleopatra's Secrets,MY,Cleopatra's Secrets,4.0,0,0.0,80.00,MYR,vitamin c serum,https://shop.tiktok.com/my/pdp/1734606947707553577
1734,"【Buy 1 Take 1】【Medicube】 PDRN Pink Peptide Serum 30ml - Pink glow serum, Vegan PDRN, Collagen, Brightening for dark spot",MY,Malaysia Medicube Shop,4.0,5,1.0,33.00,MYR,peptide serum,https://shop.tiktok.com/my/pdp/1733541457829267044
1735,"Amura Bright Enhancing Serum 20ml | Tranexamic Acid Dark Spot Corrector | Fades Hyperpigmentation, Melasma & Acne Scars",MY,Amura Beauty Care,4.0,5,2.0,45.48,MYR,tranexamic acid serum,https://shop.tiktok.com/my/pdp/amura-bright-enhancing-serum-20ml-untuk-noda-gelap-dan-kulit-lembap/1732011310972831739
1736,SADOER VITAMIN C Face Serum & Centella Face Serum 100ML Plant Rehydration Maintain Essence Moisturizing Essence,MY,wholesale beauty world,4.0,5,1.0,7.74,MYR,centella serum,https://shop.tiktok.com/my/pdp/serum-muka-vitamin-c-centella-100ml-untuk-kulit-lebih-cerah/1730215214689715222
1737,COLLAGEN PLUS VIT E DAY & NIGHT CREAM 100% ORIGINAL,MY,mgcbeauty888,4.0,0,0.0,7.17,MYR,collagen cream,https://shop.tiktok.com/my/pdp/krim-harian-malam-kolagen-vitamin-e-original-untuk-kulit-sihat/1730770984626390985
1738,treatment 10g,MY,mjcosmeticbyanem,4.0,0,0.0,33.00,MYR,acne treatment,https://shop.tiktok.com/my/pdp/1736473684347029072
1739,Toner kecilkan pori2,MY,Herna Beauty Care,4.0,0,0.0,43.00,MYR,pore care toner,https://shop.tiktok.com/my/pdp/toner-kecilkan-pori-melembapkan-merawat-kulit-anti-akne/1729581954438826397
1740,Eye Cream Krim Mata Firming Eye Cream Anti Wrinkle Cream  Dark Circle Remover,MY,MCNYY MALL,4.0,0,0.0,27.00,MYR,eye cream dark circle,https://shop.tiktok.com/my/pdp/krim-mata-pengencang-pelembap-untuk-semua-jenis-kulit/1729580315239613457
1741,Night repair eye cream reduces dark circles DRL-1948,MY,COSMETIK VIRAL KL,4.0,0,0.0,12.64,MYR,eye cream dark circle,https://shop.tiktok.com/my/pdp/krim-mata-malam-nakal-mengurangi-lingkaran-gelap-drl-1948/1732458940197603200
1742,100pcs face mask skincare Paper Disposable Non-Woven facial mask sheet DIY skincare face mask Paper,MY,SP-Hermione,4.0,0,0.0,6.83,MYR,face mask sheet,https://shop.tiktok.com/my/pdp/100pcs-topeng-muka-kertas-sekali-pakai-bahan-tidak-woven/1732581327494677680
1743,TONER AHA EXFOLIATING REFLISKIN BPOM,MY,Nataz skincare.beauty,4.0,5,1.0,41.00,MYR,exfoliating toner,https://shop.tiktok.com/my/pdp/toner-aha-exfoliating-refliskin-bpom-melembabkan-kulit-mengangkat-sel-kulit-mati-mencegah-jerawat/1729481982606279937
1744,SHINZUI BODY lotion skin lightening body lotion 200ml,MY,thp chop,4.0,0,0.0,12.60,MYR,body lotion,https://shop.tiktok.com/my/pdp/lotion-badan-pencerah-kulit-shinzui-200ml-kelembapan-sihat/1736440248908351266
1745,[kem nền ] makeup foundation 30ml,MY,Kelly shop 2,4.0,0,0.0,61.00,MYR,makeup foundation,https://shop.tiktok.com/my/pdp/kem-nen-makeup-foundation-30ml-dibuat-di-jerman-kualiti-terbaik/1732691127128196865
1746,COD Syahirah Korean Secrets Hydra Soft Skincare Products (Cleanser / Facial Scrub / Hydrating Gel Cream),MY,GAN CHAI LEONG,4.0,0,0.0,46.01,MYR,korean skincare,https://shop.tiktok.com/my/pdp/cod-syahirah-produk-penjagaan-kulit-korea-untuk-pembersih-scrub-muka/1732273864081049227
1747,"[WNP] Vitamin C Serum | Dark Spots, Hyperpigmentation, Acne Marks & Uneven Skin Tone | Niacinamide, Azelamide MEA, Bifida Ferment & Centella | Fades Pigmentation, Corrects Discoloration, Brightens Dull Skin, Smooths Texture & Restores Radiance",US,WNP SKINCARE,3.0,0,0.0,17.90,USD,vitamin c serum,https://shop.tiktok.com/us/pdp/wnp-vc-serum-for-dark-spots-hyperpigmentation-brightening/1732627310562153186
1748,Acne Cleanse: Exfoliating Cleanser with Salicylic Acid,US,Summer Summit Skin Care,3.0,5,2.0,37.95,USD,salicylic acid cleanser,https://shop.tiktok.com/us/pdp/acne-cleanse-by-facetheory-exfoliating-cleanser-with-salicylic-acid/1729385261000069295
1749,"14% Azelaic Acid Facial Serum 30ml - With Salicylic Acid, Niacinamide & Vitamin C - Daily Serum for Acne-Prone Skin to Refine Rough Texture, Boost Radiant Glow, Achieve Smoother & Even Skin Tone",US,Rebekah Salazar,3.0,0,0.0,10.99,USD,azelaic acid,https://shop.tiktok.com/us/pdp/14-azelaic-acid-serum-30ml-smooths-brightens-skin/1732627738662179406
1750,DARK SPOTS CORRECTOR CREAM,US,DYBEAUTYPLUS,3.0,0,0.0,29.99,USD,dark spot corrector,https://shop.tiktok.com/us/pdp/dark-spot-corrector-cream-reduces-appearance-daily-application/1732272228114993739
1751,"HKH Bakuchiol Face Serum, Gentle Plant-Based Retinol Alternative with Peptides & VC-IP, Anti-Aging Serum for Mature Sensitive Skin, Visibly Smooths Wrinkles & Neck Lines, Fades Hyperpigmentation & Dullness, Free Gold Facial Massage Stick, Travel-Friendly",US,HKH US SHOP,3.0,0,0.0,14.99,USD,anti aging serum,https://shop.tiktok.com/us/pdp/hkh-bakuchiol-face-serum-anti-aging-travel-friendly/1732636736113775283
1752,"[‮ebucidem‬] NAD+ EGF Firming Serum | NAD+, EGF, Collagen Extract, Anti-aging, Plumping, Radiance Boosting Serum | Cares for Look of Fine Lines, Skin Elasticity & Firmness For Youthful-looking Skin (30ml / 1.01 fl. oz.) | Korean Skincare, K-Beauty",US,Young Walk That Cloud,3.0,0,0.0,12.75,USD,anti aging serum,https://shop.tiktok.com/us/pdp/1732678235892060292
1753,"Blackhead Remover Tool Set, Acne Treatment Kit for Face & Nose Pore Cleansing, Effective Head Removal Solution, Skin Care Essentials, Pore Extractor Set, Stainless Steel",US,Youre the most beaut,3.0,0,0.0,3.12,USD,blackhead remover,https://shop.tiktok.com/us/pdp/blackhead-remover-tool-set-stainless-steel-compact-hygienic/1732203844519301602
1754,Soothing Prep Lip Mask — Cooling peel-off lip mask for smoother lip prep and a hydrated feel,US,Wild Rock,3.0,0,0.0,25.76,USD,lip mask,https://shop.tiktok.com/us/pdp/soothing-prep-lip-mask-cooling-peel-off-formula-hydrated-lips/1732245511351145225
1755,MOTHER'S DAY Glass Skin Bundle - Skincare Routine for Glass Skin,US,BANISH,3.0,0,0.0,224.00,USD,glass skin,https://shop.tiktok.com/us/pdp/glass-skin-bundle-exfoliating-mask-anti-inflammatory-gel/1729505629590820090
1756,"Ikzee Women's After Shave Care Oil 100ML 2 Bottles, Strawberry Moisturizing Skin Oil, Refreshing Skincare, Post-Epilation Use, Gentle Depilatory Solution, Daily Skin Care Essential",US,Linwen TECH,3.0,0,0.0,15.16,USD,post procedure skincare,https://shop.tiktok.com/us/pdp/ikzee-womens-after-shave-care-oil-100ml-2-pack-strawberry/1731924995052573251
1757,【ซื้อหนึ่งแถมหนึ่ง】Niacinamid Serum,TH,meetsweet,3.0,0,0.0,80.00,THB,niacinamide serum,https://shop.tiktok.com/th/pdp/es-ram-ain-oa-sidi-mid-sueo-1-aethm-1-esrim-phiw-krachang-ais-sutr-phiess/1731834136272210526
1758,(1กล่องx6ซอง) Merci เซรั่มสูตรเข้มข้น Vitamin C Serum 4 กรัม (แพ็ก 6 ซอง),TH,APRIL-BEAUTY,3.0,5,1.0,289.00,THB,vitamin c serum,https://shop.tiktok.com/th/pdp/es-ram-witamin-si-ekhmkhn-merci-4-kram-x6-song-oayukaraichngan-nan-2-pi/1732107936129452295
1759,L'oreal Paris Revitalift Hyaluronic Acid Replumping Serum ลอรีอัล ปารีส รีไวทัลลิฟท์ ไฮยาลูรอนิค แอซิด รีพลัมปิง เซรั่ม 30ml.,TH,Meydayshop,3.0,0,0.0,774.05,THB,hyaluronic acid serum,https://shop.tiktok.com/th/pdp/l-oreal-paris-revitalift-hyaluronic-acid-serum-30ml-ephim-khwamchumchuen-aela-krachab-phiw-ehmaasamhrab-thuk-sphaph-phiw/1731885489839048866
1760,JN Sunflower Ceramide cream 10 กรัม 1 กระปุก,TH,Janny SunFlower,3.0,0,0.0,278.00,THB,ceramide cream,https://shop.tiktok.com/th/pdp/1736496033132742409
1761,TX เจล Tranxemic acid บำรุงผิวหน้า ลดปัญหาฝ้าและกระ ลดปัญหารอยดำสิว ให้ความชุ่มชื้นผิวหน้าและลำคอ,TH,หมอนิว รินมณีย์คลินิก,3.0,0,0.0,221.00,THB,tranexamic acid serum,https://shop.tiktok.com/th/pdp/tx-echl-tranxemic-acid-samhrab-phiw-eriyb-eniyn-ld-elueon-roy-taw-etmaipdwy-khunphaph/1731052764502199189
1762,[Exclusice] [1แถม1] COSRX COSRX Official Advanced Snail 96 Mucin Power Essence เอสเซ้นต์ปูไปรยา เมือกหอยหาก สเนล96% เอสเซ้นส์เมือกหอยทาก Glass Skin ผิวโกลว น้ำตบ ของแท้ เติมความชุ่มชื่น เอสเซ้นต์ปูไปรยา แพ้ง่าย ทุกสภาพผิว มอยส์เจอไรเซอร์และสเปรย์ฉีดหน้า,TH,COSRX Thailand Official,3.0,0,0.0,"1,053.00",THB,snail mucin essence,https://shop.tiktok.com/th/pdp/cosrx-advanced-snail-96-mucin-power-essence-100ml-hydrating-repairing/1733507397483202207
1763,ครีมบลิ้งคอลลาเจน  สกินแคร์บำรุงผิวหน้า,TH,สาวน้อยร้อยล้าน072,3.0,0,0.0,171.00,THB,acne treatment,https://shop.tiktok.com/th/pdp/khrim-b-li-ng-khollaechn-samhrab-bamrung-phiw-khnad-5-kram-bamrung-phiw-kon-non/1731702881041025513
1764,MOXIE GIRLZ Ceramide Moisturizing Toner โทนเนอร์บำรุงผิวหน้าสูตรให้ความชุ่มชื้นและบำรุงผิว เทคโนโลยี Water-locking Code Skin Care ขนาด 120 มล. เหมาะสำหรับผิวแห้ง กันแดด ชา อิ๊ง กันแดด  อธิ  ตรา มาร์ค  ชมพู  สกิน  ทิ  ฟ  ฟี่ กัน  แดด  กันน้ํา  กันเหงื่อ,TH,TidyPulse,3.0,0,0.0,192.37,THB,pore care toner,https://shop.tiktok.com/th/pdp/othn-eno-r-moxie-girlz-bamrung-phiw-chumchuen-120-ml-kanaedd/1731201719398926079
1765,Slowpure | HYDRATION TEXTURE SERUM 50 ML. |  ไฮเดรชั่น เท็กซ์เจอร์ เซรั่ม 50 ml. เซรั่มเนื้อบางเบา ไม่เหนียวเหนอะหนะ ปรับผิวให้เรียบเนียน,TH,Slowpure Thailand,3.0,0,0.0,581.00,THB,hydrating serum,https://shop.tiktok.com/th/pdp/slow-pure-hydration-texture-serum-50ml-bamrung-phiwphrrn/1734509222171412197
1766,HM MOISTURZING SOFT CREAM& HYALURONLCACID PEPAIRING LIQUID Serum 1 Sets Body Serum,TH,MK Moe Moe Aung Shop,3.0,5,1.0,955.00,THB,hydrating serum,https://shop.tiktok.com/th/pdp/es-ram-bamrung-phiwhna-aela-taw-hm-hyaluronic-acid-moisturizing-cream-set/1732257401979503758
1767,ACM Sensitelial Soothing cream มอยส์เจอร์ไรเซอร์สำหรับผิวแห้ง แพ้ง่าย 40 ml.,TH,OliU.bkk,3.0,0,0.0,"1,415.00",THB,sensitive skin moisturizer,https://shop.tiktok.com/th/pdp/acm-sensitelial-soothing-cream-bamrung-phiw-thi-rakhayekhueong-khnad-40-ml/1729641852563654949
1768,"PHOFAY 7% Glycolic Acid （AHA）Exfoliating Brightening Toner,ส่วนผสมอ่อนโยน ไม่ระคายเคือง ให้ความชุ่มชื้นล้ำลึก และช่วยให้ผิวดูกระจ่างใส",TH,PHOFAY-TH,3.0,0,0.0,279.00,THB,exfoliating toner,https://shop.tiktok.com/th/pdp/1733708418140702323
1769,(ឆុតឡចៀម) Black Sheep Whitening Body Lotion ขนาด 500 กรัม เป็นผลิตภัณฑ์บำรุงผิวกายสูตรบูสเตอร์ (Booster Niacinamide) ที่ช่วยให้ผิวแลดู เนียนนุ่ม และชุ่มชื้นขึ้น,TH,Bros Heng89,3.0,0,0.0,278.00,THB,body lotion,https://shop.tiktok.com/th/pdp/1737126983130711049
1770,( 1 ฟรี 1 )BSC แชมพู FALLES Hair Reviving Shampoo 99% สารสกัดจาก KAFFIR LIME สำหรับผมแห้งและเสีย. ผมมัน เลือกสูตรได้,TH,โกดังเจ๊ต้อม โรงเกลืออรัญ,3.0,0,0.0,369.00,THB,hair loss shampoo,https://shop.tiktok.com/th/pdp/1736280830866326829
1771,TSW SENSOR FOAM & HW SKIN RENEWAL MOISTURIZER CREAM ชุดดูแลผิว Glass Skin ทำความสะอาดล้ำลึกและบำรุงผิวให้เรียบเนียน ฉ่ำวาว พร้อมส่วนลดพิเศษ,TH,Shopping with The Rich Online,3.0,5,3.0,737.00,THB,glass skin,https://shop.tiktok.com/th/pdp/tsw-sensor-foam-hw-skin-renewal-moisturizer-cream-glass-skin/1735440238386644731
1772,Kojie San Skin Lightenting,TH,BEAUTY ROOM - BKK,3.0,0,0.0,382.00,THB,korean skincare,https://shop.tiktok.com/th/pdp/kojie-san-skin-brightening-soap-moisturizing-exfoliating/1735046357673215569
1773,YASAKA ผลิตภัณฑ์ดูแลผิว โลชั่น Kojic Body Oil สำหรับผิวขาวกระจ่างใส พร้อม Fruit Body Scrub สำหรับผิวเนียนนุ่ม 100% Vegan,TH,CHAN DA@,3.0,0,0.0,528.00,THB,vegan skincare,https://shop.tiktok.com/th/pdp/1736337368942609549
1774,BA ผลิตภัณฑ์ทำความสะอาดผิวหน้า college 1 กล่อง สำหรับผิวสะอาดและสดใส,TH,Jeevy Beauty,3.0,0,0.0,161.00,THB,clean beauty,https://shop.tiktok.com/th/pdp/1735303552083461226
1775,P24 ผลิตภัณฑ์ทำความสะอาดผิวหน้า college 1 กล่อง สำหรับผิวสะอาดและสดใส,TH,Jeevy Beauty,3.0,0,0.0,321.00,THB,clean beauty,https://shop.tiktok.com/th/pdp/1734448501313668202
1776,P24 ผลิตภัณฑ์ทำความสะอาดผิวหน้า college 1 กล่อง สำหรับผิวสะอาดและสดใส,TH,Yshop Beauty,3.0,0,0.0,321.00,THB,clean beauty,https://shop.tiktok.com/th/pdp/p24-phlitphanth-thamkhwamsaoad-phiwhna-1-klong-60-aephn-sbayaich-kab-swnphsm-thrrmchati/1734448534700263277
1777,Proraso After-Shave Lotion Refreshing 100ml โลชั่นบำรุงผิวหลังโกนหนวด,TH,everydaycosmesis,3.0,0,0.0,958.00,THB,post procedure skincare,https://shop.tiktok.com/th/pdp/olchan-hlang-okn-hnwd-proraso-khnad-100ml-sutr-eyn-samhrab-phuchay/1731323536287041012
1778,"[BLOSSOM] Serum Teana SUPER PEPTIDES giảm đỏ, mụn viêm/mụn ẩn/ phục hồi da nhạy cảm/ dưỡng trắng mờ thâm 20ml",VN,Teana Laboratories,3.0,0,0.0,502.227,VND,peptide serum,https://shop.tiktok.com/vn/pdp/1735819641159583470
1779,"[TEM CÔNG TY] Tinh Chất LaCabine 5% Ceramides Solution Serum Cream Dưỡng Ẩm, Phục Hồi Da 30ml",VN,Love Beauty Love Skin,3.0,0,0.0,1.013.663,VND,ceramide cream,https://shop.tiktok.com/vn/pdp/serum-kem-duong-am-phuc-hoi-da-5-ceramides-30ml/1730297857019054829
1780,[AESTURA x SEUNG THẢO] Xịt dưỡng ẩm Ceramide AESTURA ATOBARRIER365 Cream Mist 120ml,VN,AESTURA Việt Nam,3.0,0,0.0,508.052,VND,ceramide cream,https://shop.tiktok.com/vn/pdp/xit-duong-am-ceramide-aestura-atobarrier365-cream-mist-120ml/1732063511834232444
1781,[TXA 3%] Serum Dr Ceutics Tranexamic Acid 3% + Tranexamoyl Dipeptide-23 30G,VN,KIMXUYẾN Authentic,3.0,0,0.0,624.082,VND,tranexamic acid serum,https://shop.tiktok.com/vn/pdp/serum-tri-mun-lam-sang-da-dr-ceutics-txa-3-30ml/1731817283069184709
1782,Tinh Chất Ốc Sên Dưỡng Da Hàn Quốc JUMISO Snail Mucin 95 + Peptide Facical Essence 140ml,VN,PT beauty storee,3.0,0,0.0,357.730,VND,snail mucin essence,https://shop.tiktok.com/vn/pdp/tinh-chat-duong-da-jumiso-snail-mucin-peptide-140ml/1731175660799362618
1783,KEM MỤN - NÁM - TRĂNG DA - CHỐNG NẮNG 5G ( NHƯ TIÊN ),VN,MỸ PHẨM MINH CHÂU 2,3.0,0,0.0,38.095,VND,acne treatment,https://shop.tiktok.com/vn/pdp/kem-tri-mun-nam-duong-am-chong-nang-se-khit-lo-chan-long/1732095770118555937
1784,"[DATE MỚI-CHÍNH HÃNG] PHARMAFORM SPOT CORRECTOR LIGHT WEIGHT CREAM - Tinh chất dưỡng sáng, cải thiện nám và tàn nhang",VN,Beauty Pharma - Dược Mỹ Phẩm,3.0,0,0.0,597.851,VND,dark spot corrector,https://shop.tiktok.com/vn/pdp/kem-pha-le-chong-tham-nhe-nhang-duong-sang-cai-thien-nam/1732594858841310899
1785,Nước cân bằng thu nhỏ lỗ chân lông Tocobo Vita Berry Pore Toner 150ml,VN,TOCOBO Vietnam,3.0,5,1.0,372.139,VND,pore care toner,https://shop.tiktok.com/vn/pdp/nuoc-hoa-hong-tocobo-vita-berry-pore-150ml-se-khit-lo-chan-long-cap-am-hieu-qua-khong-chua-con-phu-hop-da-nhay-cam/1731324398387694455
1786,"Toner Drshee 200ml cấp nước, cải thiện lỗ chân lông cho da nhạy cảm",VN,DRSHEE.HCM,3.0,0,0.0,375.663,VND,pore care toner,https://shop.tiktok.com/vn/pdp/1729653212617803986
1787,Kem siêu phục hồi da khô bong tróc Revision Skincare DermProtect Barrier Defense 48g,VN,De Beauté Shop,3.0,0,0.0,3.568.386,VND,barrier repair cream,https://shop.tiktok.com/vn/pdp/1735711126074131771
1788,(HSD T6/2027) Kem Dưỡng Ẩm Phục Hồi Da Ceradan Skin Barrier Repair Cream 80g,VN,Ceradan Hyphens Việt Nam,3.0,0,0.0,834.602,VND,barrier repair cream,https://shop.tiktok.com/vn/pdp/1735266863461861262
1789,[4] Serum POND'S Age Miracle Double Hỗ Trợ Làm Đều Màu Da Và Hạn Chế Vấn Đề Về Lão Hoá Nữ 30G,VN,Unilever Beauty,3.0,0,0.0,430.929,VND,anti aging serum,https://shop.tiktok.com/vn/pdp/serum-ponds-age-miracle-double-ngan-lao-hoa-lam-deu-mau-da-30g/1729782380764302035
1790,"[TẶNG 1 SỮA TẮM] Pharmaform SKIN BRIGHTENER SERUM 20ml, Tinh chất làm sáng da, cải thiện thâm sạm",VN,Meoskincare9x,3.0,5,1.0,399.397,VND,brightening serum,https://shop.tiktok.com/vn/pdp/tinh-chat-lam-sang-da-pharmaform-20ml-tang-1-sua-tam-serum-cai-thien-tham-sam/1731492463063434264
1791,"[KyungLab] Kem dưỡng ẩm KyungLab Ultra Hydrating Cream dưỡng da căng bóng mịn màng, ngăn ngừa lão hoá 50ml Skincare Serum",VN,WEILAIYA.STORE.HN,3.0,0,0.0,629.246,VND,hydrating serum,https://shop.tiktok.com/vn/pdp/kem-duong-am-kyunglab-ultra-hydrating-50ml-duong-am-lan-da-mem-mai/1730886136825350693
1792,Ủ Mũi Đầu Đen Removes BlackHeads mẫu mới,VN,Nu cosmtics,3.0,0,0.0,165.186,VND,blackhead remover,https://shop.tiktok.com/vn/pdp/u-mui-dau-den-loai-bo-lo-chan-long-not-den-hieu-qua/1731306207716018731
1793,"Sữa Rửa Mặt BENZAC Blackhead Control Scrub 60g – Giảm Mụn Đầu Đen, Tẩy Tế Bào Chết, Làm Sáng Da",VN,Dr Khoa Cosmetic,3.0,0,0.0,264.291,VND,blackhead remover,https://shop.tiktok.com/vn/pdp/sua-rua-mat-benzac-60g-giam-mun-dau-den-tay-te-bao-chet-sang-da/1731489317213931113
1794,"Hộp 5 mặt nạ giấy rau má ngừa mụn, kháng khuẩn Beauskin Cica Centella Sheet Mask 30mlx5 Làm Đẹp Da Skincare Cosmetics Kem Face",VN,TheBeauty Shop,3.0,5,1.0,165.094,VND,face mask sheet,https://shop.tiktok.com/vn/pdp/hop-5-mat-na-giay-rau-ma-beauskin-cica-centella-30ml-x-5/1729623270323882877
1795,PRETTY SKIN: Mặt nạ giấy nhiều vị Total Solution Essential Sheet Mask 23g (hộp 10 miếng) Skincare Dưỡng Da Mặt Đắp Mặt Trắng Da,VN,Đào Thương Dược sỹ Skincare,3.0,0,0.0,312.037,VND,face mask sheet,https://shop.tiktok.com/vn/pdp/mat-na-giay-cao-cap-pretty-skin-hop-10-mieng-23g/1732277717303593044
1796,"[ PHIÊN BẢN MỚI ] Toner BHA Obagi Clenziderm M.D. Exfoliating  tẩy tế bào chết, làm sạch mụn 148ml - Toner Obagi",VN,Vie Beaute Prime,3.0,5,1.0,1.035.657,VND,exfoliating toner,https://shop.tiktok.com/vn/pdp/toner-obagi-clenziderm-m-d-lam-sach-mun-tay-te-bao-chet-148ml-ho-tro-thu-nho-lo-chan-long/1731733210916947513
1797,Dầu xả phục hồi giảm rụng tóc Elybiohair Xám 500ML,VN,MINH NGOC X SHOP,3.0,0,0.0,240.713,VND,hair loss shampoo,https://shop.tiktok.com/vn/pdp/dau-xa-phuc-hoi-giam-rung-toc-elybiohair-xam-500ml-biotin-collagen-duong-toc-suon-mem-ngan-ngua-gay-/1732152893709452471
1798,Cọ Rửa Mặt & Đắp Mặt Nạ Jary 2-in-1 Silicone Facial Cleansing Brush Dưỡng Da Tiện Lợi,VN,DN Cosmetics Store,3.0,3,1.0,75.651,VND,facial cleansing brush,https://shop.tiktok.com/vn/pdp/co-rua-mat-jary-2-in-1-silicone-duong-da-massage-tay-tbc/1731908919246488686
1799,Máy rửa mặt Emmié by HappySkin Premium Facial Cleansing Brush - Hàng chính hãng,VN,Long Hưng Electronics,3.0,0,0.0,697.156,VND,facial cleansing brush,https://shop.tiktok.com/vn/pdp/may-rua-mat-emmie-by-happyskin-chong-nuoc-ipx7-an-toan/1729491033969101205
1800,[e461] Cọ Rửa Mặt & Đắp Mặt Nạ Jary 2-in-1 Facial Cleansing Brush Thiết Kế 2 Đầu Tiện Lợi,VN,LYO BEAUTY & HEALTH,3.0,0,0.0,80.540,VND,facial cleansing brush,https://shop.tiktok.com/vn/pdp/co-rua-mat-dap-mat-na-jary-2-in-1-silicone-an-toan-da-nhay-cam/1731976397347456694
1801,TẶNG KÈM MÚT ]Kem nền Collagen Moisture Foundation Hàn Quốc makeup phù hợp cho tất cả các loại da 100ml,VN,Dep Tu Nhien 1506,3.0,0,0.0,143.548,VND,makeup foundation,https://shop.tiktok.com/vn/pdp/kem-nen-collagen-spf15-duong-am-chong-nang-mau-sac-da-dang/1732286944876594887
1802,Kem nền Collagen Moisture Foundation 100ml chính hãng Hàn Quốc makeup phù hợp cho tất cả các loại da,VN,NGUYEN THANH DUYer shop,3.0,0,0.0,262.158,VND,makeup foundation,https://shop.tiktok.com/vn/pdp/kem-nen-collagen-moisture-foundation-100ml-chinh-hang-kiem-dau-tot-che-phu-hoan-hao-phu-hop-moi-loai/1732022841626888876
1803,Bột rửa mặt làm sạch,VN,Hằng - Beauty,3.0,0,0.0,210.860,VND,clean beauty,https://shop.tiktok.com/vn/pdp/bot-rua-mat-lam-sach-cong-thuc-tu-nhien-nhe-nhang-hieu-qua-tang-cuong/1729724593390193309
1804,tắm trắng cà phê siêu mịn,VN,C Cosmetices,3.0,0,0.0,47.444,VND,clean beauty,https://shop.tiktok.com/vn/pdp/tam-trang-ca-phe-sieu-min-bat-tone-da-ngay-lan-dau-su-dung/1729438090004368323
1805,"Serum pemutih niacinamide + vitamin C, serum pencerah muka, jeragat dan parut hitam ,  Anti Freckles Whitening Serum Hydrating Facial Essence Moisturizer Nicotinamide Serum Spot Removing Essence Whiten Lighten Skin Spots  Skincare Wajah Mencerahkan",MY,SunMagic,3.0,0,0.0,11.00,MYR,niacinamide serum,https://shop.tiktok.com/my/pdp/serum-niacinamide-vitamin-c-untuk-jerawat-hitam-melembap/1729516877122799111
1806,DERMA RETINOL 5 in 1 CREAM 40ML,MY,Guan Pharmacy,3.0,0,0.0,58.37,MYR,retinol cream,https://shop.tiktok.com/my/pdp/krim-derma-retinol-5-dalam-1-40ml-mengurangkan-penuaan-melembapkan-kulit-mencerahkan-wajah-kurangkan/1731194131087525624
1807,"Krim Muka Retinol, 50ml, Memudarkan Garis Kulit Muka",MY,10-JS.Beauty.MY,3.0,0,0.0,13.07,MYR,retinol cream,https://shop.tiktok.com/my/pdp/krim-muka-retinol-50ml-mengurangi-garis-halus-kasar/1729578799926904087
1808,SADOER Acne facial cleanser salicylic acid + amino acid double-effect cleanser Face Skincare,MY,88Home,3.0,1,1.0,6.00,MYR,salicylic acid cleanser,https://shop.tiktok.com/my/pdp/pembersih-muka-sadoer-salisilik-amino-asid-anti-acne/1729520229640144553
1809,"【Buy 1 Take 1】【Medicube】 PDRN Pink Peptide Serum 30ml - Pink glow serum, Vegan PDRN, Collagen, Brightening for dark spot",MY,Malaysia Medicube Shop,3.0,5,3.0,33.00,MYR,peptide serum,https://shop.tiktok.com/my/pdp/pdrn-pink-peptide-serum-30ml-vegan-kolagen-cerahkan-kulit/1733541439116379748
1810,"【Buy One Get One】[MEDICUBE] PDRN Pink Peptide Serum Ampoule 10,000ppm 30ml | Containing 1% Salmon PDRN | Pink Toning",MY,Medicube Malaysia store.,3.0,0,0.0,40.00,MYR,peptide serum,https://shop.tiktok.com/my/pdp/serum-ampoule-pdrn-pink-medicube-30ml-mengurangkan-bintik-tona-pink/1731522237746021995
1811,"Azelaic Acid 10% Cream - Moisturizing, Nourishing, and Gentle Daily Care for the Skin.",MY,AFROWORLD,3.0,0,0.0,45.30,MYR,azelaic acid,https://shop.tiktok.com/my/pdp/krim-asid-azelaik-10-melembapkan-menyuburkan-lembut-harian-untuk-kulit/1734421378390394147
1812,"[COD+FreeShipping]Azelaic Acid Serum Formula 15% Helps Fade Acne Scars, Fast and Efficient Treatments Jerawat  Wajah",MY,OraMart MY,3.0,0,0.0,10.29,MYR,azelaic acid,https://shop.tiktok.com/my/pdp/1735964265452635215
1813,JUMISO Snail Mucin 95 + Peptide Facial Essence 50ml / 140ml,MY,AriumMY,3.0,5,1.0,48.00,MYR,snail mucin essence,https://shop.tiktok.com/my/pdp/jumiso-snail-mucin-essence-50ml-140ml-peptide-mengangkat-mengencangkan-formula-tanpa-haruman-sesuai-/1733007657853159097
1814,"MEDITHERAPY Centella PDRN Skin Booster Serum 100ml | Centella PDRN, D-Panthenol | Barrier Repair & Calm Skin | Non-Irritating Serum for Sensitive & Acne-Prone Skin – Soothing, Redness Relief",MY,Meditherapy Malaysia,3.0,0,0.0,113.00,MYR,centella serum,https://shop.tiktok.com/my/pdp/1735162999387162198
1815,"XUNMENG Centella Essence Hydrating Serum for Moisture Glow, Inner Deep Moisture, 100ml",MY,XUNMENG.Beauty,3.0,0,0.0,26.39,MYR,centella serum,https://shop.tiktok.com/my/pdp/serum-hydrating-xunmeng-centella-100ml-penghidratan-dalam-membaiki-kulit-bebas-pewangi/1732379927948527067
1816,Dr. Althea 147 Barrier Cream 50ml [eacebeauty] repairing skin barrier moisturizing,MY,e'ACE Beauty,3.0,5,1.0,115.67,MYR,barrier repair cream,https://shop.tiktok.com/my/pdp/krim-pelindung-kulit-dr-althea-147-melembapkan-anti-penuaan/1730927150648100048
1817,BIOAQUA Moisturizing Hyaluronic Acid Essence Hydrating Nourishing Tender Smooth HA Serum 100ml,MY,ROREC Malaysia,3.0,5,1.0,6.40,MYR,hydrating serum,https://shop.tiktok.com/my/pdp/serum-ha-bioaqua-100ml-melembapkan-dan-melindungi-kulit/1729530204243133659
1818,ROREC SADOER Hydrating Hyaluronic Acid Rosehip Oil Facial Serum Soothing Nourishing Intensive Moisturizing 30ml,MY,ROREC Malaysia,3.0,0,0.0,5.70,MYR,hydrating serum,https://shop.tiktok.com/my/pdp/serum-muka-sadoer-dengan-asid-hialuronik-minyak-melati/1732296285344400603
1819,100pcs Disposable Non-Woven Fabric Face Mask Paper  DIY Facial Masque Sheet,MY,Byoi,3.0,5,1.0,6.83,MYR,face mask sheet,https://shop.tiktok.com/my/pdp/100pcs-topeng-muka-kain-bukan-tenunan-sekali-pakai-untuk-diy/1729580294690604721
1820,Hair Loss Shampoo Syampu Hair Loss HEADS Botamix Hair Loss Shampoo 300ml Oil Control Oil Control Oil Control Oil Control Oil Control Oil Control Oil Control Oil Control Hair Fall Rambut Gugur,MY,Amy Beauty Store,3.0,0,0.0,57.00,MYR,hair loss shampoo,https://shop.tiktok.com/my/pdp/syampu-keguguran-rambut-heads-botamix-300ml-untuk-minyak/1729607294720183272
1821,BELLA PARK FILTER EFFECT FOUNDATION ( MATTE) Makeup,MY,MEKS BEAUTY STORE,3.0,0,0.0,31.00,MYR,makeup foundation,https://shop.tiktok.com/my/pdp/bella-park-filter-effect-foundation-matte-untuk-makeup-harian/1731062939322648373
1822,Glass Skin Glowing Cream,MY,Syakierah,3.0,0,0.0,21.80,MYR,glass skin,https://shop.tiktok.com/my/pdp/krim-wajah-berkilat-dengan-spf-30-sesuai-semua-jenis-kulit/1729445546854681020
1823,Vitamin C & Retinal Serum Duo Skincare Gift Set 2-Piece Brightening Firming for Dark Spots Fine Lines & Pores Daily Face Serum,US,Pure Glow Haven Co,2.0,0,0.0,19.00,USD,vitamin c serum,https://shop.tiktok.com/us/pdp/1732658429345763469
1824,Hyaluronic Acid Hydration Serum,US,Nimi Skincare,2.0,4.7,24.0,46.00,USD,hyaluronic acid serum,https://shop.tiktok.com/us/pdp/hyaluronic-acid-serum-nimi-skincare-1-oz-lightweight-hydration/1729563695368213014
1825,"SUNDAY RILEY Peacekeeper Daily Acne Treatment Serum - 2% Salicylic Acid, 8% Azelaic Acid, Botanicals-Infused Soothing Formula for Oil-Prone Skin, Clears Pores, Reduces Acne",US,Sunday Riley,2.0,0,0.0,110.50,USD,azelaic acid,https://shop.tiktok.com/us/pdp/peacekeeper-serum-by-sunday-riley-acne-treatment-with-salicylic-acid-calms-breakouts-reduces-redness-gentle-daily-use/1732504204329193489
1826,"Deep Collagen Vitamin C Cream - Anti-Wrinkle Face Moisturizer with Hyaluronic Acid, Niacinamide & Bosein for Youthful, Glowing Skin",US,Sprout Care,2.0,0,0.0,7.56,USD,collagen cream,https://shop.tiktok.com/us/pdp/deep-collagen-vitamin-c-cream-anti-aging-hydrating/1732567273651212922
1827,"ELROEL Prestige Collagen Lifting Capsule Cream - Official Product Age-defying, Firming and Hydrating Facial Moisturizer with 5 Peptides, Volufiline, Gigawhite & Ectoine - Korean Skin Care for All Skin Types 4.56 fl oz",US,ELROEL Store,2.0,0,0.0,62.32,USD,collagen cream,https://shop.tiktok.com/us/pdp/elroel-prestige-collagen-lifting-cream-anti-aging-hydrating/1732387602387866027
1828,Dual Cream Set | 345 & 147 Cream | Daily Soothing Recovery & Skin Barrier Care for All Skin Types | Korean Vegan Skin Care Set,US,Biodancee,2.0,0,0.0,19.91,USD,barrier repair cream,https://shop.tiktok.com/us/pdp/1732671775969284972
1829,"[Sungboon] Silk Lifting Peptide Ampoule | Wrinkle Care | Face-Lift at Home serum with Peptides & Deep Collagen | Plumping, Smooth, Anti aging Korean Skincare (30ml)",US,katisha271,2.0,0,0.0,9.99,USD,anti aging serum,https://shop.tiktok.com/us/pdp/1732677680094024411
1830,"ISOI Blemish Care Up Serum - Brightening, firming, and hydrating Serum ( 35ml )",US,Soonhari Beauty,2.0,0,0.0,35.00,USD,hydrating serum,https://shop.tiktok.com/us/pdp/isoi-blemish-care-up-serum-35ml-brightening-hydrating-formula/1729641497956880537
1831,"[Hapa Kristin] Hydrating Barrier Serum – 1.01fl oz Ultra-Hydrating Serum for Face – Centella, Hyaluronic Acid and Ceramide Moisturizer – Skin Barrier Complex for Supple, Radiant Skin",US,Hapa Kristin,2.0,0,0.0,23.99,USD,hydrating serum,https://shop.tiktok.com/us/pdp/hydrating-barrier-serum-hapa-kristin-moisturizes-skin-fast-absorbing/1731272955074941391
1832,"Onix Under Eye Cream - Cruelty-Free, Unscented Anti-Aging Moisturizer for Normal-Skin Adults, 24 Months Shelf Life, Caffeine, Vitamin C, Soothing Tea Tree, 15ml Brightening Hydration Treatment",US,Isarena Beautyline's,2.0,0,0.0,15.99,USD,eye cream dark circle,https://shop.tiktok.com/us/pdp/dark-circle-eye-cream-onix-15ml-caffeine-moisturizing/1731059210930917998
1833,"Blackhead Remover Upgraded,  Blackhead Tweezers, Professional Upgraded Facial Blackhead Remover Tweezers, Blackhead Remover Tools Sets",US,RockyVation,2.0,0,0.0,9.99,USD,blackhead remover,https://shop.tiktok.com/us/pdp/professional-blackhead-remover-tweezers-set-stainless-steel/1731954624782111053
1834,"Luxury Silky Neck Cream - For Sensitive Skin Adults, Light-Texture Moisturizing Skincare, Contains Neither Glycerin, 18 Months Shelf Life, Leaves Neck Soft and Smooth",US,MOMAMA US,2.0,0,0.0,6.99,USD,sensitive skin moisturizer,https://shop.tiktok.com/us/pdp/luxury-silky-neck-cream-for-sensitive-skin-hydrating-smooth/1732353550037848430
1835,"PANDOFO White Hydrolyzed Collagen Bandage Sheet Mask (5-Count) - Unisex Adults' Advanced Firming Lift Shaping Care Set, Collagen Film Mask, Fresh Repair, Even Out Tone and Texture, All Skin Types",US,PANDOFO Care Shop,2.0,0,0.0,50.00,USD,face mask sheet,https://shop.tiktok.com/us/pdp/white-bandage-collagen-mask-by-pandofo-firming-lifting-care-5-sheet-masks/1732288866518864704
1836,Glycolic Acid Exfoliating Toner,US,Nak’d Nectar,2.0,0,0.0,24.99,USD,exfoliating toner,https://shop.tiktok.com/us/pdp/glycolic-acid-exfoliating-toner-smooths-skin-tone-brightening/1732154230252015773
1837,"1 Count double-ended facial cleansing brush, silicone and soft bristle side for facial exfoliation and massage",US,Cuminspace,2.0,3,1.0,8.59,USD,facial cleansing brush,https://shop.tiktok.com/us/pdp/double-ended-facial-cleansing-brush-soft-bristles-silicone/1732293874343121068
1838,GOLD STAR LESBIAN shot glass,US,intoxicatednyc,2.0,0,0.0,13.00,USD,glass skin,https://shop.tiktok.com/us/pdp/gold-star-lesbian-shot-glass-fun-cunty-design-perfect-for-parties/1731287445931135974
1839,【BYULBYULSKIN】 MESSOVE TIME-REVERSE SET | Plant Stem Cell Technology | Slow Down Skin Aging with the Energy of Plant Regeneration | Lavender Leaf Cell Extract Soothing |  Epidermal Growth Factor Improves Skin Elasticity | Korean Skincare,US,BYULBYULSKIN,2.0,0,0.0,89.99,USD,korean skincare,https://shop.tiktok.com/us/pdp/korean-skincare-anti-aging-8-in-1-set-with-niacinamide/1729503203181433932
1840,"Poked Tattoo Aftercare Kit Duo | Cleansing Soap and Plush Balm with Soothing Botanicals, Natural Skin Purifiers & Powered by Peptides",US,Poked,2.0,0,0.0,31.99,USD,post procedure skincare,https://shop.tiktok.com/us/pdp/poked-tattoo-aftercare-kit-duo-vegan-hydrating-plant-based/1732047313341223161
1841,JENNIE MOON Ceramide Glowing Day Cream เดย์ครีม Multi-Ceramide Complex สำหรับทุกสภาพผิว 20 ml.,TH,JENNIE MOON,2.0,0,0.0,243.00,THB,ceramide cream,https://shop.tiktok.com/th/pdp/1736677670988580095
1842,Australian skin run kang azelaic acid cream azalea 20 acid anti-acne blackhead acne marks closed 30g,TH,Klay kk,2.0,5,1.0,377.20,THB,azelaic acid,https://shop.tiktok.com/th/pdp/khrim-salefor-aeo-s-si-d-oosetreliy-20-khong-azalea-ld-siw-ld-siw-eyn-roy-siw-30g/1731750852623697034
1843,Vistra Zinc 15Mg 45เม็ด อะมิโนแอซิดคีเลต Zinc Amino Acid Chelate 66.67 มก.,TH,คลองตันเภสัช,2.0,0,0.0,210.00,THB,azelaic acid,https://shop.tiktok.com/th/pdp/vistra-zinc-15-mg-45-emd-esrim-phumikhumkan-samhrab-phuaihy/1731826877452748966
1844,Md Formula P.H.D. Professional Tranexamic Acid 2.5% Niacinamide 4% Brightening Serum 30ml,TH,The Cosmetics Store,2.0,0,0.0,"4,681.00",THB,tranexamic acid serum,https://shop.tiktok.com/th/pdp/es-ram-bamrung-phiwkhaw-krachang-ais-2-5-tramexamic-4-niacinamide/1731601018354698522
1845,PLANTNERY CICA CENTELLA CERAMIDE REPAIR INTENSE SERUM 30 ML แพลนท์เนอรี่ ซิก้า เซรั่ม,TH,Farida_Beauty,2.0,0,0.0,390.00,THB,centella serum,https://shop.tiktok.com/th/pdp/es-ram-bamrung-phiw-hnued-plantnery-cica-centella-ceramide-khnad-30-ml/1729644985078810748
1846,Derma Care Centella Repair Suncream 50ml,TH,Ei Ei Mon Beauty Zone,2.0,0,0.0,454.00,THB,centella serum,https://shop.tiktok.com/th/pdp/1736278877186852403
1847,(แอคเน่+ผัก+เสาวรส+ผักมอยเจอไรเซอร์),TH,ขนมจีนนน,2.0,0,0.0,"2,166.00",THB,acne treatment,https://shop.tiktok.com/th/pdp/phlitphanth-duael-phiwhna-samhrab-pongkan-kar-ekid-rangsi-uv-aela-chwy-aih-phiw-du-krachang-ais/1729834783742004081
1848,เซรั่มรีจูรัน+วิตามินละมุน+บริ้งไนด์ครีม,TH,สาวน้อยร้อยล้าน072,2.0,4,1.0,550.00,THB,acne treatment,https://shop.tiktok.com/th/pdp/es-ra-mr-i-chu-ran-witamin-lamun-br-ing-ain-d-khrim-samhrab-phiw-swy-sukhphaph-di/1731703139807234537
1849,AXISY Dark Spot  Correcting Glow Serum 50 ml,TH,EiEi-BEAUTY,2.0,0,0.0,613.00,THB,dark spot corrector,https://shop.tiktok.com/th/pdp/1734756625726605081
1850,Smooth E Acne-5 Pore Clear Whitening Toner 150ML. โทนเนอร์สำหรับผิวเป็นสิวแพ้ง่าย,TH,Pharmashop4U,2.0,4,1.0,312.00,THB,pore care toner,https://shop.tiktok.com/th/pdp/othn-eno-r-ld-siw-sbay-eo-oa-kh-ri-5-ephaewor-aekh-li-yr-aiwthethnning-150ml/1731111640437197032
1851,Dr.Althea 147 Barrier Cream ครีมตัวแม่ตัวมัมเรื่องเสริมเกราะป้องกันผิว ผิวแข็งแรง เติมความชุ่มชื่น ลดการระคายเคือง,TH,ซันสปลายช็อป,2.0,5,1.0,760.00,THB,barrier repair cream,https://shop.tiktok.com/th/pdp/dr-althea-147-barrier-cream-sutr-bamrung-phiw-khnad-50ml-chak-dr-althea/1732198490844989491
1852,AMADO FACE Premium 24K Gold Collagen Anti-Aging Serum  (2 ขวดใหญ่) -แถมกระเป๋าย่าม /100ml ต่อขวด,TH,Amado.office,2.0,0,0.0,"1,518.00",THB,anti aging serum,https://shop.tiktok.com/th/pdp/amado-face-es-ra-mth-ongkh-am-24k-eplngplang-ooneyaw-100ml-aethm-kraepa-yam-bamrung-phiw-ld-riwroy/1731562593624623561
1853,[ซื้อ 1 แถม 1][2 ขวด]SUN SPOTLESS BRIGHTENING SERUM SPF50+ PA++++ 50ml เซรั่มกันแดดปรับผิวใส ปกป้องผิวจากรังสียูวี,TH,Εucerino Τhailand.tk,2.0,5,1.0,154.00,THB,brightening serum,https://shop.tiktok.com/th/pdp/1737030524221031777
1854,[ซื้อ 1 แถม 1] การผสมผสานระหว่างกลางวันและกลางคืน ครีมบำรุงรอบดวงตาทับทิม รองรับ  บรรจุภัณฑ์ใหม่และเก่าจัดส่งแบบสุ่ม ครีม  ลด  ขอบ  ตาดํา eye  cream  wrinkles eye  cream อ  า  ย  ค  ร  ี  ม eye  mask eye  serum,TH,MINGYU MALL,2.0,0,0.0,73.70,THB,eye cream dark circle,https://shop.tiktok.com/th/pdp/sueo-1-aethm-1-khrim-nwd-hna-ld-elueon-roy-hmong-khlam-elesor/1731894440560658923
1855,SKIN1004 Madagascar Centella Bakuchiol Eye Cream 20ml อายครีม บำรุงรอบดวงตา ลดใต้ตาคล้ำ,TH,มีเสน่ห์และมีชีวิตชีวา,2.0,1,1.0,302.00,THB,eye cream dark circle,https://shop.tiktok.com/th/pdp/skin1004-esn-eth-l-la-ba-ok-chil-oay-khrim-20-ml-samhrab-phiw-rob-dwngta/1731358892724619505
1856,🔥แท้/ดีลสุดคุ้ม/ไลฟ์ทุกวัน🔥AA-181 Ashley Pimple Blackhead Remover Set 2 Items (M),TH,bonita.beauty,2.0,0,0.0,82.00,THB,blackhead remover,https://shop.tiktok.com/th/pdp/est-ni-mi-aa-181-ashley-pimple-blackhead-remover-2-chin/1731892510536598596
1857,โลชั่นNoor,TH,Husna na shop,2.0,0,0.0,157.00,THB,body lotion,https://shop.tiktok.com/th/pdp/olchan-noor-chak-aebrnd-noor-sinkha-khunphaph-sung-samhrab-phiw-swy-eplngplang/1729459784139311950
1858,Lip Sleeping mask organic Cadena,TH,Cadenacosmetics,2.0,0,0.0,129.00,THB,lip mask,https://shop.tiktok.com/th/pdp/1729663883059825484
1859,【ส่งฟรี】ฟองน้ำล้างหน้า Facial cleansing sponge,TH,AILUO KISS,2.0,0,0.0,74.88,THB,facial cleansing brush,https://shop.tiktok.com/th/pdp/1734509261924697200
1860,ส่งด่วน/ส่งทันที CUTE PRESS PURE ORIGIN MICELLAR CLEANSING BALM คลีนซิ่ง บาล์ม เนื้อเนียนนุ่ม ทำความสะอาดผิวหน้าขนาด 20g,TH,Tonycosmetics28,2.0,5,1.0,65.00,THB,facial cleansing brush,https://shop.tiktok.com/th/pdp/1736936430486521378
1861,Lariska glass skin exoglow,TH,Lariska2568,2.0,5,1.0,469.00,THB,glass skin,https://shop.tiktok.com/th/pdp/lariska-glass-skin-exoglow-ekhrueongsamoang-bamrung-phiwhna-khnad-15ml/1732060122039092324
1862,[Way] [ซอง] กลาสสกิน ไนอะซินาไมด์ โกลว์ ซันสกรีน Glass Skin Niacinamide Glow Sunscreen 7ml,TH,Way Beauty Shop 2,2.0,0,0.0,48.00,THB,glass skin,https://shop.tiktok.com/th/pdp/1736239708375451229
1863,ชุดDLโทนเนอร์ และ DLกันแดด,TH,DL Korea Cosmetics,2.0,0,0.0,692.00,THB,korean skincare,https://shop.tiktok.com/th/pdp/1734232493129827747
1864,มาส์กนมสด VNATURE Milky White Beauty Mask วีเนเชอร์ มาส์ก บำรุง ความชุ่มชื้น มอยส์เจอร์ไรเซอร์ ใบหน้า ผิวหน้า,TH,VNATURE Shop,2.0,0,0.0,64.00,THB,vegan skincare,https://shop.tiktok.com/th/pdp/vnature-milky-white-beauty-mask-10ml-ehmaasamhrab-phiwkhaw-krachang-ais/1731229317050632963
1865,คลีนซิ่งวอเตอร์ล้างเมคอัพทุกชนิด หมดจดสะอาด ล้างง่าย ไม่แห้งตึงผิว คงความชุ่มชื้น ผิวสวยใสสุขภาพดี,TH,CharmBeau,2.0,0,0.0,38.40,THB,clean beauty,https://shop.tiktok.com/th/pdp/1735544724554680154
1866,เซตกู้ผิวหลังสงกรานต์ โลชั่นบำรุงผิว + สครับขัดผิว,TH,นาง พาสวย,2.0,0,0.0,194.00,THB,post procedure skincare,https://shop.tiktok.com/th/pdp/est-ku-phiw-hlang-sngkrant-olchan-bamrung-aela-s-khrab-khad-phiw-fuenfu-phiw-hlang-sngkrant-phrom-bamrung-aela-phlad-esll-phiw/1732184702387455987
1867,(DR.Saroj ของแท้)ชุดครีมบำรุงผิวหน้าหลังจากผลัดเซลล์ผิว  ขนาด 60 g. (ครีมกลางวันและครีมกลางคืน),TH,ดร.สาโรชประเทศไทย,2.0,0,0.0,750.20,THB,post procedure skincare,https://shop.tiktok.com/th/pdp/chud-khrim-bamrung-phiwhna-dr-saorch-yamkhamkhuen-aela-klangwan-oal-lan-ot-oin-witamin-oi-sar-skad-chak-thrrmchati/1731818189960415793
1868,Tinh chất Serum Vitamin C Neogen Dermalogy Real Vitamin C Serum làm sáng da 30ml,VN,GiangSeob Cosmetic,2.0,0,0.0,497.837,VND,vitamin c serum,https://shop.tiktok.com/vn/pdp/serum-neogen-dermalogy-vitamin-c-30ml-lam-sang-da-tri-tham-mun/1730301890141456516
1869,Serum HA Mijer lindsay Axit hyaluronic Làm Đẹp Da Dưỡng Ẩm Da Cấp Ẩm Nữ,VN,thietbispa99,2.0,0,0.0,712.415,VND,hyaluronic acid serum,https://shop.tiktok.com/vn/pdp/serum-ha-mijer-lindsay-duong-am-chong-lao-hoa-sang-da/1729635347276270581
1870,Tinh chất peptides ngừa lão hóa & trẻ hóa da THERAMID DERMA-PEPTIDES 30ML - dành tất cả các loại da,VN,SkinStudio - Dược mỹ phẩm,2.0,5,1.0,1.647.731,VND,peptide serum,https://shop.tiktok.com/vn/pdp/1735243873977141030
1871,"Serum peptide sợi giúp cấp ẩm, phục hồi da, cải thiện nếp nhăn liti, tăng độ đàn hồi",VN,Dr Ol cosmetics,2.0,0,0.0,347.284,VND,peptide serum,https://shop.tiktok.com/vn/pdp/serum-peptide-soi-duong-am-giam-nep-nhan-tang-dan-hoi/1731971016225491782
1872,Phức hợp ceramide phục hồi ngừa lão hóa da THERAMID CERAMIDE TREATMENT 30ML,VN,SkinStudio - Dược mỹ phẩm,2.0,5,1.0,1.828.150,VND,ceramide cream,https://shop.tiktok.com/vn/pdp/1735244318069065510
1873,"[DATE MỚI-CHÍNH HÃNG] INTELDERM 3% TRANEXAMIC ACID – Serum cấp ẩm, tăng độ đàn hồi, hỗ trợ sáng làm sáng da, giảm nám",VN,Beauty Pharma - Dược Mỹ Phẩm,2.0,5,1.0,804.372,VND,tranexamic acid serum,https://shop.tiktok.com/vn/pdp/serum-trang-da-intelderm-3-tranexamic-acid-duong-am-lam-sang-da/1731905763727083187
1874,Serum HA + 3% Tranexamic acid Ekseption Hyaluronic TRX 75ml,VN,Bumhouse Cosmetics,2.0,0,0.0,1.354.489,VND,tranexamic acid serum,https://shop.tiktok.com/vn/pdp/serum-ha-tranexamic-acid-ekseption-hyaluronic-75ml/1730657242587630022
1875,Tinh Chất Ốc Sên Jumiso Snail Mucin 95 + Peptide Facial Essence 140ml | Guardian Việt Nam,VN,Guardian Store,2.0,0,0.0,518.649,VND,snail mucin essence,https://shop.tiktok.com/vn/pdp/1734689241282348072
1876,[Mẫu Mới] Serum dưỡng da Kyung Lab Acnes Centella (50ml),VN,UT--STORE,2.0,0,0.0,642.601,VND,centella serum,https://shop.tiktok.com/vn/pdp/serum-duong-da-kyung-lab-acnes-centella-50ml-duong-am-lam-diu-da/1729733180870724049
1877,kem ngày collagen,VN,Tạp Hóa Cô Trang 37,2.0,0,0.0,40.585,VND,collagen cream,https://shop.tiktok.com/vn/pdp/kem-duong-da-collagen-ngay-chong-nang-lam-trang-da/1732163525410130900
1878,COMBO KEM YẾN & SERUM TINH CHẤT  COLLAGEN,VN,Mỹ Phẩm ÚT MƠ NCOLLAGEN,2.0,0,0.0,601.818,VND,collagen cream,https://shop.tiktok.com/vn/pdp/combo-tra-xanh-serum-cham-soc-da-kho-nhanh-thoai-de-su-dung/1731001604839606769
1879,Combo cao sâm nám & serum collagen,VN,Kim trần 4968 MTV,2.0,0,0.0,393.095,VND,collagen cream,https://shop.tiktok.com/vn/pdp/1735427149278774520
1880,kem face sữa+serum collagen tươi,VN,khanhnhu66678,2.0,0,0.0,568.524,VND,collagen cream,https://shop.tiktok.com/vn/pdp/kem-face-sua-serum-collagen-tuoi-duong-trang-da-cap-nuoc/1729509948284570380
1881,"Kem trang điểm BB dưỡng ẩm, bổ sung Collagen - Queenie Collagen Revital BB Cream, 50ml",VN,Dược Mỹ Phẩm Queenie Hàn Quốc,2.0,5,1.0,337.517,VND,collagen cream,https://shop.tiktok.com/vn/pdp/kem-bbqueenie-50ml-duong-am-capcollagen-che-khuyet-diem/1729637516319885610
1882,"THUỐC TRỊ NẤM , NGỨA , DỊ ỨNG",VN,THUỶ-ANH,2.0,0,0.0,293.876,VND,acne treatment,https://shop.tiktok.com/vn/pdp/thuoc-tri-nam-ngua-di-ung-hieu-qua-trong-7-10-ngay/1731598973397010698
1883,KEM DƯỠNG TRẮNG DA GIÚP NGỪA MỤN B5 15G ( FACE PLUS),VN,NT LONG CHÂU SÀI GÒN 2,2.0,0,0.0,194.788,VND,acne treatment,https://shop.tiktok.com/vn/pdp/kem-duong-trang-da-giup-ngua-mun-b5-25g-face-plus/1732161680502064849
1884,"Spot Corrector Light Weight Cream – Pharmaform  SPOT CORRECTOR LIGHT WEIGHT CREAM – KHẮC TINH NÁM, THÂM, DA KHÔNG ĐỀU MÀU",VN,Trâm Xinh Xíu,2.0,0,0.0,678.212,VND,dark spot corrector,https://shop.tiktok.com/vn/pdp/1735188491285988614
1885,"VOKOL-120ml toner bổ sung độ ẩm, kiểm soát dầu, và co lỗ chân lông",VN,VOKOL,2.0,0,0.0,112.561,VND,pore care toner,https://shop.tiktok.com/vn/pdp/toner-vokol-120ml-bo-do-am-kiem-soat-dau-co-lo-chan-long/1736269001999615958
1886,Kem dưỡng phục hồi hàng rào bảo vệ da Vita K - Cica Barrier Repair Cream ( Dung Tích 50g ),VN,Suki auth,2.0,0,0.0,813.982,VND,barrier repair cream,https://shop.tiktok.com/vn/pdp/1736682022110725255
1887,Serum dưỡng ẩm Seasonly Sérum Anti-Âge (Anti-Aging Serum) 15ml,VN,Mr. Vui,2.0,0,0.0,1.415.749,VND,anti aging serum,https://shop.tiktok.com/vn/pdp/serum-anti-age-seasonly-15ml-duong-am-chong-lao-hoa-phap/1730547583271537201
1888,Serum tinh chất chống lão hóa toàn diện ban đêm Yves Rocher Anti-Age Global 30ml,VN,YVES ROCHER,2.0,0,0.0,1.369.867,VND,anti aging serum,https://shop.tiktok.com/vn/pdp/tinh-chat-dung-ban-dem-yves-rocher-the-bi-phased-30ml/1731153760360237443
1889,[Many Colors] Tinh Chất Serum SUPER  BRIGHTENING ESSENCE 30ml Hỗ Trợ Dưỡng Da Trắng Sáng đẹp tự nhiên,VN,Naropa Cosmetic,2.0,0,0.0,173.603,VND,brightening serum,https://shop.tiktok.com/vn/pdp/tinh-chat-brightening-essence-30ml-duong-trang-sang-mo-tham-sam-ho-tro-am-da/1733052633290999519
1890,"[TEM CÔNG TY] Serum VITAL C Hydrating Water Burst Cấp Nước, Dưỡng Ẩm Giúp Trẻ Hóa Làn Da, Căng Sáng Mịn 59ml",VN,Love Beauty Love Skin,2.0,0,0.0,2.235.267,VND,hydrating serum,https://shop.tiktok.com/vn/pdp/serum-vital-c-hydrating-water-burst-duong-am-lam-dep-da/1729709518986054381
1891,Sữa Rửa Mặt Ngừa Mụn Đầu Đen Blackhead Eliminating Scrub Neutrogena 100Gr,VN,Guardian Store,2.0,0,0.0,154.815,VND,blackhead remover,https://shop.tiktok.com/vn/pdp/sua-rua-mat-tay-te-bao-chet-neutrogena-100g-kiem-soat-dau/1732293406957339688
1892,KOL - Nước dưỡng ẩm tối ưu cho da nhạy cảm dProgram Moisturizing Care Lotion 125ml,VN,dprogramvietnam,2.0,0,0.0,504.052,VND,sensitive skin moisturizer,https://shop.tiktok.com/vn/pdp/1733988769301562540
1893,Kem Dưỡng Ẩm Cho Da Nhạy Cảm Bioderma Sensibio Defensive 40Ml,VN,Guardian Store,2.0,0,0.0,460.570,VND,sensitive skin moisturizer,https://shop.tiktok.com/vn/pdp/kem-duong-am-cho-da-nhay-cam-bioderma-sensibio-40ml-an-toan-hieu-qua/1732000077536855080
1894,2 Miếng Mặt Nạ Giấy Dưỡng Da Hàn Quốc Pretty Skin 23ml vị ngẫu nhiên mask sheet,VN,Đỏ - Cosmetics,2.0,0,0.0,61.293,VND,face mask sheet,https://shop.tiktok.com/vn/pdp/mieng-mat-na-duong-da-premium-vitamin-c-peptide-23ml/1732139368811694961
1895,Kem Chống Nắng SPF 50,VN,Mai NTN,2.0,0,0.0,214.746,VND,sunscreen spf50,https://shop.tiktok.com/vn/pdp/kem-chong-nang-spf-50-tham-thau-nhanh-nang-tone-da-khong-bet-dinh/1729675026487217032
1896,"Sữa Dưỡng Thể LouvCell Crystal Whitening Body Lotion 250ml dưỡng trắng, làm mịn và ngăn ngừa lão hóa Skin House",VN,Skin House Cosmetic,2.0,4.5,2.0,710.864,VND,body lotion,https://shop.tiktok.com/vn/pdp/sua-tam-nuoc-hoa-diy-pink-addict-duong-am-lam-trang-da/1729607937436125400
1897,"Sữa Dưỡng Thể Trắng Da Body Louv Cell Lotion Hàn Quốc 250ml - Dưỡng Ẩm, Làm Trắng Da, Giảm Thâm Nám, Ngừa Lão Hóa",VN,NGƯỜI ĐẸP CƠ BẮP,2.0,5,1.0,535.914,VND,body lotion,https://shop.tiktok.com/vn/pdp/1736643899805304249
1898,[DEAL SHOCK]Bộ dầu gội xả ngăn ngừa và giảm rụng tóc Vichy Dercos Energy+ Shampoo Hairloss 200ml giúp tóc chắc khỏe và dày dặn_haircare nam và nữ_ dùng được trên mọi nền da đầu nhạy cảm,VN,Vichy Vietnam,2.0,0,0.0,738.917,VND,hair loss shampoo,https://shop.tiktok.com/vn/pdp/1735671463273662139
1899,Mặt nạ ngủ môi Tocobo Lip Mask 20ml,VN,Đẹp cùng SonAuth,2.0,4,1.0,394.505,VND,lip mask,https://shop.tiktok.com/vn/pdp/mat-na-ngu-moi-tocobo-lip-mask-20ml-cham-soc-moi-hieu-qua/1733432375651305300
1900,"Bột Thiên Nhiên TM Beauty - 50gram - Hỗ trợ làm sạch da, dưỡng sáng,mềm mịn - An toàn, lành tính, 100% nguyên chất",VN,LT.Trúc Mai,2.0,0,0.0,26.358,VND,clean beauty,https://shop.tiktok.com/vn/pdp/sua-rua-mat-saffaron-meiiskin-lam-sach-da-duong-sang-da-chat-luong-cao/1732452827783660644
1901,"Neo SkinTech Original Repair Serum 5% Niacinamide + Hyaluronic Acid (Asid Hialuronik) 30ml Serum Wajah Pelembap Melembapkan Kulit, Bantu Kulit Kelihatan Lebih Berseri, Sesuai Semua Jenis Kulit, Penjagaan Kulit Harian Pagi Malam",MY,Zhiya Great Finds,2.0,0,0.0,15.40,MYR,hyaluronic acid serum,https://shop.tiktok.com/my/pdp/1737321077010761308
1902,"Purito Dermide Relief Barrier Moisturizing Repair Cream 100ml, 5-fold ceramide + Centella, sensitive muscle barrier repair, 72-hour long-lasting water-blocking moisturizer, soothes sensitive redness, alcohol-free and flavor-free",MY,NUTRISHINE1,2.0,0,0.0,62.04,MYR,barrier repair cream/ceramide cream,https://shop.tiktok.com/my/pdp/krim-pelembap-pembaikan-barrier-sensitif-72-jam-tanpa-alkohol/1732091733509440838
1903,[ BeautyVault ] READY STOCK | NATURIUM - Azelaic Acid Emulsion 10%,MY,BeautyVault MY,2.0,5,1.0,224.00,MYR,azelaic acid,https://shop.tiktok.com/my/pdp/naturium-azelaic-acid-emulsion-10-vegan-bebas-paraben/1729432931888760963
1904,Acne treatment gel Azelaic Acid 15% + Niacinamide| Moisturizes and helps soothe the skin. Facial acne.,MY,ROSNAH BINTI ZAINUDDIN,2.0,5,1.0,12.58,MYR,acne treatment/azelaic acid,https://shop.tiktok.com/my/pdp/gel-rawatan-jerawat-azelaik-asid-15-niasinamida-melembapkan/1736165321574024901
1905,🌟 OUHOE Krim Penjagaan Kulit Azelaic Acid💧 Anti-Cela · Kulit Licin & Berseri # OUHOE # Krim Jerawat # Asid Azelaik # Kulit Licin # Kulit Bercahaya # Kering # Wajah # Mencerahkan # Moisturizers # acid,MY,GlowMild shop-NO.2,2.0,0,0.0,13.88,MYR,azelaic acid,https://shop.tiktok.com/my/pdp/krim-penjagaan-kulit-ouhoe-azelaic-acid-anti-cela-kulit-licin-segar/1732300503566025740
1906,TRANEXAMIC ACID 3% + SUCCINIC ACID 2% MULTI BRIGHT BOOSTER,MY,CTZ BEAUTE EMPIRE,2.0,5,1.0,58.00,MYR,tranexamic acid serum,https://shop.tiktok.com/my/pdp/tranexamic-asid-3-sucinik-asid-2-booster-kulit-cerah/1729657465642255480
1907,ROREC SADOER Soothing And Tender Serum CLCA Centella Asiatica Lightweight Refreshing Deeply Replenishing 30ml,MY,ROREC Malaysia,2.0,0,0.0,4.60,MYR,centella serum,https://shop.tiktok.com/my/pdp/serum-melembapkan-menenangkan-kulit-sensitif-30ml/1732296301981041883
1908,Collagen Cream (1Box 12pcs) Wholesale Price,MY,GlowUp Cosmetics0,2.0,0,0.0,55.12,MYR,collagen cream,https://shop.tiktok.com/my/pdp/krim-kolagen-1-kotak-12pcs-harga-borong-kualiti-tinggi-rona-kulit-halus/1730793161781904639
1909,"COD 701 Collagen 4-in-1 Combo Pack (cream+soap+toner) for improve skin texture, brightness, and hydration while targeting signs of aging",MY,Prime Beauty,2.0,0,0.0,32.32,MYR,collagen cream,https://shop.tiktok.com/my/pdp/cod-701-collagen-4-in-1-combo-pack-untuk-kulit-cerah-kering/1734315601491821776
1910,Whitening Body Cream Collagen X3 Luxury SPF 45++(250g),MY,TNN.0710,2.0,0,0.0,66.00,MYR,collagen cream,https://shop.tiktok.com/my/pdp/krim-pemutih-badan-kolagen-mewah-spf-45-untuk-kulit-halus/1729565767703759159
1911,COLLAGEN CPVE KRIM + free gift,MY,MyYurish,2.0,0,0.0,5.00,MYR,collagen cream,https://shop.tiktok.com/my/pdp/collagen-cpve-krim-ceriakan-kulit-hadiah-percuma-hidrasi-maksimum/1729536385874691449
1912,acne serum treatment penghilang jerawat ubat jerawat dan parut acne scars pimple remover whitening brightenin skincare,MY,NaturLife Care-MY,2.0,0,0.0,12.50,MYR,acne treatment,https://shop.tiktok.com/my/pdp/serum-rawatan-jerawat-penghilang-parut-whitening-skincare/1732898623498716393
1913,[50% discount]  Dark Spot Correcting Glow Serum 50ml (ORIGINAL ada chop yagen).,MY,Watsonshop,2.0,0,0.0,34.00,MYR,dark spot corrector,https://shop.tiktok.com/my/pdp/50-diskoun-serum-pembaikan-noda-gelap-50ml-asli-dengan-chop-yagen/1734493066803447603
1914,AnYi Beauty Dark Spot Corrector Cream Penghilang Dark Spot Anti Jeragat Sunburn Untuk Seluruh Badan Termasuk Muka Intim Ketiak Leher Belakang Jegg Siku Lutut 30ml,MY,sellershop6893,2.0,0,0.0,12.00,MYR,dark spot corrector,https://shop.tiktok.com/my/pdp/krim-pencerah-warna-penyamai-macap-semua-jenis-kulit/1731709153566229984
1915,Vitamin Brightening Serum,MY,V&K OnlineShop,2.0,5,1.0,23.00,MYR,brightening serum,https://shop.tiktok.com/my/pdp/1735043921405970392
1916,DR RELUIRE BRIGHTENING SERUM 15ML FOR GLOWING SKIN,MY,Vanakkam collection,2.0,0,0.0,49.11,MYR,brightening serum,https://shop.tiktok.com/my/pdp/serum-pencerah-kulit-dr-reluire-15ml-untuk-kulit-cerah-halus/1729609285793055897
1917,Hydrating repairing serum sooth - Paraller skincare,MY,Paraller Skincare.my,2.0,5,1.0,46.09,MYR,hydrating serum,https://shop.tiktok.com/my/pdp/1735590654796923932
1918,HYA Serum - Hydrating Face Serum Moisturizer 30ml,MY,V&K OnlineShop,2.0,0,0.0,60.00,MYR,hydrating serum,https://shop.tiktok.com/my/pdp/krim-pemutih-drh-muka-cerah-tanpa-makeup-kulit-bersinar-skincare/1731939450328025048
1919,Eye Serum Dark Circle Eye Bag Remover Cream Original Eyebag And Dark Circle Remover Cream Anti Puffiness Anti-Wrinkle Eye Essence Oil Roller Fade Dark Circles Eye Bags Improve Fine Lines Lifting Firming Eyes Skin Care Serum,MY,kkOn9,2.0,0,0.0,4.20,MYR,eye cream dark circle,https://shop.tiktok.com/my/pdp/serum-mata-gelap-penghilang-beg-mata-anti-kedut-pencerah/1729653354669050703
1920,Revuele Ceramide Eye Cream 25ml Repair Cream for Dark Circles and Puffiness,MY,Nutri LifeScience,2.0,5,1.0,47.58,MYR,eye cream dark circle,https://shop.tiktok.com/my/pdp/krim-mata-revuele-ceramide-untuk-lingkaran-hitam-kemerahan/1729650977907182485
1921,Blackhead Removal Face Mask Peel Off Acne Treatment Black Head Remover Blackhead Remover Cleaner Mask Deep Cleansing,MY,Ymt816,2.0,4,1.0,7.86,MYR,blackhead remover,https://shop.tiktok.com/my/pdp/topeng-muka-penghilang-kusut-hitam-pelepas-jerawat-pembersih-dalam/1729509876757988408
1922,【ready stock】 PURITO Mighty Bamboo Panthenol Cream 100ml Suitable for sensitive skin,MY,My Purito Malaysia,2.0,1,1.0,49.00,MYR,sensitive skin moisturizer,https://shop.tiktok.com/my/pdp/krim-panthenol-bambu-purito-untuk-kulit-sensitif-100ml/1732207670356968741
1923,100pcs Disposable Non-Woven Fabric Face Mask Paper  DIY Facial Masque Sheet,MY,Hollliss,2.0,0,0.0,6.83,MYR,face mask sheet,https://shop.tiktok.com/my/pdp/100pcs-mask-wajah-kertas-fabric-non-woven-kulit-cantik-tiada-alkohol-penjagaan-harian/1733264999947994833
1924,100pcs Disposable Non-Woven Fabric Face Mask Paper  DIY Facial Masque Sheet,MY,MY-Johnny,2.0,0,0.0,6.83,MYR,face mask sheet,https://shop.tiktok.com/my/pdp/100pcs-topeng-muka-kain-bukan-tenunan-sekali-pakai-untuk-diy/1732155684481631437
1925,100Pcs Disposable DIY Face Care Cosmetic Facial Mask Paper Sheet,MY,159Jotun,2.0,0,0.0,19.90,MYR,face mask sheet,https://shop.tiktok.com/my/pdp/100-pcs-topeng-muka-kecantikan-kosmetik-dapur-diy-lembut-selamat/1731612173580665928
1926,FAN BEAUTY DIARY 10-Piece Assorted Sheet Mask Set | 10 Types Skincare Benefits in One Box | Daily Hydration & Glow Care,MY,Fan Beauty Diary-MY,2.0,0,0.0,244.00,MYR,face mask sheet,https://shop.tiktok.com/my/pdp/1735483693653198049
1927,FASFONE Facial Cotton Pad Face Mask Sheet Paper Natural Skin Care Stretchable Beauty,MY,FASFONE TRAVEL,2.0,0,0.0,4.09,MYR,face mask sheet,https://shop.tiktok.com/my/pdp/fasfone-kain-tisu-wajah-kapas-semulajadi-lembut-serbaguna/1733270769947215779
1928,Protect sunscreen SPF 50 day cream,MY,SR88 EMPAYER,2.0,0,0.0,11.00,MYR,sunscreen spf50,https://shop.tiktok.com/my/pdp/krim-hari-pelindung-cahaya-matahari-spf-50-ready-stock/1729557346855782350
1929,Facial toner Exfoliating Extra strength 60ml Readyship,MY,Cmhbeauty,2.0,0,0.0,8.50,MYR,exfoliating toner,https://shop.tiktok.com/my/pdp/toner-muka-ekstra-kuat-60ml-siap-kirim-stok-sedia-ada/1731756858821543105
1930,KL Stock Losyen pedikur Penjagaan Badan Pedimani Body Lotion 1000ml Rose Hydrating Moisturizing Lotion SHIMEIJIALI身体护理乳液,MY,pposhep,2.0,0,0.0,33.00,MYR,body lotion,https://shop.tiktok.com/my/pdp/1737182776420697941
1931,Body Whitening BODYLOTION WHITENING AND TRANSLUCENT Body Care Lotion,MY,QW Fashions,2.0,0,0.0,1.30,MYR,body lotion,https://shop.tiktok.com/my/pdp/1737323767265527502
1932,Herbal Shampoo Soap Anti-hair LossSmooths Hair Removes DandruffPrevents Itching Cleanses Scalp,MY,PassionSupermarket,2.0,5,1.0,12.20,MYR,hair loss shampoo,https://shop.tiktok.com/my/pdp/sabun-rambut-herbal-usmani-daun-cemara-120g-tanpa-kimia/1732924433164502853
1933,Masker Bibir Melembap | Bibir Lembut & Licin-ELF Holy Hydration! Lip Mask,MY,Fnbeauty99,2.0,0,0.0,55.00,MYR,lip mask,https://shop.tiktok.com/my/pdp/e-l-f-holy-hydration-lip-mask-pelembap-bibir/1729743714307245588
1934,Soft Cleansing Silicon 3D Facial Massage Brush,MY,Takarushop,2.0,0,0.0,10.57,MYR,facial cleansing brush,https://shop.tiktok.com/my/pdp/berus-urut-muka-silikon-lembut-dua-sisi-untuk-pembersihan/1729455311499790645
1935,[ ORIGINAL HQ ] FOUNDATION STICK,MY,FAYCY MAKEUP,2.0,0,0.0,11.00,MYR,makeup foundation,https://shop.tiktok.com/my/pdp/1737097192835876403
1936,[Pakej Istimewa] SKIN627 Krim + Serum Intensif | Set Penjagaan Kulit Harian Korea Melembapkan Pencerah,MY,BEAUTYSTALL,2.0,5,1.0,68.22,MYR,korean skincare,https://shop.tiktok.com/my/pdp/pakej-istimewa-skin627-krim-serum-intensif-melembapkan-pencerah/1733518553847006744
1937,brilliant skin new packaging,MY,beauty shopp cosmetic,2.0,0,0.0,28.20,MYR,clean beauty,https://shop.tiktok.com/my/pdp/set-penjagaan-kulit-sempurna-untuk-remaja-kulit-sensitif/1729719690579904447
1938,SARIAYU SET berpantang 4in1 /param/Tapel/pilis/minyak Telon Rawatan ibu lepas bersalin,MY,SABENA BEAUTY CARE,2.0,0,0.0,76.65,MYR,post procedure skincare,https://shop.tiktok.com/my/pdp/sariayu-set-berpantang-4in1-rawatan-selepas-bersalin-param-pilis-minyak-telon/1731863043283780965
1939,HIRUSCAR POST ACNE - Silicone Pro - Gel - Spot Gel - Mengurangkan kesan bekas jerawat - Nextage,MY,Farmasi Nextage,2.0,5,1.0,45.00,MYR,post procedure skincare,https://shop.tiktok.com/my/pdp/hiruscar-post-acne-gel-anti-bakteria-untuk-bekas-jerawat/1729596139161684854
1940,"Geek & Gorgeous Gentle Exfoliating Skin Care Trio Set - 3 Items with 10% Niacinamide Serum for Skin Repair, Blemish Fighting, Anti-Aging Support",US,Geek & Gorgeous,1.0,0,0.0,48.42,USD,niacinamide serum,https://shop.tiktok.com/us/pdp/clear-days-kit-for-combination-skin-exfoliant-serums/1731743837476065600
1941,"Arencia Vitamin C Booster Shot Serum with Glutathione, Niacinamide and Vitamin E for Dark Spot, Fine Lines & Wrinkles, Glass Skin, Korean Skincare 30ml/1.01 fl.oz(1-3PCS)",US,GXG Store6,1.0,0,0.0,11.80,USD,vitamin c serum,https://shop.tiktok.com/us/pdp/1732675888803058294
1942,Hyaluronic Acid Serum,US,𝑵𝒊𝒂𝒉’𝒔 𝑬𝒔𝒔𝒆𝒏𝒕𝒊𝒂𝒍,1.0,5,1.0,23.00,USD,hyaluronic acid serum,https://shop.tiktok.com/us/pdp/hyaluronic-acid-serum-for-deep-hydration-natural-glow/1732205487854556145
1943,JOYAL BEAUTY Hyaluronic Acid Serum for Face Skin Eyes Lips. 100% Pure Anti-aging Hydrating Skin Serum. 4% Highest Concentration On The Market. Super Low Molecular Weight for Deep Penetration. Boost Skin Elasticity and Collagen for Younger Look,US,Joyal Beauty,1.0,0,0.0,16.99,USD,hyaluronic acid serum,https://shop.tiktok.com/us/pdp/hyaluronic-acid-serum-by-joyal-beauty-4-anti-aging-deep-hydration/1729436739719237869
1944,"Hydrating Hyaluronic Acid Serum, Enhances Skin Elasticity & Firmness, Nourishes Smooth Radiant Skin, Daily Skincare Essence, Moisturizing",US,Quality Girls,1.0,0,0.0,2.66,USD,hyaluronic acid serum,https://shop.tiktok.com/us/pdp/hydrating-hyaluronic-acid-serum-enhances-elasticity-firmness/1732213001925529914
1945,"Ceramide Barrier Repair Moisturizer - Niacinamide, Peptides, Hyaluronic Acid - Daily Soothing Hydrating Cream for Sensitive Skin, Redness Relief, Pore Refinement, Anti-Aging, Dull Skin Brightening - Made in USA - 1.7 fl oz, Long-Lasting Moisture, Moisturi",US,locyleafe,1.0,5,1.0,55.99,USD,ceramide cream,https://shop.tiktok.com/us/pdp/ceramide-barrier-repair-moisturizer-sensitive-skin-care/1732293961772405279
1946,"Anua Niacinamide-Rich Tranexamic Acid Serum 30ml - Lightweight UV-Protective Dark Areas Corrector, Brightening Facial Serum for Fading Spots, Evening Tone, Boosting Radiance, Suitable for AM/PM Use Skincare Routine, Fragrance-Free",US,TOPBUNNY PLUS,1.0,0,0.0,22.99,USD,tranexamic acid serum,https://shop.tiktok.com/us/pdp/anua-niacinamide-txa-dark-spot-serum-30ml-brightening-formula/1732517870869648364
1947,"SKIN1004 Madagascar Centella Teca Ampoule 50ml high-purity centella TECA facial serum, relieves stressed sensitive skin and smooths the look of fine lines for calm balanced complexion",US,GlowLane Beauty,1.0,0,0.0,15.00,USD,centella serum,https://shop.tiktok.com/us/pdp/1732669624813326726
1948,"Skidnryka 2 bottles of collagen face cream, a 2-minute lifting and firming cream rich in collagen and hyaluronic acid, providing deep hydration, suitable for all skin types, Christmas gift",US,Glam Box A,1.0,0,0.0,8.80,USD,collagen cream,https://shop.tiktok.com/us/pdp/skidnryka-collagen-face-cream-2-minute-lifting-firming/1732635680534401073
1949,Dr.Althea Dual Cream Set | 345 & 147 Cream | Daily Soothing Recovery & Skin Barrier Care for All Skin Types | Korean Vegan Skin Care Set,US,Biodancee,1.0,0,0.0,19.91,USD,barrier repair cream,https://shop.tiktok.com/us/pdp/1732676855786279788
1950,"[Cordiale] Camellia Revitalizing Barrier Cream, Korean Face Moisturizer with Ceramide and Copper Peptide, 24-Hour Deep Hydration Night Cream, Non-Greasy for Dry Sensitive Skin, Anti Aging K-Beauty, 1.69 fl oz",US,Cordiale US Store,1.0,0,0.0,22.95,USD,barrier repair cream,https://shop.tiktok.com/us/pdp/1732556177088090124
1951,Blackhead Remover Vacuum Pore Cleaner Tool with 3 Suction Levels and 6 Heads for Effective Skin Care,US,KMotionEnterprise,1.0,0,0.0,24.99,USD,blackhead remover,https://shop.tiktok.com/us/pdp/blackhead-remover-vacuum-pore-cleaner-with-3-levels-6-heads/1732319524782838270
1952,"Hannah Grace Super-lifting and firming sheet masks. All day healing moisture formulated for ultimate rejuvenation: visibly plumper, healthier, firmer, lifted-looking skin.",US,Hannah Grace Skincare,1.0,0,0.0,21.95,USD,face mask sheet,https://shop.tiktok.com/us/pdp/hannah-grace-super-lifting-sheet-masks-5-pack-for-firm-and-youthful-skin/1729410728815268703
1953,"White Bandage Collagen Mask Exquisite Facial Mask - An advanced shaping care set for the face, featuring firming and lifting effects. It consists of 5 facial masks.-2",US,Pandofo Beauty Shop,1.0,0,0.0,30.00,USD,face mask sheet,https://shop.tiktok.com/us/pdp/white-bandage-collagen-mask-set-firming-lifting-effects/1732312555959455809
1954,BLOOM | Exfoliating Facial Toner,US,BLOOM - Your Esthetician,1.0,4,1.0,9.99,USD,exfoliating toner,https://shop.tiktok.com/us/pdp/exfoliating-facial-toner-by-bloom-aha-blend-for-brightening-skin/1729425820000620565
1955,"Augustinus Bader The Essence Exfoliating Toner, Skincare Exfoliant for Gentle Skin Renewal",US,Revolve,1.0,5,1.0,100.00,USD,exfoliating toner,https://shop.tiktok.com/us/pdp/exfoliating-toner-by-augustinus-bader-3-in-1-formula-hydrating-100ml/1729383945949778176
1956,"EELHOE Anti-Hair Loss Shampoo - Firming, Thickening, Fluffy, Smooth, Strong and Repairing Hair Care Shampoo Conditioner Haircare Foam Cleansing Cleanser shampoo hair growth black hair dye shampoo basedleaveconditioner",US,12 o 'clock in the morning,1.0,0,0.0,29.90,USD,hair loss shampoo,https://shop.tiktok.com/us/pdp/anti-hair-loss-shampoo-volumizing-strengthening-formula/1731464698409160946
1957,"1/2pc Random Color Octopus-shaped facial cleansing brush, 2-in-1 facial skin massage cleansing brush, for deep cleaning A mild exfoliating beauty tool",US,Yu Meng beauty tools,1.0,0,0.0,2.54,USD,facial cleansing brush,https://shop.tiktok.com/us/pdp/octopus-shaped-facial-cleansing-brush-exfoliating-massaging/1731635018861548060
1958,"[SoloVegan TikTok Shop Exclusive] 8-Day Overnight Radiance 2-Step Glow Repair Mask BOGO Deal - Unisex Unscented Vegan Korean Skincare (1 Serum + 1 Sheet x8 Packs), Dry Skin Plumping Collagen + Niacinamide Sleeping Mask, Moisturizing Smooth Repair",US,SoloVegan Skincare,1.0,5,1.0,31.20,USD,vegan skincare,https://shop.tiktok.com/us/pdp/8-days-overnight-radiance-solution-solovegan-glow-repair-mask-bogo/1732184162456670544
1959,CLEO,US,K'LUXE BEAUTY,1.0,5,1.0,14.00,USD,clean beauty,https://shop.tiktok.com/us/pdp/lip-gloss-by-kulture-beauty-cleopatra-pineapple-scented-vegan-formula/1729476672790040946
1960,clear-wash,US,BREAD BEAUTY,1.0,0,0.0,24.00,USD,clean beauty,https://shop.tiktok.com/us/pdp/bread-clear-wash-fragrance-free-foaming-rosemary-shampoo/1732044851447894783
1961,Niacinamide Serum 30ml สำหรับผิวที่แห้งและขาดความชุ่มชื้น ช่วยให้ผิวมีความชุ่มชื้นและฟื้นฟูผิว,TH,DRHANCY SHOP,1.0,0,0.0,79.84,THB,niacinamide serum,https://shop.tiktok.com/th/pdp/1736754226098963716
1962,ISNTREE Hyper Niacinamide 20 Serum (20ml) เซรั่มบำรุงผิวสูตรเข้มข้น Niacinamide 20% และ Arbutin ดูแลปัญหาผิวหมองคล้ำ สีผิวดูไม่สม่ำเสมอ และจุดด่างดำสะสม ช่วยดูแลสมดุลความมันส่วนเกิน เพื่อผิวดูเนียนละเอียด,TH,Isntree TH,1.0,0,0.0,518.90,THB,niacinamide serum,https://shop.tiktok.com/th/pdp/1736443545535612231
1963,SKINPASTEL X5 Derma Retinol Cream Ampoule 35ml. เรตินอลครีม,TH,Beautiful08 สถานีความงามครบวงจร,1.0,0,0.0,407.00,THB,retinol cream,https://shop.tiktok.com/th/pdp/skinpastel-x5-derma-retinol-cream-ampoule-35ml-es-ram-bamrung-phiwhna-sk-i-nph-as-eth-l-khnad-35-ml-samhrab-phuhying-aela-phuchay/1732298255874165028
1964,SPEZIALISE RETINOL REVIVAL NIGHT RETREAT CREAM,TH,LAB Society,1.0,0,0.0,337.00,THB,retinol cream,https://shop.tiktok.com/th/pdp/1731757936546317386
1965,KANDA Vita-A Retinol Cream 50ml ครีมเรตินอล ฟื้นบำรุงริ้วรอย ลดเลือนริ้วรอย มอบความอ่อนเยาว์ - Skincare,TH,Kanda Beauty,1.0,0,0.0,372.00,THB,retinol cream,https://shop.tiktok.com/th/pdp/khrim-ertinol-kanda-vita-a-khnad-50ml-samhrab-phiw-swy-krachang-ais-sk-in-aekhr/1730984268628920362
1966,BRYG 5% ETHYL ASCORBIC ACID SERUM เซรั่ม วิตามินซี Vitamin C Serum,TH,sp shop123,1.0,0,0.0,103.00,THB,vitamin c serum,https://shop.tiktok.com/th/pdp/bryg-5-ethyl-ascorbic-acid-serum-sutr-ekhmkhn-samhrab-phiw-krachang-ais/1729686427396377310
1967,CERA-VE Hydrating Hyaluronic Acid Serum 30ml,TH,BEAUTRIUM,1.0,0,0.0,673.00,THB,hyaluronic acid serum/hydrating serum,https://shop.tiktok.com/th/pdp/1731158166920268322
1968,Torriden DIVE IN Hyaluronic Acid เซรัมกรดไฮยาลูโรนิค 50ml (พร้อมส่ง/exp.2026)สกินแคร์จากประเทศเกาหลี,TH,Wellnessbeauty shop,1.0,0,0.0,465.00,THB,hyaluronic acid serum,https://shop.tiktok.com/th/pdp/es-ra-mkr-d-aih-ya-lu-or-ni-k-torriden-dive-in-50ml-chak-ekahli/1730480927308089382
1969,Signora HYA8 Whitening Serum 10ml เซรั่มบำรุงผิวหน้าสูตรพรีเมียม 8D HYA ไฮยาลูรอนิกแอซิด 8 สายพันธุ์ ผิวอิ่มฟู ฉ่ำเด้ง ชุ่มชื้นยาวนาน ปรับสีผิวเรียบเนียน กระจ่างใส ด้วย Alpha Arbutin & Vitamin B3 น้ำมันมะพร้าวพรีเมียม,TH,Myra herbals,1.0,5,1.0,76.97,THB,hyaluronic acid serum,https://shop.tiktok.com/th/pdp/1735647845827249710
1970,เซราไมด์ เคโอริช 2 ชิ้น  Ceramide Glassy Creamy Korich,TH,nicha0818,1.0,0,0.0,261.00,THB,ceramide cream,https://shop.tiktok.com/th/pdp/1737417047853335764
1971,ครีม Azelaic Acid 15% 30g ครีมบำรุงผิวหน้า สำหรับผิวเป็นสิวและผิวมัน ช่วยดูแลรอยสิว จุดด่างดำ ผิวไม่เรียบเนียน เนื้อครีมบางเบ า สำหรับดูแลผิวหน้าเป็นประจำ,TH,สบายมาร์ท ไทย,1.0,0,0.0,454.22,THB,azelaic acid,https://shop.tiktok.com/th/pdp/1737296565343389142
1972,เซรั่มขวดเหลือง บำรุงผิวหน้า 30ml. - (TRANEXAMIC ACID SERUM),TH,airi.original,1.0,0,0.0,306.00,THB,tranexamic acid serum,https://shop.tiktok.com/th/pdp/es-ram-bamrung-phiwhna-tranexamic-acid-serum-khnad-30ml-samhrab-phuhying/1732062272519965588
1973,NAMU - Snailwhite The Ultimate Intense Snail Mucin Cream (6ml) นามุ ไลฟ์ สเนลไวท์ ดิ อัลติเมท อินเทนส์ สเนล มูซิน ครีม,TH,EVEANDBOY TH,1.0,0,0.0,63.00,THB,snail mucin essence,https://shop.tiktok.com/th/pdp/namu-khrim-nu-thr-ik-esor-chueo-snailwhite-khnad-6ml-aebrnd-eveandboy/1732740923728430467
1974,"เซรั่ม Centella, EELHOE, 30ML, เซรั่มบำรุงผิวหน้าเสริมกรดไฮยาลูโรนิกและวิตามินอี, ให้ความชุ่มชื้นและให้ความชุ่มชื้น, เหมาะสำหรับทุกสภาพผิว, สูตรไม่แต่งกลิ่นด้วยกลีเซอลีน, Centella Asiatica, สำหรับผิวเรียบเนียน",TH,STARFUN,1.0,0,0.0,108.41,THB,centella serum,https://shop.tiktok.com/th/pdp/1732007573154728264
1975,อาร์-อา Centella Cica Gel 99% ครีมบำรุงผิวหน้า ด้วยสารสกัดจาก Centella 99% สำหรับผิวที่แพ้ง่าย,TH,Shopเพลิน ออนไลน์,1.0,0,0.0,46.00,THB,centella serum,https://shop.tiktok.com/th/pdp/1736052726336423644
1976,￼เซรั่มลดรอย ทาแผล คัน สูตรเข้มข้นถูกแท้ Centella Scar serum   ขนาด 30 กรัม,TH,ปาล์มมี่ช้อป ขายทุกอย่าง,1.0,0,0.0,345.00,THB,centella serum,https://shop.tiktok.com/th/pdp/es-ra-ml-dr-oy-tha-aephl-khan-sutr-ekhmkhn-thuk-aeth-centella-scar-serum-khnad-30-kram/1730603738609715624
1977,"【peepee_sunny】LANBENA Acne Treatments Serum 12ml, Skincare, สกินแคร์,Acne Treatments สิว",TH,Lanbenath,1.0,0,0.0,515.00,THB,acne treatment,https://shop.tiktok.com/th/pdp/1733011543358474114
1978,"【ซื้อ 1 แถม 1】 AXIS-Y Dark Spot Correcting Glow Serum 50 ml | ดูแลฝ้าแดด จุดด่างดำ ลดรoยมีรoย - สกินแคร์, SkincareKWUJA",TH,AXIS-Y OfficialThailand,1.0,0,0.0,287.00,THB,dark spot corrector,https://shop.tiktok.com/th/pdp/es-ram-aekaikh-chud-hmong-an-axis-y-50ml-bamrung-phiw-krachang-ais-ld-elueon-chuddang-dam/1731957351427835002
1979,"【ซื้อ 1 แถม 1】 AXIS-Y Dark Spot Correcting Glow Serum 50 ml | ดูแลฝ้าแดด จุดด่างดำ ลดรoยมีรoย - สกินแคร์, SkincarePKCEW",TH,AXIS-YOfficialThailand,1.0,0,0.0,299.00,THB,dark spot corrector,https://shop.tiktok.com/th/pdp/es-ram-aekaikh-chud-hmong-an-axis-y-50ml-bamrung-phiw-krachang-ais-ld-elueon-chuddang-dam/1731956405403288932
1980,GoodAge Dark Spot Corrector กู๊ดเอจ ดาร์ก สปอต คอเรคเตอร์ แอนตี้ออกซิแดนท์ บอดี้ โลชั่น 100 มล.,TH,ซีเอส ซูเปอร์มาร์เก็ต,1.0,0,0.0,127.00,THB,dark spot corrector,https://shop.tiktok.com/th/pdp/goodage-dark-spot-corrector-khrim-aekaikh-chud-hmong-khlam-khnad-100-kram/1729857864686406065
1981,"【Buy One Get One Free】 AXIS-Y Dark Spot Correcting Glow Serum 50 ml | ดูแลฝ้าแดด จุดด่างดำ ลดรoยมีรoย - สกินแคร์, SkincareDLKGD",TH,AXIS-Y OfficialThailand,1.0,0,0.0,287.00,THB,dark spot corrector,https://shop.tiktok.com/th/pdp/es-ram-aekaikh-chud-hmong-khlam-axis-y-50ml-bamrung-phiw-krachang-ais/1731957366948332666
1982,Smooth E Acne-5 Pore Clear Whitening Toner 150ML. โทนเนอร์สำหรับผิวเป็นสิวแพ้ง่าย,TH,Blue bear bar,1.0,0,0.0,312.00,THB,pore care toner,https://shop.tiktok.com/th/pdp/othn-eno-r-smooth-e-acne-5-150ml-chwy-ld-siw-bamrung-rukhumkhn-oonoyn-to-phiw-aeph-ngay/1731111640256252128
1983,"[ Hot-selling ] PHOFAY Por Watermelon Glow PHA + BHA Pore-Tight Toner,ส่วนผสมจากธรรมชาติ อ่อนโยน สดชื่นไม่เหนียว บำรุงผิวครบในขวดเดียว ให้ความชุ่มชื้นได้ยาวนาน",TH,PHOFAY-TH,1.0,0,0.0,337.00,THB,pore care toner,https://shop.tiktok.com/th/pdp/toner-phofay-por-watermelon-glow-pha-bha-pore-tight-skad-chak-thrrmchati/1732834559772362355
1984,Kamedis (CLEAR Pore)|Minimizer Toner | เคลียร์ พอร์ มินิไมเซอร์ โทนเนอร์,TH,AllAboutYouOfficial,1.0,0,0.0,788.00,THB,pore care toner,https://shop.tiktok.com/th/pdp/1735674862091863291
1985,Peurri By Puricas Acnerization Toner 100ml เพียวรี โทนเนอร์ สกินแคร์,TH,Konvy,1.0,0,0.0,394.00,THB,pore care toner,https://shop.tiktok.com/th/pdp/ephiyw-ri-othn-eno-r-sk-in-aekhr-100ml-chak-puricas-ld-siw-rupaebb-aihm/1731194702636943863
1986,SKIN 1004 CENTELLA POREMIZING CLEAR TONER 210 ml,TH,EiEi-BEAUTY,1.0,0,0.0,754.00,THB,pore care toner,https://shop.tiktok.com/th/pdp/1734932687244068633
1987,[Pack 2-3] Smooth E Acne-5 Pore Clear Whitening Toner 60 ml. โทนเนอร์ ทำความสะอาด ผิวหน้า เหมาะกับผิวเป็นสิว 60 ml. / 150 ml. Skincare สกินแคร์,TH,Smooth Life Pharmacy,1.0,5,1.0,423.00,THB,pore care toner,https://shop.tiktok.com/th/pdp/1732311265223673331
1988,【พร้อมส่ง】Am Herb POWERFUL A+ AGELESS AMPOULE SERUM ลดเลือนริ้วรอย ผิวดูอ่อนเยาว์,TH,ส้มบิวตี้จันดี,1.0,0,0.0,551.00,THB,anti aging serum,https://shop.tiktok.com/th/pdp/am-herb-serum-ampoule-a-ageless-ld-elueon-riwroy-phiw-du-ooneyaw/1731123642410698970
1989,#ศรีจันทร์AntiAgeจึ้ง#SRICHAND Timeless Anti-Aging Facial Serum (1 กล่องบรรจุ 6 ซอง),TH,โต๊ะเครื่องแป้ง TKP-Shop,1.0,0,0.0,269.00,THB,anti aging serum,https://shop.tiktok.com/th/pdp/es-ram-hna-anti-aging-sri-chanthr-oonoyn-chak-bakuchiol-brrchu-6-song/1729743523871033580
1990,BSC ไฮยาลูรอน Super Hyalift C Brightening Serum เซรั่มไฮยาลูรอนความชุ่มชื้นใบหน้า ช่วยให้ผิวขาวกระจ่างใส ด้วยส่วนผสมของไฮยาลูรอนและวิตามินซี,TH,SSC.PHUKET SHOP,1.0,0,0.0,47.00,THB,brightening serum,https://shop.tiktok.com/th/pdp/1737363911814513713
1991,Plantnery Cica Centella /Lily Peptide Extra BrightCeramide Eye Cream 15 g ครีมทารอบดวงตา ดูแลรอยคล้ำรอบดวงตา,TH,Modbeauty,1.0,0,0.0,260.00,THB,eye cream dark circle,https://shop.tiktok.com/th/pdp/plantnery-cica-centella-lily-peptide-esra-aim-ed-oay-khrim-15-kram/1731785409614416146
1992,[ซื้อ 1 แถม 1] การผสมผสานระหว่างกลางวันและกลางคืน ครีมบำรุงรอบดวงตาทับทิม รองรับ  บรรจุภัณฑ์ใหม่และเก่าจัดส่งแบบสุ่ม ครีม  ลด  ขอบ  ตาดํา eye  cream  wrinkles eye  cream อ  า  ย  ค  ร  ี  ม,TH,MINGYU MY,1.0,0,0.0,73.70,THB,eye cream dark circle,https://shop.tiktok.com/th/pdp/sueo-1-aethm-1-khrim-bamrung-rob-dwngta-ld-riwroy-sutr-phiess-chak-pinky-pinky/1731995114321905722
1993,ashle อุปกรณ์สำหรับกดสิว PREMIUM COSMETIC BLACKHEAD Remover ใช้สำหรับกดสิว - กดสิวออกง่าย - ไม่บาดผิว - ลดการเกิดรอย จากการกด..,TH,EL COSMETIC2,1.0,0,0.0,81.00,THB,blackhead remover,https://shop.tiktok.com/th/pdp/oupkrn-kd-siw-ashle-premium-cosmetic-ld-roy-kd-ngay-aim-bad-phiw/1729616844151949767
1994,SKINPRO Rx Sensitive Skin Moisturizing Cream  มอยซ์เจอร์ไรเซอร์บำรุงผิว สำหรับผิวบอบบางแพ้ง่าย ชุ่มชื้น ผิวแข็งแรง 50ml.,TH,Midnight Moon Trading Post 17,1.0,0,0.0,655.20,THB,sensitive skin moisturizer,https://shop.tiktok.com/th/pdp/1737070687902532968
1995,กันแดดมะเขือเทศ SPF 50 SPF 50 SPF 50,TH,Yah.da Beauty Shop,1.0,0,0.0,464.00,THB,sunscreen spf50,https://shop.tiktok.com/th/pdp/kanaedd-maekhueoeths-spf-50-khrimkanaedd-30-kram-aichaid-1-2-edueon/1729551039695915835
1996,jundee sunscreen cream SPF 50 ผิวทุกประเภท SPF 50 กันแดด,TH,จันทร์ดี สกินแคร์,1.0,0,0.0,333.00,THB,sunscreen spf50,https://shop.tiktok.com/th/pdp/khrim-nwd-phiw-kanaedd-spf-50-samhrab-phuhying-aela-chay-sutr-ekhmkhn/1729606536908081590
1997,ครีมกันแดด Sunscreen SPF50+ Milk Collagen ครีมกันแดดสูตรสกัดจากน้ำนม เนื้อเบาเกลี่ยง่าย กลิ่นนมป้องกันSP50+ -- SP50,TH,maxgo39,1.0,0,0.0,53.00,THB,sunscreen spf50,https://shop.tiktok.com/th/pdp/khrimkanaedd-spf50-milk-collagen-pkpong-phiw-chak-rangsi-yuwi/1729620187258259975
1998,กันแดดซันสมูท spf 50 pa+++,TH,Pancake shop Wn,1.0,0,0.0,267.00,THB,sunscreen spf50,https://shop.tiktok.com/th/pdp/khrimkanaedd-spf-50-pa-sutr-numnwl-samhrab-phiw-aeph-ngay-aela-pkpong-aesng-uv/1732457140164002970
1999,THE SKIN COLLECTION - Exfoliating Toner (300ml.) เดอะสกินคอลเลคชั่น เอ็กโฟลิเอทติ้ง โทนเนอร์ 300ml.,TH,EVEANDBOY TH,1.0,0,0.0,150.00,THB,exfoliating toner,https://shop.tiktok.com/th/pdp/the-skin-collection-es-ram-bamrung-phiw-300ml-s-khrab-phiwhna/1730991687853312387
2000,￼My Dear Body Malibu Lemon Blossom Body Lotion 500ml.,TH,Beautiful08 สถานีความงามครบวงจร,1.0,0,0.0,311.00,THB,body lotion,https://shop.tiktok.com/th/pdp/olchan-bamrung-phiw-num-my-dear-body-malibu-lemon-blossom-khnad-500ml/1730519774286285092
2001,SEBAMED ANTI-HAIRLOSS SHAMPOO pH 5.5 (200ML) แชมพูสระผม สูตรสำหรับผู้ที่มีผมอ่อนแอและหลุดร่วง,TH,Premier Sof,1.0,0,0.0,810.20,THB,hair loss shampoo,https://shop.tiktok.com/th/pdp/sebamed-anti-hairloss-shampoo-ph-5-5-200ml-for-weak-falling-hair-contains-nhe-caffeine-zinc-pca/1733094256213132699
2002,[ซื้อ 1 ฟรี! 1] Smooth E Anti Hair Loss Thickening Shampoo 200 ml ฟรี! Smooth Life HSN Vitamin 7's แชมพู&วิตามินลดผมร่วง,TH,Smooth Life Pharmacy,1.0,0,0.0,625.00,THB,hair loss shampoo,https://shop.tiktok.com/th/pdp/aechmphu-ld-phm-rwng-esrim-khwam-hna-200ml-witamin-bamrung-scalp-hair/1732320993634059763
2003,[ซื้อ 1 ฟรี 2! ] แชมพู Cokki 900ml ANTI-HAIR LOSS SHAMPOO ยาสระผม ลดผมร่วง ลดรังแค สูตรอ่อนโยน บำรุงเส้นผม แถมสเปรย์น้ำหอม 100mlx2,TH,Cokki.TH,1.0,0,0.0,334.00,THB,hair loss shampoo,https://shop.tiktok.com/th/pdp/1736029530935952707
2004,LYO SHAMPOO Anti-Hair Loss ไลโอ แชมพูสำหรับปัญหาผมร่วง (200ml.),TH,ร้านยา BE KIND,1.0,0,0.0,761.00,THB,hair loss shampoo,https://shop.tiktok.com/th/pdp/1729976846057900892
2005,Disunie Collagen Lip Mask [DE8036] แผ่นมาส์กปาก 10แผ่น/กล่อง ริมฝีปากชุ่มชื้น ลิปมาส์ก Hyaluronic Acid,TH,Besties Beauty,1.0,5,1.0,70.00,THB,lip mask,https://shop.tiktok.com/th/pdp/disunie-collagen-lip-mask-samhrab-phuhying-men-10-chin-klong/1731423263609357332
2006,[Qic] Lip Sleeping Masque ลิปบาล์มมอยเจอร์ไรชิงค์ สำหรับบำรุงริมฝีปากลดรอยแตก ป้องกันปากแห้งกร้าน ให้ความชุ่มชื้น(แถมครีมทามือ),TH,bright smile29,1.0,0,0.0,171.00,THB,lip mask,https://shop.tiktok.com/th/pdp/lip-bal-m-qic-mask-bamrung-rimfipak-aih-khwamchumchuen-ld-royaetk/1730968610096188059
2007,CGC แปรงทำความสะอาดหน้า 2 ด้าน ที่ขัดหน้า ลดสิวเสี้ยน ทำความสะอาดผิวหน้า พกพาสะดวก Face brush,TH,CGCsuperstore,1.0,0,0.0,32.00,THB,facial cleansing brush,https://shop.tiktok.com/th/pdp/cgc-aeprng-thamkhwamsaoad-hna-2-dan-ld-siw-eyn-thamkhwamsaoad-phiwhna/1732188835980805643
2008,[[ของแท้]] THE SKINมากส์ Glass Skin ผิวกระจก 4 กล่อง ผิวกระจก ด้วย Collagen และ Gluto สำหรับผิวที่ดูกระจ่างใส,TH,Lean.safely,1.0,0,0.0,"1,003.00",THB,glass skin,https://shop.tiktok.com/th/pdp/1737504534612641132
2009,[[ของแท้]] THE SKIN101 Collagen Wrapping Mask  Glass Skin ผิวกระจ่างใส,TH,Lean.safely,1.0,5,1.0,309.00,THB,glass skin,https://shop.tiktok.com/th/pdp/1737483026395989356
2010,The Ingredients มาส์กผิวกระจก Glass Skin Hydro Glow Mask 10 กรัม (กล่อง),TH,Perfect Shop88,1.0,0,0.0,373.00,THB,glass skin,https://shop.tiktok.com/th/pdp/mas-kh-na-echl-the-ingredients-glass-skin-hydro-glow-10g-x6/1732669844287227537
2011,ชุดDLโทนเนอร์ และ DLกันแดด,TH,DL Korea Cosmetics,1.0,0,0.0,692.00,THB,korean skincare,https://shop.tiktok.com/th/pdp/chud-dl-othn-eno-r-aela-dl-kanaedd-sutr-bamrung-phiw-samhrab-thukwan-aich-ngay/1734421867567744419
2012,ครีมบำรุงผิว  สัญชาติเกาหลี Seacret forest cream rosegold,TH,Mamapoly shop,1.0,0,0.0,895.00,THB,korean skincare,https://shop.tiktok.com/th/pdp/es-ekh-rth-fo-r-er-s-thr-i-mu-ru-s-okld-khrim-bamrung-phiw-ekhmkhn-chak-ekahli/1729704298514057343
2013,Genuine Korean Great Beauty Today Cream Night Cream Morning and Evening Cream Brighten Skin Tone Lightening Pigmentation Cream Rejuvenating Skin Care Moisturizing,TH,ร้านค้าโรงงานตรงผม,1.0,0,0.0,220.00,THB,korean skincare,https://shop.tiktok.com/th/pdp/khrim-bamrung-phiwhna-ekahli-aeth-esrim-khwamsd-ais-aela-fue-du-sukhphaph-di/1734512191758632536
2014,Vitara Aloe Vera Gel Plus 5% Panthenol 120g เจลว่านหางจระเข้ สำหรับผิวแพ้ง่าย เด็กใช้ได้,TH,ร้านบ้านยาสบายใจ,1.0,0,0.0,231.77,THB,vegan skincare,https://shop.tiktok.com/th/pdp/1735824135497155629
2015,YASAKA ผลิตภัณฑ์ดูแลผิว Fruit Body Scrub 100% Vegan 500g สำหรับการขัดผิวและบำรุงผิว พร้อม Kojic Body Oil SPF 30 สำหรับผิวที่มีความชุ่มชื้นและสว่าง,TH,จันตรี AB,1.0,5,1.0,"1,853.00",THB,vegan skincare,https://shop.tiktok.com/th/pdp/yasaka-fruit-body-scrub-100-vegan-500g-kojic-body-oil-spf-30/1737020437196211260
2016,เซตครบจบเจล + สบู่ + ครีมใบบัวบก,TH,@Vcacnemask,1.0,0,0.0,442.00,THB,vegan skincare,https://shop.tiktok.com/th/pdp/est-ekhrueongsamoang-echl-sbu-khrim-aib-bawbk-aebrnd-giffarine/1729978557779577684
2017,BA ผลิตภัณฑ์ทำความสะอาดผิวหน้า college 1 กล่อง สำหรับผิวสะอาดและสดใส,TH,Yshop Beauty,1.0,0,0.0,161.00,THB,clean beauty,https://shop.tiktok.com/th/pdp/ba-phlitphanth-thamkhwamsaoad-phiwhna-college-1-klong-phiw-saoad-aela-sdais/1735305980221556589
2018,บิลเลี่ยน สูตรอ่อนโยน (Brilliant Skin Whitening Facial Set) ดูแลผิวให้ขาวและกระจ่างใส ไม่ระคายเคือง,TH,Beena Beauty Hq,1.0,0,0.0,313.00,THB,clean beauty,https://shop.tiktok.com/th/pdp/1737262417388996248
2019,ผลิตภัณฑ์บำรุงผิวหน้า  หลังการโกนหนวด After Shave Balm 100 ml (Proraso),TH,ibody Thailand,1.0,0,0.0,"1,279.00",THB,post procedure skincare,https://shop.tiktok.com/th/pdp/phlitphanth-bamrung-phiwhna-after-shave-balm-100-ml-praschak-aeolkohol-95-thrrmchati/1730014799162805240
2020,Proraso after shave balm -refreshing 100ml. ผลิตภัณฑ์บำรุงผิวหน้า หลังการโกนหนวด,TH,Mybeautis,1.0,0,0.0,863.00,THB,post procedure skincare,https://shop.tiktok.com/th/pdp/proraso-after-shave-balm-100ml-eba-sbay-samhrab-chay-sutr-win-eth-ch/1732473950431970855
2021,(DR.Saroj ของแท้)ชุดครีมบำรุงผิวหน้าหลังจากผลัดเซลล์ผิว  ขนาด 60 g. (ครีมกลางวันและครีมกลางคืน),TH,ดร.สาโรชประเทศไทย,1.0,0,0.0,744.40,THB,post procedure skincare,https://shop.tiktok.com/th/pdp/chud-khrim-bamrung-phiwhna-dr-saorch-khuen-khwamchumchuen-bamrung-klangwan-aela-klangkhuen/1731818197175536177
2022,"THE ORDINARY. NIACINAMIDE 10% + ZINC 1% — COMBO 2 CHAI (30ml x 2)  Serum Niacinamide nồng độ cao hỗ trợ cải thiện độ sáng, kết cấu da và cân bằng dầu dư thừa trên bề mặt.",VN,ORDI LAB,1.0,0,0.0,421.043,VND,niacinamide serum,https://shop.tiktok.com/vn/pdp/the-ordinary-niacinamide-10-zinc-1-serum-30ml-x-2-cham-soc-da/1736969256209516138
2023,"Serum Dưỡng Da Niacinamide 5% 30ml – Serum Niacinamide Teashell Giảm Thâm, Dưỡng Trắng, Cấp Ẩm Tự Nhiên #TL01",VN,WHC-STORE,1.0,0,0.0,109.740,VND,niacinamide serum,https://shop.tiktok.com/vn/pdp/1735142057219557240
2024,"f092 - Serum Niacinamide 21% Dưỡng Trắng Da, Đều Màu Da Thu Nhỏ Lỗ Chân Lông KyungLab Niacinol 50ml LYO",VN,LYO Beauty &Health.,1.0,0,0.0,615.239,VND,niacinamide serum,https://shop.tiktok.com/vn/pdp/1735483769184683036
2025,"Tinh chất Retinol thế hệ mới giúp chống lão hóa, tái tạo da Retin 5:9 Duo Matrix Cream - 20ml",VN,TMoon Cosmetic,1.0,0,0.0,580.442,VND,retinol cream,https://shop.tiktok.com/vn/pdp/tinh-chat-retinol-moiest-anti-aging-rejuvenating-20ml/1732185020757281393
2026,"Serum cấp ẩm, tăng độ đàn hồi cho da DELIA COSMETICS HYALURONIC ACID SERUM 30ml dưỡng da căng bóng",VN,Biomedico Online Store,1.0,0,0.0,455.926,VND,hyaluronic acid serum,https://shop.tiktok.com/vn/pdp/delia-cosmetics-serum-hyaluronic-acid-30ml-duong-am-da/1731918761723529760
2027,"b728, f019 - Tinh Chất Serum Timeless Hyaluronic Acid 100% Pure Mỹ 30ml",VN,LYO Beauty &Health.,1.0,0,0.0,326.472,VND,hyaluronic acid serum,https://shop.tiktok.com/vn/pdp/tinh-chat-serum-hyaluronic-acid-100-pures-my-30ml-da-kho-lao-hoa/1730635899614496796
2028,Tinh chất serum Hyaluronic medula cấp ẩm vượt trội cho da khô sạm chống lão hoá,VN,MEDULA COSMETICS,1.0,0,0.0,1.276.867,VND,hyaluronic acid serum,https://shop.tiktok.com/vn/pdp/tinh-chat-ampoule-hyaluronic-nyo-cap-am-vuot-troi-chong-lao-hoa-cho-da-cang-mong-25mg-ml/1731263496605238614
2029,"Combo Q+A Salicylic Acid Body Wash + Smoothing Lotion 250ml Làm Sạch, Hỗ Trợ Cải Thiện Nang Lông, Dưỡng Da Sáng Mịn.",VN,TDIC EUROUPE SKINCARE,1.0,0,0.0,792.342,VND,salicylic acid cleanser,https://shop.tiktok.com/vn/pdp/combo-lam-sach-duong-da-sang-min-q-a-salicylic-acid/1732344137970976372
2030,Tẩy tế bào chết Multi salicylic acid soap KB PURE Gel 75ml,VN,Suki auth,1.0,0,0.0,1.007.275,VND,salicylic acid cleanser,https://shop.tiktok.com/vn/pdp/gel-tay-te-bao-chet-salicylic-acid-75ml-lam-sach-cang-muot-da/1732177602783708295
2031,Theramid Derma - peptides serum xử lý lão hoá với phức hợp Peptides 30ml,VN,Thương Auth,1.0,0,0.0,1.763.136,VND,peptide serum,https://shop.tiktok.com/vn/pdp/serum-duong-da-theramid-derma-peptide-anti-aging-30ml/1731384903285048531
2032,Serum dạng dịt khoáng chứa peptide làm trắng da và cải thiện nếp nhăn nhanh chóng 80 ml  - Atomy Absolute Oil Serum Mist 80 ml - 애터미 앱솔루트 오일 세럼 미스트 - Atomy Absolute Oil Сыворотка-спрей,VN,Atomy HCM,1.0,0,0.0,667.855,VND,peptide serum,https://shop.tiktok.com/vn/pdp/serum-lam-trang-da-giam-nep-nhan-80ml-atomy-absolute/1731174037913503994
2033,[Serum TXA] DRCEUTICS Tinh Chất Hỗ Trợ Làm Sáng Da Giảm Đỏ Tranexamic 3% (30gram) Serum Làm Đẹp Da Skincare Chăm Sóc Da,VN,Mỹ Phẩm Đẳng Cấp Quốc Tế,1.0,0,0.0,568.109,VND,tranexamic acid serum,https://shop.tiktok.com/vn/pdp/serum-drceutics-3-giup-lam-sang-da-giam-do-an-toan/1730073707408230776
2034,[Serum TXA] DRCEUTICS Tinh Chất Hỗ Trợ Làm Sáng Da Giảm Đỏ Tranexamic 3% (30gram),VN,Mỹ Phẩm Nhà Béo Béo,1.0,0,0.0,557.552,VND,tranexamic acid serum,https://shop.tiktok.com/vn/pdp/tinh-chat-drceutics-3-giup-lam-sang-da-giam-dom-30g/1730192142944406444
2035,Serum Giảm Nám Vicderma Tranexamic Acid 3% 50 ml - Dành Cho Nữ - Women - Làm Đẹp Da - Skincare Cấp Ẩm,VN,DrHcosmetics,1.0,0,0.0,741.203,VND,tranexamic acid serum,https://shop.tiktok.com/vn/pdp/serum-giam-nam-vicderma-50ml-tranexamic-acid-3-lam-sang-da-can-bang-do-am/1731314276456106837
2036,Serum Intelderm Tranexamic Acid Niacinamide 10%,VN,THuong Skincare,1.0,0,0.0,676.320,VND,tranexamic acid serum,https://shop.tiktok.com/vn/pdp/serum-trang-da-giam-nam-voi-tranexamic-acid-3-niacinamide-10/1731632680143783980
2037,(Hàng công ty) Serum sáng da IntelDerm 3% - Chuyên cấp ẩm phục hồi và mờ thâm nám Tranexamic Acid Serum 30ml,VN,Trang Đào cosmetics,1.0,0,0.0,876.026,VND,tranexamic acid serum,https://shop.tiktok.com/vn/pdp/serum-tri-nam-tham-mun-intelderm-3-hyaluronic-acid/1731315700098368674
2038,Serum Kyung lab Centella 50ml,VN,Ánh Ori- Mỹ Phẩm Chính Hang,1.0,0,0.0,481.951,VND,centella serum,https://shop.tiktok.com/vn/pdp/serum-kiem-soat-dau-can-bang-do-am-da-cham-soc-mun-acne/1729761608523025201
2039,Dr. PEPTI Hoa hồng Centella Toner EX - Dòng sản phẩm chăm sóc da với chiết xuất Centella Asiatica,VN,Sam Nhật Nè,1.0,0,0.0,374.851,VND,centella serum,https://shop.tiktok.com/vn/pdp/1736394098028480124
2040,Serum Skin1004 Centella Sáng Da Mờ Thâm Tone Brightening Capsule Ampoule Hàn Quốc,VN,Marie Japan,1.0,0,0.0,515.152,VND,centella serum,https://shop.tiktok.com/vn/pdp/1736894551257089588
2041,Serum Acnes Kyunglab Centella Ampoule 50ml,VN,Nguyenngoctung,1.0,0,0.0,449.821,VND,centella serum,https://shop.tiktok.com/vn/pdp/serum-tri-mun-acnes-kyunglab-centella-50ml-an-toan-cho-da-nhay-cam/1729893548090886922
2042,Tinh Chất Dưỡng Da Căng Bóng DR.PEPTI Centella Dark Spot Solution Ampoule Serum Skincare Dưỡng Ẩm Da,VN,H.A Store - Mỹ Phẩm Hàn Quốc,1.0,0,0.0,617.990,VND,centella serum,https://shop.tiktok.com/vn/pdp/tinh-chat-dr-pepti-centella-giai-phap-tri-dom-den-nam/1730812004748528257
2043,Toner OBAGI Medical Clenziderm M.D. Pore Therapy Exfoliating BHA Hỗ Trợ Sạch Mụn 148ml,VN,Viemart.vn,1.0,0,0.0,1.320.864,VND,pore care toner,https://shop.tiktok.com/vn/pdp/toner-obagi-medical-clenziderm-m-d-ho-tro-sach-mun-148ml-bha-exfoliating-phu-hop-da-dau-lam-sach-lo-/1731613109614249084
2044,"Serum nhân sâm đỏ MIRUM AGING RED GINSENG AMPOULE chống lão hóa, làm trắng, giữ ẩm 50ml",VN,LDH BEAUTY,1.0,0,0.0,799.533,VND,anti aging serum,https://shop.tiktok.com/vn/pdp/serum-ampoule-mirum-hong-sam-50ml-lam-trang-giu-am-da/1729625089878362286
2045,"Serum chống lão hóa Freeskin Professional Control Age - Collagen tái tổ hợp, giúp da đàn hồi / hết sạm da, thâm nám, tàn nhang.",VN,KIỀU TRANG Pharmacy,1.0,0,0.0,111.935,VND,anti aging serum,https://shop.tiktok.com/vn/pdp/serum-chong-lao-hoa-freeskin-tai-tao-collagen-cai-thien-da/1731525533132949825
2046,Serum Sáng Da Đa Tầng Và Toàn Diện Thế Hệ Mới MD CARE Brᶖghtenyl Serum 30ml,VN,MiSaKi Ceuticals,1.0,0,0.0,361.490,VND,brightening serum,https://shop.tiktok.com/vn/pdp/1736982215791904061
2047,"Serum FOCALSKIN BRIGHTENING SERUM giúp cấp độ ẩm, dưỡng trắng da, mờ thâm 30ml.",VN,Minoderm Official,1.0,0,0.0,203.485,VND,brightening serum,https://shop.tiktok.com/vn/pdp/1735882204821816695
2048,Kem Giảm Bọng Và Thâm Vùng Mắt Casmara Eye Contour Anti-Puffiness & Dark Circles 15ml,VN,De Beauté Shop,1.0,0,0.0,1.288.655,VND,eye cream dark circle,https://shop.tiktok.com/vn/pdp/1735827033620317499
2049,"Kem Làm Sáng Da Đa Năng ND Be Charm Cream Dark Skin - Dưỡng Ẩm, Giảm Thâm",VN,Thuy duyen nmn123,1.0,0,0.0,255.356,VND,eye cream dark circle,https://shop.tiktok.com/vn/pdp/kem-lam-sang-da-da-nang-nd-be-charm-duong-am-giam-tham/1731622812938503982
2050,Sữa Dưỡng D Program Moisturizing Care Emulsion Tối Ưu Cho Da Nhạy Cảm - 100ml,VN,One Pharmacy,1.0,0,0.0,836.941,VND,sensitive skin moisturizer,https://shop.tiktok.com/vn/pdp/d-program-acne-care-emulsion-100ml-lam-sach-bao-ve-da/1734329722938296103
2051,Toner dưỡng ẩm cho da nhạy cảm Living Nature Sensitive Hydrating Toner 100ml,VN,Mr. Vui,1.0,0,0.0,1.096.155,VND,sensitive skin moisturizer,https://shop.tiktok.com/vn/pdp/toner-duong-am-cho-da-nhay-cam-living-nature-100ml/1730772906469591601
2052,3 Miếng Mặt Nạ Giấy Dưỡng Da Hàn Quốc Pretty Skin 23ml vị ngẫu nhiên mask sheet,VN,Đỏ - Cosmetics,1.0,0,0.0,96.829,VND,face mask sheet,https://shop.tiktok.com/vn/pdp/combo-3-mieng-mat-na-giay-duong-da-premium-23ml-set/1731644954556598129
2053,Miếng mặt nạ giấy viên nén,VN,Thanhspa,1.0,0,0.0,236.694,VND,face mask sheet,https://shop.tiktok.com/vn/pdp/mieng-mat-na-giay-vien-nen-duong-da-tu-nhien-an-toan/1729722838065055904
2054,Kem chống nắng SPF 50+,VN,TăngTố Diễm,1.0,0,0.0,168.406,VND,sunscreen spf50,https://shop.tiktok.com/vn/pdp/kem-chong-nang-spf-50-cho-da-nhay-cam-sau-dieu-tri-lasers/1729636300160535337
2055,SỮA CHỐNG NẮNG CÔNG NGHỆ MỚI SPF50 PA++++[CHÍNH HÃNG] SPF 50 Tất cả các loại da,VN,shopCoTram,1.0,0,0.0,759.523,VND,sunscreen spf50,https://shop.tiktok.com/vn/pdp/sua-chong-nang-cong-nghe-moi-spf50-pa-chinh-hang-cho-moi-loai-da/1729620047629748752
2056,"BHA 2% Exfoliating Toner – Hỗ Trợ Kiểm Soát Dầu, Làm Sạch Da, Cải Thiện Lỗ Chân Lông – 80ml",VN,NGƯỜI ĐẸP CƠ BẮP,1.0,0,0.0,689.982,VND,exfoliating toner,https://shop.tiktok.com/vn/pdp/1737072568224023993
2057,DELIA COSMETICS  TONIC ME!  EXFOLIATING FACE TONER Toner tẩy da chết AHA+BHA dịu nhẹ 200ML,VN,Biomedico Online Store,1.0,0,0.0,428.456,VND,exfoliating toner,https://shop.tiktok.com/vn/pdp/delia-cosmetics-toner-tay-da-chet-aha-bha-200ml-duong-am-ngua-lao-hoa/1731918968254990880
2058,Sữa Dưỡng Thể  Body Lotion With Vitamin E 400ml,VN,Lucy orange,1.0,0,0.0,98.908,VND,body lotion,https://shop.tiktok.com/vn/pdp/sua-duong-the-body-lotion-voi-vitamin-e-400ml-thuong-hieu-sadoer/1731570034926913007
2059,[250mL] Dầu gội phục hồi và cải thiện rụng tóc Vita Age Anti Hair Loss Shampoo,VN,Healthy Skin - Dr Thảo,1.0,0,0.0,487.157,VND,hair loss shampoo,https://shop.tiktok.com/vn/pdp/dau-goi-chong-hoi-cho-nam-nu-250ml-duong-toc-khoe-manh/1732175774648010305
2060,[250mL] Dầu gội cho tóc bị rụng TEOTEMA SHAMPOO ANTICADUTA HAIRLOSS SPECIFIC,VN,Healthy Skin - Dr Thảo,1.0,0,0.0,475.694,VND,hair loss shampoo,https://shop.tiktok.com/vn/pdp/dau-goi-chong-rung-toc-teotema-250ml-mo-dau-cai-thien/1730058710864005697
2061,[LANEIGE x LỮ HÀO] Mặt Nạ Môi LANEIGE Lip Sleeping Mask Strawberry Shortcake 20G,VN,LANEIGE Vietnam,1.0,0,0.0,546.108,VND,lip mask,https://shop.tiktok.com/vn/pdp/1736690792845379293
2062,"Combo 10 miếng Bàn chải rửa mặt silicon, bàn chải tẩy tế bào da chết, làm sạch lỗ chân lông, nhỏ gọn, tiện lợi",VN,Cường Anh - đồ gia dụng,1.0,0,0.0,46.144,VND,facial cleansing brush,https://shop.tiktok.com/vn/pdp/combo-10-mieng-ban-chai-silicon-mini-tay-da-chet-lam-sach-lo-chan-long/1732254133837334664
2063,KEM NỀN COLLAGEN MOISTURE ENOUGH FOUNDATION SPF15,VN,Thế giới Mỹ phẩm Trang Tây,1.0,0,0.0,209.007,VND,makeup foundation,https://shop.tiktok.com/vn/pdp/1729750748549843899
2064,Bình thủy tinh 300ml QUÀ TẶNG GIAO MÀU NGẪU NHIÊN,VN,Queenie skin,1.0,0,0.0,43.600,VND,glass skin,https://shop.tiktok.com/vn/pdp/binh-thuy-tinh-300ml-qua-tang-giao-mau-ngau-nhien-cho-nam-nu/1730761967522712196
2065,serum mụn beau shop hàn quốc,VN,sol cosmetic,1.0,0,0.0,190.944,VND,korean skincare,https://shop.tiktok.com/vn/pdp/serum-mun-beau-shop-han-quoc-ngan-ngua-lam-diu-da/1729955124831357221
2066,Set Tinh Chất Bichup Chống Lão Hóa - Bộ Sưu Tập 6 Sản Phẩm Chăm Sóc Da Hiệu Quả vegan kem duong dưỡng,VN,Ngọc Lan Vy Cosmetics,1.0,0,0.0,2.852.382,VND,vegan skincare,https://shop.tiktok.com/vn/pdp/set-tinh-chat-bichup-chong-lao-hoa-6-san-pham-cham-soc-da-hieu-qua/1731916699572537312
2067,Tinh Chất Chống Nắng Bảo Vệ Da THE FACE SHOP The Therapy Vegan Moisturizing Sun Serum Spf50+ Pa++++ 50ml,VN,THEFACESHOPVN,1.0,0,0.0,797.526,VND,vegan skincare,https://shop.tiktok.com/vn/pdp/tinh-chat-chong-nang-duong-am-spf50-pa-50ml-clean-beauty/1729731005477391078
2068,[Săn Sale] Tinh Chất Chống Nắng Thuần Chay THE FACE SHOP The Therapy Vegan Moisturizing Sun Serum SPF50+ PA++++,VN,BEAUTYBOX SHOP,1.0,0,0.0,346.056,VND,vegan skincare,https://shop.tiktok.com/vn/pdp/tinh-chat-chong-nang-thuan-chay-the-face-shop-spf50-duong-am/1733106694442288270
2069,sản phẩm làm sạch da.giúp da sáng mịn,VN,NGUYÊN TƯ Mai vàng,1.0,5,1.0,76.943,VND,clean beauty,https://shop.tiktok.com/vn/pdp/tay-da-chet-linh-huong-lam-sang-min-cang-tran-da/1729635842290715217
2070,kem mụn trắng da,VN,mỹ phẩm sạch Thanh Thảo,1.0,0,0.0,613.604,VND,clean beauty,https://shop.tiktok.com/vn/pdp/kem-mun-trang-da-mua-1-tang-1-duong-tri-mun-hieu-qua/1729600705575618873
2071,Tẩy trang làm sạch da xài là mê,VN,Trần Băng Như,1.0,0,0.0,210.860,VND,clean beauty,https://shop.tiktok.com/vn/pdp/tay-trang-lam-sach-da-diu-nhe-phu-hop-moi-loai-da-chai-so-5/1732107805332900057
2072,Kem dưỡng chăm sóc da sau xâm lấn TEOXANE Post Procedure 200ml,VN,Láng's Clinic by Ồ Láng Viện,1.0,0,0.0,3.181.349,VND,post procedure skincare,https://shop.tiktok.com/vn/pdp/kem-duong-da-sau-xam-lien-teoxane-200ml-cham-soc-phuc-hoi/1729601197198707497
2073,JUMISO Niacinamide 10 / Niacinamide 20 Serum 40ml,MY,AriumMY,1.0,0,0.0,65.00,MYR,niacinamide serum,https://shop.tiktok.com/my/pdp/serum-niacinamide-10-20-untuk-kulit-cerah-dan-halus/1733008903608633017
2074,RETINOL CREAM Whitening Skin Care Moisturizing Anti-wrinkle Lighten Dark Spots Anti-aging Dark Spot Remover Face Repair Damaged Skin 50g,MY,QQMCN MALL,1.0,5,1.0,27.00,MYR,retinol cream,https://shop.tiktok.com/my/pdp/krim-muka-retinol-pencerah-kulit-melembapkan-anti-kerutan/1729755603016320687
2075,【 Jualan Kilat】】Eelhoe facial retinol cream 2.5% anti wrinkle eye cream with hyaluronic acid (30ml) Retinol Cream Wrinkle tightening Lifting and Brightening Skin Moisturizing and Facial Skin Care 30g Aloe Collagen,MY,Silk & Shine Cosmetics,1.0,0,0.0,17.90,MYR,retinol cream,https://shop.tiktok.com/my/pdp/krim-muka-retinol-2-5-anti-kerutan-pengencang-kulit/1730990548869547040
2076,"BFC SERUM VITAMIN C untuk Kulit Cerah dan Sehat - 32ml, Serum Wajah untuk Kulit Cerah dan Sehat, 32ml",MY,FF STORE EMPIRE,1.0,0,0.0,11.40,MYR,vitamin c serum,https://shop.tiktok.com/my/pdp/1736773537190414005
2077,"Hyaluronic Acid Hand Cream Serum 40ml, Deep Moisturizing & Hydrating, Whitening, Soothing Repair for Damaged Skin, Anti-Dryness, Firming, Non-Greasy & Fast Absorbing Hand Care",MY,June Boutique Shop,1.0,0,0.0,5.55,MYR,hyaluronic acid serum,https://shop.tiktok.com/my/pdp/krim-tangan-asid-hyaluronik-40ml-melembapkan-memutihkan-perbaiki-kulit-rosak-tidak-berminyak-dan-cep/1730180238131627058
2078,B88 SADOER Acne facial cleanser salicylic acid + amino acid double-effect cleanser,MY,B88Home,1.0,0,0.0,5.94,MYR,salicylic acid cleanser,https://shop.tiktok.com/my/pdp/pencuci-muka-b88-sadoer-acid-salicylic-kualiti-tinggi-100-original/1729519402479879352
2079,Sterling ZeHo Cream Ceramide+ 40g - Krim Melembapkan Tanpa Wangian dengan Kompleks Ceramide untuk Menyamarkan Kering dan Mengurangkan Iritasi,MY,SUNRISE HOMECARE PHARMACY,1.0,0,0.0,100.90,MYR,ceramide cream,https://shop.tiktok.com/my/pdp/krim-ceramide-sterling-zeho-40g-melembapkan-tanpa-wangian-sesuai-untuk-kulit-sensitif/1732204575608505799
2080,"【COD】Krim Pemulihan Jerawat krim muka anti jerawat melembapkan,mencerahkan wajah. menghilangkan kesan jerawat,menghaluskan tona kulit,menghidrat,memberi nutrisi kulit dan mengawal minyak wajah.",MY,Naifu Beauty,1.0,0,0.0,10.64,MYR,azelaic acid,https://shop.tiktok.com/my/pdp/1736447011540206807
2081,HOT  SELLING COLLAGEN CREAM 2IN1 SET,MY,COSMETIK MURAH KL89,1.0,0,0.0,8.38,MYR,collagen cream,https://shop.tiktok.com/my/pdp/krim-kolagen-2in1-set-100-asli-indonesia-mengurangi-kerutan-melembapkan-kulit-meningkatkan-kecerahan/1730462649922389876
2082,ORIGINAL COLLAGEN PLUS VITAMIN E WHITENING CREAM DAY CREAM +NIGHT CREAM,MY,kedai123aa,1.0,0,0.0,7.18,MYR,collagen cream,https://shop.tiktok.com/my/pdp/krim-pencerah-original-collagen-vitamin-e-hari-malam/1730783438886765626
2083,AC ACNE SET,MY,ALLINA CHRISTY ROMA,1.0,0,0.0,105.00,MYR,acne treatment,https://shop.tiktok.com/my/pdp/ac-acne-set-2-sabun-glowney-1-serum-frozn-untuk-kulit/1729465067673914308
2084,acne serum treatment penghilang jerawat ubat jerawat dan parut acne scars pimple remover whitening brightenin skincare,MY,UNBEI-MY,1.0,0,0.0,12.50,MYR,acne treatment,https://shop.tiktok.com/my/pdp/serum-jerawat-penghilang-jerawat-parut-pemutih-kulit-skincare/1731979728748775390
2085,acne serum treatment penghilang jerawat ubat jerawat dan parut acne scars pimple remover whitening brightenin skincare,MY,UNBEI-MY,1.0,0,0.0,12.50,MYR,acne treatment,https://shop.tiktok.com/my/pdp/serum-pengurangkan-jerawat-parut-bekas-pencerah-kulit/1731993822332225502
2086,acne serum treatment penghilang jerawat ubat jerawat dan parut acne scars pimple remover whitening brightenin skincare,MY,UNBEI-MY,1.0,0,0.0,12.60,MYR,acne treatment,https://shop.tiktok.com/my/pdp/serum-pengurangkan-jerawat-parut-pencerah-kulit-wajah/1731993731903424478
2087,"Divine Derriere Intimate Dark Spot Remover for Body, Face, Bikini and Sensitive Areas - Dark Spot Corrector Cream 30ml",MY,iiMONO Living,1.0,0,0.0,231.00,MYR,dark spot corrector,https://shop.tiktok.com/my/pdp/krim-pencerah-noda-gelap-untuk-badan-dan-muka-30ml/1730800288902251724
2088,[COD] Dark Spot Correcting Glow Serum 50ml  dark spot correcting serum dark spot correcting serum original   acid  cream   serum  dark  spot tranexamic  acid  nano white monkey  pimple  cleaner-YUAN,MY,YUANHEYYYY,1.0,0,0.0,10.65,MYR,dark spot corrector,https://shop.tiktok.com/my/pdp/serum-pencerahkan-bintik-hitam-50ml-yuan-untuk-lelaki-wanita/1736684315639645415
2089,Carelinix Pore Purifying & Minimizing Toner - 120ml,MY,Vellcare Pharmacy,1.0,0,0.0,57.10,MYR,pore care toner,https://shop.tiktok.com/my/pdp/carelinix-toner-muka-tanpa-alkohol-untuk-kulit-sihat-segar/1729602930151229465
2090,CARELINIX PORE PURIFYING MIN TONER (120ML),MY,Citycare Pharmacy,1.0,0,0.0,62.10,MYR,pore care toner,https://shop.tiktok.com/my/pdp/toner-pore-purifying-carelinix-120ml-haluskan-dan-jaga-kecerahan/1729638167432497156
2091,Ceradan Skin Barrier Repair Cream 30G,MY,Biomedic Healthcare,1.0,5,1.0,72.76,MYR,barrier repair cream,https://shop.tiktok.com/my/pdp/krim-perbaikan-batas-kulit-ceradan-30g-untuk-kulit-sehat/1730338974785504644
2092,Ginseng anti wrinkle serum Anti aging Serum Reduce wrinkles and tighten skin Face serum anti aging and whitening,MY,UNBEI-MY,1.0,0,0.0,17.10,MYR,anti aging serum,https://shop.tiktok.com/my/pdp/serum-ginseng-anti-kedut-serum-anti-penuaan-eelhoe-mengurangkan-kedut-mengencangkan-kulit-memutihkan/1732059423681644510
2093,SCARLETT - FRAGRANCE BRIGHTENING BODY SERUM 170 ml Lotion Serum Badan Moisturizing Bright untuk Kulit Lebih Cerah dan Lembut,MY,Sultan Enterprises,1.0,0,0.0,23.50,MYR,hydrating serum,https://shop.tiktok.com/my/pdp/serum-badan-scarlett-170ml-melembapkan-memperindah-kulit/1733734834809112056
2094,JOSERISTINE H2O Hydrating Serum 50ml/Booster/Ceramide/Hyaluronic Acid/Vegan/Instant Hydration/Sensitive Skin/ Skincare/ Hydration/ Face,MY,Joseristine Shop,1.0,0,0.0,65.40,MYR,hydrating serum,https://shop.tiktok.com/my/pdp/joseristine-h2o-serum-50ml-ceramide-hyaluronic-acid-vegan-hydration/1730916737197769843
2095,PESKINPRO Serum Pelembap [SF319] Moisture Replenishing Serum [15ML][Hydrating Serum][Hyaluronic Acid][Dry Skin][Travel Size],MY,PE Skin Professional,1.0,0,0.0,37.00,MYR,hydrating serum,https://shop.tiktok.com/my/pdp/serum-melembabkan-kulit-kering-mengandungi-asid-hialuronik/1731936149620033175
2096,Make Over Hydration Serum 保湿精华 33ml｜Makeup Base 妆前打底・Hydrating 补水・Soothing 舒缓,MY,Glow.Lab,1.0,0,0.0,43.58,MYR,hydrating serum,https://shop.tiktok.com/my/pdp/1737144177775314738
2097,krim mata eye cream eye serum remove dark circle anti wrinkle cream bags under the eyes Moisturizing eye area Stay up late repair eye care,MY,HUIBO SHOP,1.0,0,0.0,40.39,MYR,eye cream dark circle,https://shop.tiktok.com/my/pdp/krim-mata-anti-kerutan-lingkaran-hitam-melembapkan/1729551802109625740
2098,[Best Deal] Blackhead Remover Facial Skin Cleanser Vacuum Suction Pore Clean Machine Skin care Clean Beauty Device,MY,LQ Online,1.0,0,0.0,15.99,MYR,blackhead remover,https://shop.tiktok.com/my/pdp/mesin-penjagaan-kulit-muka-hitam-penghisap-lubang-hidung/1729550661412751713
2099,Remdii Sensitive Daily Intensive Moisturising Cream (28ml / 50ml / 250ml),MY,FARMASI HING SDN BHD,1.0,0,0.0,33.40,MYR,sensitive skin moisturizer,https://shop.tiktok.com/my/pdp/krim-pelembap-harian-sensitif-remdii-28ml-50ml-250ml/1729638729350482841
2100,"Remdii Sensitive Series Intensive Moisturising Cream (Eczema, Psoriasis, Dry, Sensitive Skin & Baby)",MY,Youth Wellness,1.0,0,0.0,59.13,MYR,sensitive skin moisturizer,https://shop.tiktok.com/my/pdp/1735725502450861692
2101,SPF50 Sunscreen Sunblock UV Protection Tabir Surya dan Aftersun SPF50 untuk Kulit Wajah - Facial,MY,Rose Fairyy,1.0,0,0.0,8.30,MYR,sunscreen spf50,https://shop.tiktok.com/my/pdp/tabir-surya-aftersun-spf50-untuk-perlindungan-uv-maksimum/1732249796411164071
2102,Sunscreen SPF50+PA+++High Power Sunscreen Cream 50g Skincare Krim,MY,marcus wfc enterprise,1.0,0,0.0,19.10,MYR,sunscreen spf50,https://shop.tiktok.com/my/pdp/krim-pelindung-sinar-matahari-spf50-pa-tahan-air-50g-antipenuaan-mudah-dibawa/1731498362293094014
2103,[Lip Mask] Fleurgies Moisturizing Repairing Lip Mask (Pack of 5 / Box) ll HerbaLine ll Lips repair & hydrating,MY,HerbaLine Beauty & Skincare,1.0,5,1.0,66.00,MYR,lip mask,https://shop.tiktok.com/my/pdp/lip-mask-fleurgies-moisturizing-repairing-lip-mask-pack-of-5/1733379518053516983
2104,(50pcs) Ready Stock Moisturizer Lip Mask Lips Mask Bibir Lip Masks Lip Gel Mask Hydrating Collagen Mask,MY,9kkon9,1.0,0,0.0,19.44,MYR,lip mask,https://shop.tiktok.com/my/pdp/50pcs-stok-sedia-ada-pelembap-bibir-gel-bibir-kolagen-hidratan/1729543601391371442
2105,(Combo Set) Ready Stock Moisturizer Lip Mask Lips Mask Bibir Lip Masks Lip Gel Mask Hydrating Collagen Mask + Collagen Seaweed Crystal Eye Patch Eye Mask Snake Venom Eye Mask,MY,9kkon9,1.0,0,0.0,8.84,MYR,lip mask,https://shop.tiktok.com/my/pdp/50pcs-stok-sedia-ada-topeng-bibir-melembap-kolagen-untuk-kulit-halus/1729543585589396658
2106,[10pc] BORONG Moisturizer Lip Mask lips mask lip masks Lip Gel Mask Hydrating Collagen Mask lips mask,MY,rko.cantik,1.0,0,0.0,6.00,MYR,lip mask,https://shop.tiktok.com/my/pdp/borong-pelembap-bibir-gel-bibir-kolagen-untuk-kelembapan/1729506808246535852
2107,face brush wash cleanser facial cleansing brusher 3D manual double sides silicone pores clean,MY,HQ Zalintan Enterprise,1.0,0,0.0,10.60,MYR,facial cleansing brush,https://shop.tiktok.com/my/pdp/brush-pembersih-wajah-3d-silikon-dua-sisi-mudah-digunakan/1734614010103104717
2108,FACIAL CLEANSING TOOL Luminious Facial Cleansing Silicone Brush Face Cleanser Device,MY,DwShopper,1.0,5,1.0,11.70,MYR,facial cleansing brush,https://shop.tiktok.com/my/pdp/alat-pembersih-muka-silikon-bercahaya-untuk-kulit-segar/1729633211042792515
2109,Double Head Facial Mask Brush For Facial Cleansing/Spa/Multi Functional Clean Brush/Nose Brush 5pcs/Bag Silicone Brush,MY,MY-Johnny,1.0,0,0.0,5.34,MYR,facial cleansing brush,https://shop.tiktok.com/my/pdp/set-sikat-muka-silikon-dua-kepala-untuk-pembersihan-wajah/1733530182463423693
2110,Beauty Face Skin Care Cleaning Tools Octopus Jellyfish Facial Cleansing Brush Facial Puff,MY,Bolster Sleepwear,1.0,5,1.0,3.20,MYR,facial cleansing brush,https://shop.tiktok.com/my/pdp/berus-muka-akrilik-untuk-penjagaan-kulit-wajah-saiz-kompak/1729487395664987930
2111,MATTE FOUNDATION,MY,Balqees.shop,1.0,0,0.0,11.00,MYR,makeup foundation,https://shop.tiktok.com/my/pdp/foundation-matte-penutup-penuh-kualiti-tinggi/1729582283215440783
2112,MYCA CUSHION FOUNDATION NEW ITEM (ready 4code) Makeup,MY,FF BEAUTY COSMETIC,1.0,0,0.0,19.00,MYR,makeup foundation,https://shop.tiktok.com/my/pdp/cushion-foundation-myca-item-sedia-makeup-berkualiti-tinggi/1734581575240681250
2113,New glass skin two way cake powder,MY,ME beuty shop,1.0,4,1.0,25.30,MYR,glass skin,https://shop.tiktok.com/my/pdp/1736440045156534168
2114,"Krim Penjagaan Selepas Tatu, A&D Fougera, Salap Vitamin, Gel Pembaikan Mekap Anti Parut, Balsem Pemulihan, untuk Bekalan Seni Badan Tatu, Sesuai untuk PMU, ws002",MY,TOTOVIP,1.0,0,0.0,27.97,MYR,post procedure skincare,https://shop.tiktok.com/my/pdp/krim-penjagaan-selepas-tatu-a-d-fougera-gel-pemulihan-anti-parut-balsem-untuk-seni-badan-tatu-sesuai/1730911540475561091
2115,"Pati Minyak Selepas Bercukur, Lakerain, Minyak Penjagaan Badan, Melicinkan dan Menganjalkan Kulit, Lembut Melayan Kulit Selepas Bercukur, Penjagaan Kulit Licin, Untuk Wanita dan Lelaki",MY,HK Olimy Makeup,1.0,0,0.0,21.22,MYR,post procedure skincare,https://shop.tiktok.com/my/pdp/pati-minyak-selepas-bercukur-lakerain-melembutkan-kulit-menganjalkan-menenangkan-selepas-bercukur/1731383271395919869
2116,"Dr.ZeRong Krim Penjagaan Kulit 20g - Untuk Kawasan Parut, Stretch Marks, Kulit Kering & Penjagaan Selepas Bersalin",MY,ZenNutra,1.0,0,0.0,10.40,MYR,post procedure skincare,https://shop.tiktok.com/my/pdp/1737131674741474473
2117,"InstaNatural Niacinamide Serum, 2 fl oz (60 ml)",US,iHerb,0.0,4.8,38.0,35.59,USD,niacinamide serum,https://shop.tiktok.com/us/pdp/niacinamide-serum-by-instanatural-2-fl-oz-proven-skincare-formula/1730419568472658318
2118,[Torriden Official] BALANCEFUL Azelaic Acid Serum | 9% Azelaic Acid + 5D Cica | Blemish & Redness Care | Korean Skincare for Sensitive Skin | Hyaluronic Acid,US,Torriden US,0.0,0,0.0,25.00,USD,azelaic acid,https://shop.tiktok.com/us/pdp/1732620520657294248
2119,Azelaic Acid 15% Hyaluronic Acid Resurfacing Serum for Sensitive Skin Helps Even Tone Texture Minimizes Pores for Adults Daily Face Care,US,Forshine Ting,0.0,0,0.0,10.99,USD,azelaic acid,https://shop.tiktok.com/us/pdp/1732678567366463924
2120,[TOSOWOONG Official] Arbutin 7.0 + TXA 4.0 Booster Shot,US,TOSOWOONG US,0.0,0,0.0,18.90,USD,tranexamic acid serum,https://shop.tiktok.com/us/pdp/tosowoong-official-arbutin-7-0-txa-4-0-booster-shot-skin-care/1732621369187799874
2121,Omic+ Best Sellers Duo: 10% Tranexamic Acid Serum & Cream for Dark Spots,US,Omic.Skincare,0.0,0,0.0,64.79,USD,tranexamic acid serum,https://shop.tiktok.com/us/pdp/1732567998273524552
2122,"Arencia TXA Booster Shot Serum with 5% Tranexamic Acid & Peptides, Dark Spot Treatment Lightweight Brightening Hyaluronic Face & Eye Serum for Tone Balance, Moisture-Boosting Daily Skincare, 30ml/1.01 fl.oz.",US,LTNS STORE,0.0,0,0.0,16.44,USD,tranexamic acid serum,https://shop.tiktok.com/us/pdp/arencia-txa-booster-shot-serum-5-txa-hydrating-30ml/1732566749214839394
2123,Skin 1004 - Madagascar Centella Hyalu-Cica Blue Serum (50ml),US,Unineed US,0.0,0,0.0,18.99,USD,centella serum,https://shop.tiktok.com/us/pdp/skin-1004-madagascar-centella-hyalu-cica-blue-serum-50ml/1732554331952288177
2124,"Madagascar Centella Matrixyl 10 Boosting Shot Ampoule 30ml, deep hydrating facial serum delivers long-lasting moisture and powerful skin firming for smooth youthful complexions",US,GlowLane Beauty,0.0,0,0.0,15.50,USD,centella serum,https://shop.tiktok.com/us/pdp/1732670665552138630
2125,SKIN1004 Madagascar Centella Poremizing Fresh Ampoule 3.38 fl. oz(100ml) | Soothing Hydration | Oily Combination Skin,US,DHOUSE USA,0.0,0,0.0,15.00,USD,centella serum,https://shop.tiktok.com/us/pdp/1732558944943247918
2126,Papa Recipe Real Centella Cica Calming Serum 30ml,US,Papa Recipe,0.0,0,0.0,22.31,USD,centella serum,https://shop.tiktok.com/us/pdp/papa-recipe-centella-cica-serum-30ml-soothing-hydrating/1732363600033256423
2127,"dot Collagen Boosting Day Cream Hydrating Daily Face Moisturizer With Feminage – Good For Dry, Uneven Tone And Skin Density Menopause Skincare For All Skin Types 1.7 oz",US,Style Rule,0.0,0,0.0,14.99,USD,collagen cream,https://shop.tiktok.com/us/pdp/collagen-boosting-day-cream-dot-menopause-skincare-hydrating-moisturizer-all-skin-types-1-7-oz/1732532448810537564
2128,"Acne Kit, All Skin Types, 3 Items Included",US,Fore More Years,0.0,0,0.0,24.48,USD,acne treatment,https://shop.tiktok.com/us/pdp/1732659968199856777
2129,Salicylic Acid Pore Refining Cream - Minimizes Appearance of Pores & Brightens Skin | Korean Skincare Formula,US,LumiGlow Essentials,0.0,0,0.0,4.99,USD,acne treatment,https://shop.tiktok.com/us/pdp/1732677824411374184
2130,"Trinicell Advanced EGF NMN Barrier Cream – Firming & Hydrating Face Cream, Fine Line Care, Skin Barrier Support, Korean Skincare, 30ml / 1.01 fl oz",US,TRINICELL,0.0,0,0.0,32.00,USD,barrier repair cream,https://shop.tiktok.com/us/pdp/triniccell-egf-nmn-cream-firming-hydrating-30ml/1732625023828660457
2131,"[Dr.Althea Official] 147 Barrier Cream (Ver.2) - Face Moisturizer for Stronger Skin Barrer, Soothing & Hydration, Korean Skincare",US,MAEK STORE,0.0,0,0.0,19.91,USD,barrier repair cream,https://shop.tiktok.com/us/pdp/1732674537849066404
2132,"SoloVegan Glass Skin Essentials Trio | You Make Me Melt Cleansing Balm, Block Party Daily Shield Sunscreen, Glow & Dew You Serum",US,SoloVegan Skincare,0.0,0,0.0,58.97,USD,vegan skincare,https://shop.tiktok.com/us/pdp/1732672405934674256
2133,"345 Relief Cream +147 Barrier Cream Duo Set, Korean Vegan Skincare Moisturizer, Acne Soothing & Skin Barrier Repair Cream, Deep Hydration Calm Irritated Sensitive Skin, For All Skin Types Daily Face Care",US,JoyZone,0.0,0,0.0,21.89,USD,vegan skincare,https://shop.tiktok.com/us/pdp/1732676135209570542
2134,"SoloVegan Glowing Skin Bundle | Milky Cleanser, 2% BHA Cleanser, Daily Sunscreen, Glow & Dew You Serum, Mwah-velous Lip Duo",US,SoloVegan Skincare,0.0,0,0.0,89.46,USD,vegan skincare,https://shop.tiktok.com/us/pdp/1732672399503495504
2135,"SoloVegan 2-Step Korean Glow Routine - Unscented Collagen Sheet Mask & Overnight Serum, Hydrates for Smooth Radiance, Brightens Acne-Prone Dry Skin, Aluminum-Free Cruelty-Free Unisex Adult Multi-Pack (24 Treatments)",US,SoloVegan Skincare,0.0,0,0.0,69.72,USD,vegan skincare,https://shop.tiktok.com/us/pdp/one-month-glow-routine-pack-2-step-glow-repair-mask-bogo-deal/1732186680930701648
2136,Niacinamide Dose Serum ไนอะซินาไมด์โดสเซรั่ม บำรุงผิวชุ่มชื้นกระจ่างใส Hydrating and Brightening Serum 500 ML,TH,KK CHIKU SHOP,0.0,0,0.0,172.00,THB,niacinamide serum,https://shop.tiktok.com/th/pdp/1735744258967307924
2137,FACE JANICE Niacinamide Serum 2-in-1 ทาได้ทั้งหน้าและตัว ชุ่มชื้น ผิวเรียบเนียน 520g,TH,FJ-Supermarket,0.0,0,0.0,170.39,THB,niacinamide serum,https://shop.tiktok.com/th/pdp/1736821012933936926
2138,BONNYHILL Rice Niacinamide Facial Serum 50ml. เซรั่มไนอาซีนาไมด์ น้ำข้าว,TH,Nuri.International,0.0,0,0.0,369.00,THB,niacinamide serum,https://shop.tiktok.com/th/pdp/1737234107053147997
2139,SKINPASTEL Premium Retinol X5 Elastin Cream 30ml. ครีมเรตินอยด์,TH,Nuri.International,0.0,0,0.0,243.00,THB,retinol cream,https://shop.tiktok.com/th/pdp/1736209046791489373
2140,"เรตินอลคอลลาเจน คอมเพล็กซ์ เดย์แอนด์ไนท์ ครีม, ครีมบำรุงผิวหน้าให้ความชุ่มชื้น, เพิ่มความยืดหยุ่นของผิว, กระชับผิว, ปกป้องความชุ่มชื้นของผิว, ส่งเสริมการดูดซึม, ไม่เหนียวเหนอะหนะ, อ่อนโยนและไม่ระคายเคือง, 30g * 1 ชิ้น",TH,STARFUN,0.0,0,0.0,100.79,THB,retinol cream,https://shop.tiktok.com/th/pdp/ertinol-khollaechn-khomephlks-edy-aeond-ainth-khrim-30g-1-chin/1732007512512104776
2141,ครีมเรตินอล ( 2 กระปุก) RETINOL CREAM 0.2%  ขนาด 60 กรัม ครีมเรตินอลแบรนด์มณี มดซี่,TH,Custoshop89,0.0,0,0.0,430.00,THB,retinol cream,https://shop.tiktok.com/th/pdp/khrim-ertinol-0-2-samhrab-phiwhna-aela-rangkay-sutr-ekhmkhn-chak-aebrnd-monsetor/1731824926800644059
2142,ซื้อ 3 แถม 3 ฟรี [6 กล่อง] EELHOE Retinol Cream ครีมบำรุงเนื้อนุ่มละมุน อ่อนโยน ลดเลือนรูขุมขน ยกกระชับผิว เผยผิวกระจ่างใส Dragon's Blood Moisturizing Cream 50G เหมาะสำหรับทุกสภาพผิวและทุกวัย skincare,TH,ไทรันเด,0.0,0,0.0,584.83,THB,retinol cream,https://shop.tiktok.com/th/pdp/khrim-eelhoe-retinol-sueo-3-aethm-3-ld-rukhumkhn-krachang-ais/1732171425603683394
2143,YC Serum Vitamin C เซรั่มวิตามินC ช่วยบำรุงผิวหน้ากระจ่างใส 30g,TH,เทกอง ของถูก,0.0,0,0.0,301.00,THB,vitamin c serum,https://shop.tiktok.com/th/pdp/1736460032637895782
2144,Vitamin C Serum with Resveratrol & Ceramide 30 ml (Dr.Vikka x Dr.Jade),TH,หมอเจด,0.0,0,0.0,685.00,THB,vitamin c serum,https://shop.tiktok.com/th/pdp/1733715146044180201
2145,BONNYHILL  B Vitamin C Serum 40ml. เซรั่มวิตามินซี,TH,Nuri.International,0.0,0,0.0,188.00,THB,vitamin c serum,https://shop.tiktok.com/th/pdp/1737430113069139805
2146,Dermalogica Biolumin-C Serum 30 ml  เซรั่ม วิตามินซีเข้มข้น เผยผิวกระจ่างใส,TH,My Heart Beauty,0.0,0,0.0,"5,343.00",THB,vitamin c serum,https://shop.tiktok.com/th/pdp/es-ram-witamin-si-ekhmkhn-dermalogica-biolumin-c-30-ml-phiw-krachang-ais-ld-riwroy-suem-ekha-phiw-erw/1729777426048649491
2147,YC Serum Vitamin C เซรั่มวิตามินC ช่วยบำรุงผิวหน้ากระจ่างใส 30g,TH,gumtang2022,0.0,0,0.0,104.00,THB,vitamin c serum,https://shop.tiktok.com/th/pdp/yc-serum-vitamin-c-30g-bamrung-phiwhna-krachang-ais-suemsab-erw/1736459554023572630
2148,Hyaluronic Acid Serum 50ml For All Skin Types,TH,QUSTERE TH STORE,0.0,0,0.0,179.00,THB,hyaluronic acid serum,https://shop.tiktok.com/th/pdp/es-ra-mkr-d-aih-ya-lu-or-ni-k-50ml-samhrab-thuk-sphaph-phiw-aih-khwamchumchuen-ld-kar-suyesiy-nam-sngesrim-karphlit-krd-aih-ya-lu-or-ni-k/1731602139800372921
2149,CERAVE Hydrating Hyaluronic Acid Serum 30 ml. - เซราวี ไฮยาลูรอนิค แอซิด เซรั่ม,TH,CLINICYA SHOP,0.0,0,0.0,700.00,THB,hyaluronic acid serum,https://shop.tiktok.com/th/pdp/es-rw-bamrung-phiwhna-cerawe-hydrating-hyaluronic-acid-serum-30ml/1731247527148684386
2150,【Buy 1 Take 1】 Torriden DIVE IN Hyaluronic Acid Serum 50mL - เซรั่มกรดไฮยาลูโรนิกโมเลกุลต่ำเพื่อความชุ่มชื้นเปล่งประกายXSYCH,TH,SKINTIFIC OfficialThai branch,0.0,0,0.0,500.00,THB,hyaluronic acid serum,https://shop.tiktok.com/th/pdp/es-ra-mkr-d-aih-ya-lu-or-ni-k-torriden-dive-in-khnad-50ml-ld-karrakhayekhueong-es-ram-aih-khwamchumchuen-samphas-eyn-thanthi/1732527259901134053
2151,【Original】 Torriden DIVE IN Hyaluronic Acid Serum 50mL - เซรั่มกรดไฮยาลูโรนิกโมเลกุลต่ำเพื่อความชุ่มชื้นเปล่งประกายPCLGM,TH,SKINTIFIC OfficialThai branch,0.0,0,0.0,500.00,THB,hyaluronic acid serum,https://shop.tiktok.com/th/pdp/es-ram-aih-ya-lu-or-nikh-s-torriden-dive-in-khnad-50-ml-ephueo-phiw-chumchuen-aela-eriyb-eniyn/1732527198739268837
2152,【Original】 Torriden DIVE IN Hyaluronic Acid Serum 50mL - เซรั่มกรดไฮยาลูโรนิกโมเลกุลต่ำเพื่อความชุ่มชื้นเปล่งประกายYYWSL,TH,SKINTIFIC OfficialThai branch,0.0,0,0.0,500.00,THB,hyaluronic acid serum,https://shop.tiktok.com/th/pdp/es-ram-aih-ya-lu-or-nikh-s-torriden-dive-in-khnad-50-ml-samhrab-phiw-aehng-aela-aeph-ngay/1732527236919297253
2153,【ซื้อ 1 แถม 1】 Torriden Dive In Low Molecular Hyaluronic Acid Serum - เซรั่มกรดไฮยาลูโรนิก ผิวชุ่มชื้น อิ่มน้ำRVEAB,TH,God of Beauty and Skin Care,0.0,0,0.0,713.00,THB,hyaluronic acid serum,https://shop.tiktok.com/th/pdp/es-ram-aih-ya-lu-or-ni-k-5d-di-fenzi-chumchuen-fuenfu-phiw/1731828057388517262
2154,【Buy One Get One Free】 Torriden DIVE IN Hyaluronic Acid Serum 50mL - เซรั่มกรดไฮยาลูโรนิกโมเลกุลต่ำเพื่อความชุ่มชื้นเปล่งประกายKFYAE,TH,SKINTIFIC OfficialThai branch,0.0,0,0.0,502.00,THB,hyaluronic acid serum,https://shop.tiktok.com/th/pdp/es-ram-aih-ya-lu-or-nikh-s-torriden-dive-in-khnad-50-ml-sinkha-opromchan/1732527258982647013
2155,【ซื้อ 1 แถม 1】LBLS Salicylic Acid Cleanser 100 กรัม อ่อนโยนต่อการควบคุมความมันและรักษาสิว,TH,Beauty Life-Mall,0.0,0,0.0,94.00,THB,salicylic acid cleanser,https://shop.tiktok.com/th/pdp/1731922174953752361
2156,"100 กรัมทำความสะอาดผิวหน้า, Salicylic Acid Moisturizing Cleanser, ทำความสะอาดผิวหน้าอย่างล้ำลึกดูแลผิว Salicylic Acid Moisturizing Cleanser 100 กรัม  อ่อนโยน",TH,Aranya454,0.0,0,0.0,156.00,THB,salicylic acid cleanser,https://shop.tiktok.com/th/pdp/khrim-nwd-sm-khad-phiw-100g-swnphsm-sa-li-kos-id-aela-bamrung-chumchuen/1731730817030326150
2157,เซราไมด์ เคโอริช Ceramide Glassy Creamy Ko rich 30 ml.,TH,Onbank shop,0.0,0,0.0,166.00,THB,ceramide cream,https://shop.tiktok.com/th/pdp/esra-mid-ek-ori-chkh-rim-30-ml-samhrab-phiw-swy-eniyn-numnwl-sutr-ekhmkhn/1731202769827497617
2158,ACM Laboratoire Dermatologique Azéane 15% Azelaic Acid 30mL,TH,Wang TK 1,0.0,0,0.0,410.10,THB,azelaic acid,https://shop.tiktok.com/th/pdp/acm-es-ra-mo-a-es-oen-15-oi-la-ik-aeo-khid-khnad-30-ml-sinkha-aebrnd-acm/1731514546204411896
2159,มาสก์โคลนสติ๊กผสม Azelaic Acid ทำความสะอาดล้ำลึก ควบคุมความมัน เติมความชุ่มชื้น ดูแลรูขุมขน ผิวดูเรียบเนียน,TH,Vionest.,0.0,0,0.0,165.20,THB,azelaic acid,https://shop.tiktok.com/th/pdp/1734921286768953301
2160,เซรั่มบำรุงผิวหน้า Anua Azelaic Acid 10 Hyaluron Redness Soothing Serum สำหรับลดสิว มีส่วนผสมของกรดไฮยาลูรอนิก ไนอะซินาไมด์ ช่วยแต้มสิว สีผิวเป็นธรรมชาติ ผลิตจากวัตถุดิบบำรุงผิวสไตล์เกาหลี (30 มล./ 1.01 ออนซ์),TH,Blossom Wealth,0.0,0,0.0,918.00,THB,azelaic acid,https://shop.tiktok.com/th/pdp/1734762538067199082
2161,//ขายยกลัง12ขวด//แอ็กซ่า (คาซูกาไมซิน ไฮโดรคลอไรด์2%) 1ลิตร ป้องกันและกำจัดเชื้อราไหม้และแบคทีเรียได้ดีเยี่ยม,TH,เกษตรส่งตรง,0.0,0,0.0,"4,299.00",THB,azelaic acid,https://shop.tiktok.com/th/pdp/yakhaechueoorkh-2-khnad-1-litr-samhrab-thamkhwamsaoad-ban-oupkrn-swntaw/1732096952300045464
2162,//ขายยกลัง12ขวด//แอ็กซ่า (คาซูกาไมซิน ไฮโดรคลอไรด์2%) 1ลิตร ป้องกันและกำจัดเชื้อราไหม้และแบคทีเรียได้ดีเยี่ยม,TH,คลังยาออนไลน์999,0.0,0,0.0,"4,242.00",THB,azelaic acid,https://shop.tiktok.com/th/pdp/yakhaechueoorkh-2-khnad-1-litr-chak-aebrnd-ygk-phlitphanth-thamkhwamsaoad-samhrab-ban/1731928524175215045
2163,MD FORMULA P.H.D Tranexamic Acid 2.5% Niacinamide 4% Brightening Serum 30ml สกินแคร์ เซรั่ม ใบหน้า,TH,Konvy,0.0,0,0.0,"4,225.00",THB,tranexamic acid serum,https://shop.tiktok.com/th/pdp/md-formula-p-h-d-es-ram-phiwkhaw-ais-2-5-tramexamic-4-niacinamide/1730775885150915063
2164,Dr.Althea Vitamin C Boosting Serum | Daily Facial Serum with TRANEXAMIC ACID,TH,Blossom Wealth,0.0,0,0.0,"1,119.00",THB,tranexamic acid serum,https://shop.tiktok.com/th/pdp/1734762484825359466
2165,Zora Brightening Dual-Active Serum 10% Niacinamide & 4% Tranexamic Acid ขนาด 30ml จุดด่างดำแลดูจางลง ผิวกระจ่างใส หน้าอิ่มฟู สำหรับทุกสภาพผิว,TH,ZoraSkin,0.0,0,0.0,810.00,THB,tranexamic acid serum,https://shop.tiktok.com/th/pdp/zora-serum-10-niacinamide-4-tranexamic-acid-30ml-ld-chuddang-dam-phiw-krachang-ais-samhrab-thuk-sphaph-phiw/1732330664194115353
2166,ฉ่ำ ออร่า แลป บูสเตอร์ เซรั่ม 5% Niacinamide & 3% Tranexamic Acid ช่วยลดฝ้า บำรุงผิวหน้าสูตรเข้มข้นพิเศษ,TH,ร้านพี่ดรีม,0.0,0,0.0,376.00,THB,tranexamic acid serum,https://shop.tiktok.com/th/pdp/1737488819556747034
2167,แพ็ค 6 SNAILWHITE THE ULTIMATE INTENSE SNAIL MUCIN CREAM 6ml. 10SW00725,TH,Noonnanii shop,0.0,0,0.0,303.00,THB,snail mucin essence,https://shop.tiktok.com/th/pdp/1735880639020107038
2168,Cosrx Advanced Snail 96 Mucin Power Essence 100ml เอสเซนส์เมือกหอยทาก 96% เติมเต็มความชุ่มชื้นในผิว,TH,LK Beauty Center,0.0,0,0.0,521.00,THB,snail mucin essence,https://shop.tiktok.com/th/pdp/cosrx-advanced-snail-96-mucin-power-essence-100ml-eos-es-ns-emueok-hoy-thak-96-bamrung-phiw-chak-phayain-ook-zaiwai/1730377132112840828
2169,"KSECRET SEOUL 1988 Cream  Snail Mucin 93% + Rice, 100ml",TH,Blossom Wealth,0.0,0,0.0,784.74,THB,snail mucin essence,https://shop.tiktok.com/th/pdp/1733616535416964202
2170,Purito Wonder Releaf Centella Serum 60 ml,TH,EiEi-BEAUTY,0.0,0,0.0,780.00,THB,centella serum,https://shop.tiktok.com/th/pdp/1733267700252247833
2171,เซรั่มลดรอลดรอยสูตรเข้มข้น Centella Scar Serum ขนาด 30 กรัม,TH,nu20732,0.0,0,0.0,236.00,THB,centella serum,https://shop.tiktok.com/th/pdp/es-ra-ml-dr-ong-royaephl-epn-centella-scar-serum-khnad-30-kram/1731691862932949914
2172,PONTINA BEAUTY ซีรั่ม Centella Asiatica 30g สำหรับการดูแลผิว ซีรั่มในวัตถุพรีม่า,TH,ร้านช็อบสวย ปัง,0.0,0,0.0,178.00,THB,centella serum,https://shop.tiktok.com/th/pdp/1737369149483615501
2173,เซรั่มขวดเขียว ขนาด 30ml. (CENTELLA SERUM),TH,airi.original,0.0,0,0.0,304.00,THB,centella serum,https://shop.tiktok.com/th/pdp/1732062232098605972
2174,SKIN 1004 CENTELLA SOOTHING CREAM 75ML,TH,EiEi-BEAUTY,0.0,0,0.0,803.00,THB,centella serum,https://shop.tiktok.com/th/pdp/1734933230588102425
2175,clear none acne care solution serum,TH,Nongrakbeautymall,0.0,0,0.0,52.00,THB,acne treatment,https://shop.tiktok.com/th/pdp/es-ram-duael-phiwhna-clear-none-acne-care-solution-aich-echa-eyn/1734293273394250981
2176,"【WIN】LANBENA Acne Treatments Serum 12ml, Skincare, สกินแคร์,Acne Treatments",TH,Lanbenath,0.0,0,0.0,686.00,THB,acne treatment,https://shop.tiktok.com/th/pdp/es-ram-aekpayha-siw-win-lanbena-khnad-12-ml-est-bamrung-phiwhna-samhrab-khn-thi-mipayha-nam-youji-heitou/1731088661673249666
2177,Dark Spot Correcting Glow Serum,TH,BEAUTY ROOM - BKK,0.0,0,0.0,637.00,THB,dark spot corrector,https://shop.tiktok.com/th/pdp/1737156357713397329
2178,"【ซื้อ 1 แถม 1】 AXIS-Y Dark Spot Correcting Glow Serum 50 ml | ดูแลฝ้าแดด จุดด่างดำ ลดรoยมีรoย - สกินแคร์, SkincareWSKRV",TH,AXIS-Y OfficialThailand,0.0,0,0.0,287.00,THB,dark spot corrector,https://shop.tiktok.com/th/pdp/es-ram-aekaikh-chud-hmong-an-axis-y-50ml-bamrung-phiw-krachang-ais-ld-elueon-chuddang-dam/1731957357072778362
2179,"【ซื้อ 1 แถม 1】 AXIS-Y Dark Spot Correcting Glow Serum 50 ml | ดูแลฝ้าแดด จุดด่างดำ ลดรoยมีรoย - สกินแคร์, SkincareDYCOC",TH,AXIS-Y OfficialThailand,0.0,0,0.0,287.00,THB,dark spot corrector,https://shop.tiktok.com/th/pdp/es-ram-aekaikh-chud-hmong-an-axis-y-50ml-bamrung-phiw-krachang-ais-ld-elueon-chuddang-dam/1731957366679110778
2180,"【ซื้อ 1 แถม 1】 AXIS-Y Dark Spot Correcting Glow Serum 50 ml | ดูแลฝ้าแดด จุดด่างดำ ลดรoยมีรoย - สกินแคร์, SkincareQTLPD",TH,AXIS-Y OfficialThailand,0.0,0,0.0,287.00,THB,dark spot corrector,https://shop.tiktok.com/th/pdp/es-ram-bamrung-phiw-dwng-aihm-axis-y-dark-spot-correcting-glow-serum-50ml/1731957377005683834
2181,"【Original】 AXIS-Y Dark Spot Correcting Glow Serum 50 ml | ดูแลฝ้าแดด จุดด่างดำ ลดรoยมีรoย - สกินแคร์, SkincareJDYIH",TH,AXIS-Y OfficialThailand,0.0,0,0.0,287.00,THB,dark spot corrector,https://shop.tiktok.com/th/pdp/es-ram-aekaikh-chud-hmong-khlam-axis-y-50ml-bamrung-phiw-krachang-ais/1731695944072856698
2182,"【ซื้อ 1 แถม 1】 AXIS-Y Dark Spot Correcting Glow Serum 50 ml | ดูแลฝ้าแดด จุดด่างดำ ลดรoยมีรoย - สกินแคร์, SkincareSKPYX",TH,AXIS-Y OfficialThailand,0.0,0,0.0,287.00,THB,dark spot corrector,https://shop.tiktok.com/th/pdp/es-ram-aekaikh-chud-hmong-an-axis-y-50ml-bamrung-phiw-krachang-ais-ld-elueon-chuddang-dam/1731957348287284346
2183,NOVEXPERT Dark Spot Corrector 2ml ผลิตภัณฑ์บำรุงผิว,TH,Konvy,0.0,0,0.0,753.00,THB,dark spot corrector,https://shop.tiktok.com/th/pdp/novexpert-dark-spot-corrector-2ml-es-ra-ml-d-chuddang-dam-samhrab-phiwhna-aela-rob-dwngta/1731260195515958775
2184,"【Buy One Get One Free】 AXIS-Y Dark Spot Correcting Glow Serum 50 ml | ดูแลฝ้าแดด จุดด่างดำ ลดรoยมีรoย - สกินแคร์, SkincareQDOYW",TH,AXIS-Y OfficialThailand,0.0,0,0.0,287.00,THB,dark spot corrector,https://shop.tiktok.com/th/pdp/es-ram-aekaikh-chud-hmong-an-axis-y-50ml-bamrung-phiw-krachang-ais-ld-elueon-chuddang-dam/1731957357659456634
2185,"【Buy One Get One Free】 AXIS-Y Dark Spot Correcting Glow Serum 50 ml | ดูแลฝ้าแดด จุดด่างดำ ลดรoยมีรoย - สกินแคร์, SkincareQRPBQ",TH,AXIS-Y OfficialThailand,0.0,0,0.0,287.00,THB,dark spot corrector,https://shop.tiktok.com/th/pdp/es-ram-aekaikh-chud-hmong-an-axis-y-50ml-bamrung-phiw-krachang-ais-ld-elueon-chuddang-dam/1731957316852483194
2186,"【Buy One Get One Free】 AXIS-Y Dark Spot Correcting Glow Serum 50 ml | ดูแลฝ้าแดด จุดด่างดำ ลดรoยมีรoย - สกินแคร์, SkincareRVSBK",TH,AXIS-Y OfficialThailand,0.0,0,0.0,262.00,THB,dark spot corrector,https://shop.tiktok.com/th/pdp/1731957366828860538
2187,"【Buy One Get One Free】 AXIS-Y Dark Spot Correcting Glow Serum 50 ml | ดูแลฝ้าแดด จุดด่างดำ ลดรoยมีรoย - สกินแคร์, SkincareMNQOD",TH,AXIS-Y OfficialThailand,0.0,0,0.0,262.00,THB,dark spot corrector,https://shop.tiktok.com/th/pdp/es-ram-aekaikh-chud-hmong-an-axis-y-50ml-bamrung-phiw-krachang-ais-ld-elueon-chuddang-dam/1731957376897614970
2188,พอร์ รีดิวส์ซิ่ง โทนเนอร์ Pore Reducing Toner โดเทอร์ ร่า doTERRA ของแท้100%,TH,สุรัตน์ สุขภาพดี ทุกวัน shop,0.0,0,0.0,"1,888.00",THB,pore care toner,https://shop.tiktok.com/th/pdp/doterra-phlitphanth-ld-khnad-rukhumkhn-samhrab-phiwhna-sinkhanamekha-chak-oemrika/1729566396036057813
2189,BK Acne Pore Minimizing & Brightening Toner บีเค แอคเน่ พอร์ มินิไมซิ่ง ไบรท์เทนนิ่ง โทนเนอร์ [140 ml.] โทนเนอร์ สำหรับคนเป็นสิว โทนเนอร์สิว,TH,noracosmetic88,0.0,0,0.0,505.00,THB,pore care toner,https://shop.tiktok.com/th/pdp/1732266115896411711
2190,โทนเนอร์ THAN ขนาด 120 ml. (แพ็คเกจใหม่) Deep Cleansing Pore Minimizing Toner เช็ดหน้า บำรุง ผิว เช็ด รูขุมขน,TH,Allinclusiveshop,0.0,0,0.0,671.00,THB,pore care toner,https://shop.tiktok.com/th/pdp/1730783457029818940
2191,SKIT B5 BARRIER CREAM ครีมบำรุงผิวเข้มข้นสำหรับความชุ่มชื้นและดูแล Skin Barrier,TH,kyoungthailand,0.0,0,0.0,815.00,THB,barrier repair cream,https://shop.tiktok.com/th/pdp/skit-b5-barrier-cream-khrim-bamrung-phiw-ekhmkhn-khwamchumchuen-duael-skin-barrier/1737075001341937092
2192,Barrier น้ำยาเคลือบสีฟิล์มแก้ว  สูตรTitanium Crystal เคลือบสี ลบรอยขีดช่วน ขจัดคราบสกปรก ลดการเกาะของฝุ่น ปกป้องรถจากรังสี UV,TH,Endless Intertrade,0.0,0,0.0,122.00,THB,barrier repair cream,https://shop.tiktok.com/th/pdp/barrier-namya-ekhlueob-si-titan-crystal-samhrab-rthynt-thnthan-swyngam/1729461548229102432
2193,"[SET] BIO-RETINOL ANTI AGING SERUM 30ML, BIO-RETINOL ANTI AGING CREAM 40ML, TIMELESS BIO-YOUTH ANTI AGING ESSENCE 100ML",TH,Provamed Store,0.0,0,0.0,"1,346.00",THB,anti aging serum,https://shop.tiktok.com/th/pdp/1736404610567144952
2194,SET ANTI AGING : PROVAMED BIO-RETINOL ANTI AGING SERUM 30 ML & PROVAMED BIO-RETINOL ANTI AGING CREAM 40 ML & ASTAXANTHIN 6 MG ADVANCE,TH,Provamed Store,0.0,0,0.0,"1,438.60",THB,anti aging serum,https://shop.tiktok.com/th/pdp/est-ld-riwroy-provamed-bio-retinol-serum-cream-astaxanthin/1732015912869201400
2195,Dermalogica Age Bright Clearing Serum 30 ml เซรั่ม บำรุงหน้า เพื่อชลอผิวที่แก่ก่อนวัยอันควร,TH,I Love Shopping mall,0.0,0,0.0,"4,327.00",THB,anti aging serum,https://shop.tiktok.com/th/pdp/es-ram-dermalogica-age-bright-clearing-khnad-30-ml-samhrab-phiw-krachang-ais/1731578415851799646
2196,แมสซี่ แอนตี้-เอจจิ้ง อินเทนซีฟ เซรั่ม MAZII ANTI-AGING INTENSIVE SERUM เซรัม ลรร แลดูอ่อนวัย,TH,All The Best 4U,0.0,0,0.0,556.00,THB,anti aging serum,https://shop.tiktok.com/th/pdp/es-ram-aems-si-ld-riwroy-mazii-enueo-bangeba-bamrung-ooneyaw/1731422455317628901
2197,Anti Aging Set : PROVAMED BIO-RETINOL ANTI AGING SERUM 30 ML + VISTRA ASTAXANTHIN 6MG PLUS COQ10,TH,Provamed Store,0.0,0,0.0,"1,204.00",THB,anti aging serum,https://shop.tiktok.com/th/pdp/1734394664514913784
2198,SUPER LIFTING AGE SERUM เซรั่มให้ผิวเนียนนุ่ม ชุ่มชื้น และมีสุขภาพดี ไม่ต้องใช้ฟิลเตอร์,TH,Shopping with The Rich Online,0.0,0,0.0,337.00,THB,anti aging serum,https://shop.tiktok.com/th/pdp/1733301092948936443
2199,Sesderma Retiage Anti-Aging Serum 30ml.(exp.04/2027),TH,N CODE คุณแม่วัยสายรีวิว,0.0,0,0.0,"1,305.40",THB,anti aging serum,https://shop.tiktok.com/th/pdp/1734249156961273178
2200,Dermalogica Age Bright Clearing Serum 30 ml เซรั่ม บำรุงหน้า เพื่อชลอผิวที่แก่ก่อนวัยอันควร,TH,My Heart Beauty,0.0,0,0.0,"4,349.00",THB,anti aging serum,https://shop.tiktok.com/th/pdp/1729777346577402131
2201,"￼So'Bio เซรั่มอาร์กันออยล์ Argan oil, Collagen VitaminC-Sérum Anti-Âge Global 30ml.",TH,PPP-OHOShop,0.0,0,0.0,"2,828.00",THB,anti aging serum,https://shop.tiktok.com/th/pdp/so-bio-es-ra-mo-ar-kan-ooyl-30ml-aeon-ti-aging-collagen/1731064976758901711
2202,Pachara Clinic Anti aging Serum สูตร2 ขนาด 20g,TH,@Pacharaclinic,0.0,0,0.0,891.90,THB,anti aging serum,https://shop.tiktok.com/th/pdp/es-ra-ml-d-way-pachara-khlinik-sutr-2-khnad-20g-aich-ngay-echa-eyn/1731733019490354947
2203,So'Bio เซรั่มอาร์กันออย Argan oil Sérum Anti-Âge Global 30ml.,TH,PPP-OHOShop,0.0,0,0.0,"2,732.00",THB,anti aging serum,https://shop.tiktok.com/th/pdp/so-bio-es-ra-mo-ar-ka-no-oy-ld-elueon-riwroy-bamrung-phiwhna-khnad-30ml/1731718125593529295
2204,เซรั่มบำรุงผิวกาย U.yi Niacinamide Brightening Body Serum 1 00ml ปรับสีผิวให้ สว่างกระจ่างใสและสม่ำเสมอ กระจ่างใส ช่วย ดูแล ผิวตลอดทั้งวัน มอยส์เจอร์ไรเซอร์ บำรุงผิว บำรุง ม ชุ่มชื้นไม่เหนียว เหนอะหนะ ซีเคร็ทบอดี้โลชั่น,TH,Uiyหมายเลข 2,0.0,0,0.0,141.00,THB,brightening serum,https://shop.tiktok.com/th/pdp/1734835614683531138
2205,Liza Glow Booster Brightening Serum ซีรั่มเพิ่มความสว่างและบำรุงผิว ด้วยคุณสมบัติในการเพิ่มความสว่าง และให้ความชุ่มชื้น,TH,Srey Noy,0.0,0,0.0,156.00,THB,brightening serum,https://shop.tiktok.com/th/pdp/1737174410955818912
2206,[ซื้อ 2 แถม 2][4 ขวด]Brightening Sunscreen Serum SPF50+ PA++++ | UV Protection & Glow Care 50ml,TH,Εucerino Τhailand.tk,0.0,0,0.0,154.00,THB,brightening serum,https://shop.tiktok.com/th/pdp/1736685111397680481
2207,WHITENING BODY DOSE SERUM เซรั่มบำรุงผิวกระจ่างใส จุดด่างดำ ผิวเรียบเนียน,TH,Aunee Shop Online,0.0,0,0.0,477.00,THB,brightening serum,https://shop.tiktok.com/th/pdp/1734089254306416546
2208,GGOM BELLE Whitening Complex Serum เซรัมบำรุงผิวกระจ่างใส จากสารสกัดธรรมชาติ,TH,ซุปเปอร์ช็อป,0.0,0,0.0,425.00,THB,brightening serum,https://shop.tiktok.com/th/pdp/1733440273855055005
2209,Hydration Serum เซรั่มอุ้มน้ำให้ผิว 20ml.,TH,@Pacharaclinic,0.0,0,0.0,599.40,THB,hydrating serum,https://shop.tiktok.com/th/pdp/hydration-serum-es-ram-bamrung-phiw-20ml-chak-aebrnd-pachara/1731741252075357955
2210,SLOWPURE | HYDRATION TEXTURE SERUM 50 ml.|ไฮเดรชั่น เท็กซ์เจอร์ เซรั่ม,TH,AllAboutYouOfficial,0.0,0,0.0,592.00,THB,hydrating serum,https://shop.tiktok.com/th/pdp/1734498495487575291
2211,HW YOUR BRAND ACNE CARE HYDRATING SERUM บำรุงผิวให้ชุ่มชื้น ผิวนุ่มและปล่งปลั่งและยังช่วยดูแลปัจจัยที่ทำให้ก่อสิวอย่างอ่อนโยน ด้วย Purefix-G3 และ Niacinamide ใช้เป็นประจำอย่างต่อเนื่อง,TH,Shopping with The Rich Online,0.0,0,0.0,353.00,THB,hydrating serum,https://shop.tiktok.com/th/pdp/hw-your-brand-acne-care-serum-moisturizing-anti-acne-formula/1733653182810785531
2212,Dermalogica Circular Hydration Serum  เซรั่มสำหรับเติมน้ำ และให้ความชุ่มชื้นแก่ผิวหน้า,TH,I Love Shopping mall,0.0,0,0.0,"4,181.00",THB,hydrating serum,https://shop.tiktok.com/th/pdp/dermalogica-circular-hydration-serum-es-ram-bamrung-phiwhna/1731571369257895006
2213,PONDS HYDRA MIRACLE เซรา-ไฮยามิโน เจล ผิวฟูเด้งอิ่มน้ำ (สีฟ้า) ล็อคความชุ่มชื่น ผิวอิ่มน้ำทันที เสริมปราการผิวแข็งแรง (1 กล่อง มี 6 ซอง),TH,คลังเท,0.0,0,0.0,254.00,THB,hydrating serum,https://shop.tiktok.com/th/pdp/pond-s-hydra-miracle-gel-6-5-g-6-song-bamrung-phiw-krachkais/1734802396264891841
2214,PRIMANEST Hydra Surge Moisturizing Serum 30ml. พรีมาเนสท์ ไฮดรา เสิร์จ มอยเจอร์ไรซิ่ง เซรั่ม 30มล.,TH,365wecare,0.0,0,0.0,908.00,THB,hydrating serum,https://shop.tiktok.com/th/pdp/1736618997596915574
2215,Dermalogica Age Reversal Eye Complex 15 ml ครีมบำรุงรอบดวงตา สำหรับผิวรอบดวงตาที่เหี่ยวย่น มีถุงใต้ตา ขอบตาดำ ตีนกา หรือผิวที่แก่ก่อนวัยอันควร,TH,I Love Shopping mall,0.0,0,0.0,"4,761.00",THB,eye cream dark circle,https://shop.tiktok.com/th/pdp/dermalogica-age-reversal-eye-complex-15ml-ld-riwroy-siw-oayaechodw/1731578443699094622
2216,Dermalogica Age Reversal Eye Complex 15 ml ครีมบำรุงรอบดวงตา สำหรับผิวรอบดวงตาที่เหี่ยวย่น มีถุงใต้ตา ขอบตาดำ ตีนกา หรือผิวที่แก่ก่อนวัยอันควร,TH,My Heart Beauty,0.0,0,0.0,"4,784.00",THB,eye cream dark circle,https://shop.tiktok.com/th/pdp/dermalogica-est-namhnak-oay-u-15ml-samhrab-phuhying-stri/1729777413701798163
2217,Pachara Anti Wrinkle  & Dark Circle Clear Serum เซรั่มบำรุงรอบดวงตา,TH,@Pacharaclinic,0.0,0,0.0,730.00,THB,eye cream dark circle,https://shop.tiktok.com/th/pdp/pachara-anti-wrinkle-dark-circle-clear-serum-es-ram-bamrung-rob-dwngta-ld-riwroy-aela-roy-khlam-ait-ta-sutr-ekhmkhn-samhrab-phiw-rob-dwngta/1731741503902615299
2218,เมลิน อายซีรั่ม อายครีม บำรุงรอบดวงตา ใต้ตาคล้ำ เหี่ยว MEILIN ADVANCE EYE SERUM : Brightens Dark Circles & Firms the Eye Contour,TH,Meilin Cosmetic,0.0,0,0.0,563.00,THB,eye cream dark circle,https://shop.tiktok.com/th/pdp/1730001273334368354
2219,4ชิ้น/เซ็ต Blackhead Acne Remover สิว Blackhead Removal เข็มผิวหน้ารูขุมขนทําความสะอาดชุดเครื่องมือ,TH,quantumquirke,0.0,0,0.0,62.00,THB,blackhead remover,https://shop.tiktok.com/th/pdp/1731372950074065957
2220,ASHLEY - Blackhead Remover (0.5g.) อุปกรณ์สำหรับกดสิว ผิว,TH,EVEANDBOY TH,0.0,0,0.0,109.00,THB,blackhead remover,https://shop.tiktok.com/th/pdp/ashery-sepry-khad-chmuk-aebb-phkpha-khnad-0-5-kram-ekhrueongmueo-thamkhwamsaoad-aibhna/1729813147791034755
2221,🔥แท้/ดีลสุดคุ้ม/ไลฟ์ทุกวัน🔥AA-181 Ashley Pimple Blackhead Remover Set 2 Items (M),TH,Stop Beauty,0.0,0,0.0,82.00,THB,blackhead remover,https://shop.tiktok.com/th/pdp/est-ni-mi-aa-181-ashley-pimple-blackhead-remover-2-chin/1731892504115251058
2222,🔥แท้/ดีลสุดคุ้ม/ไลฟ์ทุกวัน🔥AA-181 Ashley Pimple Blackhead Remover Set 2 Items (M),TH,Lotta Shop,0.0,0,0.0,82.00,THB,blackhead remover,https://shop.tiktok.com/th/pdp/est-ni-mi-aa-181-ashley-pimple-blackhead-remover-2-chin/1731892491761845718
2223,Oxecure Blackhead Cleaning BHA PHA Toner,TH,Sandy Aesthetics,0.0,0,0.0,645.00,THB,blackhead remover,https://shop.tiktok.com/th/pdp/oxecure-toner-bha-2-pha-4-thamkhwamsaoad-siwhawdam/1732203113737784204
2224,Ashley Blackhead Remover เซ็ตอุปกรณ์สำหรับกดสิว (AA-181),TH,Ashley Cosmetic,0.0,0,0.0,163.00,THB,blackhead remover,https://shop.tiktok.com/th/pdp/est-oupkrn-kd-siw-ashley-aa-181-aichngan-ngay-thnthan-aim-epnsnim/1729635987069241607
2225,🔥แท้/ถูกที่สุด/ไลฟ์ทุกวัน🔥 (1ซอง) The Original Blackhead Fighting Mask มาส์กทำความสะอาดจมูก,TH,Stop Beauty,0.0,0,0.0,56.00,THB,blackhead remover,https://shop.tiktok.com/th/pdp/1736618774338635634
2226,[ยกกล่อง 6 ซอง] MIHADA Moisturizer Sensitive Cream 7g ครีมบำรุงผิวหน้า สูตรอ่อนโยน มอยเจอร์ไรเซอร์สำหรับผิวแพ้ง่าย,TH,Sugar Peach Beauty,0.0,0,0.0,195.25,THB,sensitive skin moisturizer,https://shop.tiktok.com/th/pdp/1737197744980396021
2227,(กระปุก)SKINTIFIC Sensitive Moisture Gel 40ml สคินทิฟฟิค มอยเจอร์ไรเซอร์เจล สำหรับผิวแพ้ง่าย ครีม ให้,TH,Aunee Shop Online,0.0,0,0.0,682.00,THB,sensitive skin moisturizer,https://shop.tiktok.com/th/pdp/sk-i-nth-iffik-echl-bamrung-khwamchuen-samhrab-phu-thi-mi-phiw-bobbang-khnad-40ml/1731746992835102626
2228,Basicblend Milk Rice Extract & Collagen Mask Sheet (10 pcs/Box) แผ่นมาร์คบำรุงผิวหน้า,TH,UMiX Skincare,0.0,0,0.0,261.00,THB,face mask sheet,https://shop.tiktok.com/th/pdp/basicblend-milk-rice-extract-collagen-mask-st-10-chin-box/1730142226424433146
2229,THA BY NONGCHAT Fah Talai Chon Mask Sheet แผ่นมาส์กหน้า (1ซอง / 25g.),TH,AeykawaiiShop2,0.0,0,0.0,54.00,THB,face mask sheet,https://shop.tiktok.com/th/pdp/tha-by-nongchat-mas-kh-na-aebb-aephn-samhrab-phiw-aehng-suyyakas/1729643419426130200
2230,ESFOLIO MASK SHEET 25 ml. ( แผ่นมาส์หน้า 25 มล),TH,COSCEN THAILAND,0.0,0,0.0,107.00,THB,face mask sheet,https://shop.tiktok.com/th/pdp/aephn-mas-kh-hna-esfolio-khnad-25-ml-ehmaasamhrab-bamrung-phiw/1731810988578868165
2231,BONNYHILL Heartleaf  Sheet Mask 23g x 5 sheets. แผ่นมาส์กหน้าสูตรพลูคาว,TH,Nuri.International,0.0,0,0.0,179.00,THB,face mask sheet,https://shop.tiktok.com/th/pdp/1737429012293519197
2232,【กล่อง/6ชิ้น】แผ่นมาส์กหน้า【ไฟว์มินิทส์มาสก์ชีท】สูตรเฟิร์มมิ่ง Baby Bright 5 Mins Firming Mask Sheet  18g.,TH,2OMshop,0.0,0,0.0,143.00,THB,face mask sheet,https://shop.tiktok.com/th/pdp/mas-kh-hna-fuen-phiw-eriyb-eniyn-baby-bright-5-mins-firming-mask/1730727139029649608
2233,ครีมกันแดด กิฟฟารีน กันแดด ซันสกรีน เอสพีเอฟ 50 พีเอ น้ำนม กันน้ำ กันเหงื่อ SPF 50 กันแดดหน้า Sunscreen ของแท้,TH,ตุ๊กตากิฟฟารีนสายสุขภาพ,0.0,0,0.0,723.00,THB,sunscreen spf50,https://shop.tiktok.com/th/pdp/khrimkanaedd-kiffarin-spf-50-kannam-pkpong-phiw-thuk-sphaph-phiw/1729732310361016801
2234,ครีมกันแดด ครีมกันแดดหน้า ครีมกันแดดหน้าspf50 ครีมกันแดดsunscreen กันน้ำ กิฟฟารีน Giffarine Multi Sunscreen SPF50+ PA++++,TH,GiffarineShop,0.0,0,0.0,699.00,THB,sunscreen spf50,https://shop.tiktok.com/th/pdp/1729552297353447958
2235,ครีมกันแดดBW SPF 50 ผิวทุกประเภท SPF 50 สกินแคร์skincare,TH,ร้านแก้ว1,0.0,0,0.0,190.00,THB,sunscreen spf50,https://shop.tiktok.com/th/pdp/khrimkanaedd-bw-spf-50-samhrab-thukr-up-aebb-phiw-esrim-khwam-pkti-aih-sk-in-aekhr/1732867430828574166
2236,ครีมกันแดดโสมนางฟ้า Sun SPF 50,TH,jeerapa31shop,0.0,0,0.0,159.00,THB,sunscreen spf50,https://shop.tiktok.com/th/pdp/khrimkanaedd-sun-spf-50-samhrab-phiwkhaw-krachang-ais-pkpong-aesng-uv/1730022936237803857
2237,ครีมกันแดด มัลติโพรเทคทีฟ ซันสกรีน กิฟฟารีน เอสพีเอฟ 50+พีเอ++++ใบหน้า Sunscreen ผิว,TH,DODEE1,0.0,0,0.0,708.00,THB,sunscreen spf50,https://shop.tiktok.com/th/pdp/giffarine-multi-protective-sunscreen-spf50-pa-samhrab-phiwkhaw-krachang-ais/1729621632442534416
2238,โทนเนอร์ Provamed Acniclear Facial Toner [200 ml.] ทำความสะอาดผิวหน้าได้ล้ำลึก ปราศจากสิ่งสกปรก,TH,noracosmetic88,0.0,0,0.0,462.00,THB,exfoliating toner,https://shop.tiktok.com/th/pdp/othn-eno-r-promed-acniclear-samhrab-aibhna-khnad-200-ml-ehmaasamhrab-khn-mi-siw-aela-phiw-aeph-ngay/1731918544779774527
2239,EQQUALBERRY : HYALTOIN FLOODING TONER,TH,Eqqualberry Thailand,0.0,0,0.0,850.00,THB,exfoliating toner,https://shop.tiktok.com/th/pdp/1736922944334955989
2240,โลชั่นผิวกาย,TH,FooFee Shop,0.0,0,0.0,450.00,THB,body lotion,https://shop.tiktok.com/th/pdp/olchan-phiwhna-aela-rangkay-spf-30-sutr-kanaedd-samhrab-phiw-aeph-ngay/1729560318512761786
2241,โลชั่นถนอมผิวกาย  Body Lotion นุ่ม ชุ่มชื้น เรียบเนียน บำรุง บอดี้,TH,GOOD DAY SHOP 168,0.0,0,0.0,230.00,THB,body lotion,https://shop.tiktok.com/th/pdp/olchan-thnom-phiwkay-body-lotion-samhrab-phuhying-phuchay/1730845203557616147
2242,โลชั่นน้ำหอม,TH,ร้านONEMYSOHP,0.0,0,0.0,146.00,THB,body lotion,https://shop.tiktok.com/th/pdp/olchan-namhom-samhrab-phuhying-aela-phuchay-sutr-bamrung-phiwhna-aela-rangkay/1729447273869052668
2243,โลชั่นVM,TH,Myyuishop,0.0,0,0.0,327.00,THB,body lotion,https://shop.tiktok.com/th/pdp/olchan-vm-samhrab-phuhying-sutr-ekhmkhn-ehmaakab-thuk-sphaph-phiw/1729429006404782686
2244,Body Lotion SPF50+ 200ml โลชั่นบำรุงผิวกาย ช่วยเติมความชุ่มชื้น ผิวดูกระจ่างใส มี 2 สูตร Milk & Tomato และ Milk & Collagen-1791,TH,TOP LIVE SHOP,0.0,0,0.0,33.00,THB,body lotion,https://shop.tiktok.com/th/pdp/1737253346202453482
2245,โลชั่นทาผิว,TH,น้ำผึ้งบิวติ้,0.0,0,0.0,361.00,THB,body lotion,https://shop.tiktok.com/th/pdp/olchan-tha-phiw-samhrab-phuhying-aela-chay-sutr-ekhmkhn-ephueo-karpkpong-thi-dieyiym/1729746926667073700
2246,Body Lotion SPF50+ 200ml โลชั่นบำรุงผิวกาย ช่วยเติมความชุ่มชื้น ผิวดูกระจ่างใส มี 2 สูตร Milk & Tomato และ Milk & Collagen-1791,TH,DUCK DUCK SHOP,0.0,0,0.0,33.00,THB,body lotion,https://shop.tiktok.com/th/pdp/1737253618447648061
2247,โลชั่นผิว Body MIlk Lotion โลชั่นบำรุงผิวชุ่มชื้น ไม่เหนียวเหนอะหนะ -- H8045,TH,MHY shopstore,0.0,0,0.0,77.00,THB,body lotion,https://shop.tiktok.com/th/pdp/olchan-bamrung-phiw-chumchuen-body-milk-lotion-khnadaihy-250ml/1730780086525987268
2248,ครีมบำรุงผิว โลชั่นบำรุงผิว,TH,Joyle shop,0.0,0,0.0,400.00,THB,body lotion,https://shop.tiktok.com/th/pdp/1730329787731053520
2249,Jsoop Phyto Collagen Alleviate Hair Loss Shampoo 500ml. แชมพูสำหรับบำรุงผมร่วง,TH,EATS AND USE,0.0,0,0.0,894.00,THB,hair loss shampoo,https://shop.tiktok.com/th/pdp/jsoop-ofm-haw-ekhmkhn-500ml-sutr-wiess-samhrab-phm-swy-enga-ngam/1732232700690336399
2250,ไลโอ แชมพู ลดผมขาดหลุดร่วง - LYO Anti-Hair Loss Shampoo 200ml,TH,MH SHOP TH,0.0,0,0.0,772.00,THB,hair loss shampoo,https://shop.tiktok.com/th/pdp/lyo-shampoo-sinkha-chak-aebrnd-lyo-samhrab-thamkhwamsaoad-esn-phm/1731755306614098264
2251,[COD] [ช้อปดีมีคืน] DAENG GI MEO RI JINSOO Anti-Hair Loss Shampoo/Treatment 50 ml ลดผมร่วงเร่งผมยาว (DS),TH,chdeg082 Shop,0.0,0,0.0,610.50,THB,hair loss shampoo,https://shop.tiktok.com/th/pdp/aechmphu-ld-phm-rwng-daeng-gi-meo-ri-jinsoo-50ml-esrim-phm-yaw-skad-osm-ekahli-bamrung-esn-phm-ld-khwamekhriyd/1731755269338532733
2252,LYO Shampoo Anti Hair Loss ไลโอ แชมพู แอนตี้ แฮร์ ลอส [200 ml.] lyo หนุ่มกรรชัย,TH,noracosmetic88,0.0,0,0.0,423.00,THB,hair loss shampoo,https://shop.tiktok.com/th/pdp/lyo-shampoo-anti-hair-loss-samhrab-pongkan-kar-hlud-rwng-khong-esn-phm-khnad-200-ml/1731916834793359935
2253,bnb barenbliss Butter Rush Vitamin Lip mask ลิปมาสก์ บำรุงริมฝีปากให้ชุ่มชื้น,TH,JB IMPRESS SHOP,0.0,0,0.0,146.00,THB,lip mask,https://shop.tiktok.com/th/pdp/1737539965867558699
2254,Dinto : Chubby Mocchi Jelly Paw Paw Lip Mask ลิปมาส์กบำรุงปาก 10 g.,TH,Shugarshugarth,0.0,0,0.0,431.35,THB,lip mask,https://shop.tiktok.com/th/pdp/1736881324156945818
2255,[KIS] Laneige Lip Sleeping Mask,TH,Robinson Department store,0.0,0,0.0,807.00,THB,lip mask,https://shop.tiktok.com/th/pdp/1736538492465677446
2256,THE SAEM  Iceland Lip Sleeping Mask ลิปสลีปปิ้งมาส์ก มอบความชุ่มชื้นให้ริมฝีปาก,TH,Nuri.International,0.0,0,0.0,397.00,THB,lip mask,https://shop.tiktok.com/th/pdp/1737218205690922845
2257,COD BL064-59 Face and Neck Care Brush แปรงนวดหน้า ใช้สำหรับผิวหน้าและคอ ช่วยกระชับ,TH,Pandorak09shop,0.0,0,0.0,65.00,THB,facial cleansing brush,https://shop.tiktok.com/th/pdp/1736105108858046452
2258,TBK แปรงล้างหน้าซิลิโคนแบบมีด้ามจับ ซิลิโคนล้างหน้า Silicone Facial Cleansing Brush  นุ่ม ไม่เป็นอันตรายต่อผิวแปรงล้างหน้า ขนแปรงนุ่ม แปรงล้างหน้าปอกนิ้ว *คละสี* ทำความสะอาดได้อย่างล้ำลึก MINIBRUSH-FACE,TH,TBK.TBK,0.0,0,0.0,17.00,THB,facial cleansing brush,https://shop.tiktok.com/th/pdp/tbk-aeprng-langhna-siliokhn-mi-damchab-num-plodphay-thamkhwamsaoad-lamluek/1735279205827315045
2259,P24 โฟมล้างหน้า CLEAR ขนาด 120 มล. ช่วยทำความสะอาดผิวหน้า แชทได้ทุกวัน,TH,Yshop333,0.0,0,0.0,220.00,THB,facial cleansing brush,https://shop.tiktok.com/th/pdp/p24-ofm-langhna-clear-120-ml-thamkhwamsaoad-phiwhna-aechth-aid-thukwan/1735130215374882016
2260,P24 โฟมล้างหน้า CLEAR ขนาด 120 มล. ช่วยทำความสะอาดผิวหน้า แชทได้ทุกวัน,TH,Yshop333,0.0,0,0.0,220.00,THB,facial cleansing brush,https://shop.tiktok.com/th/pdp/1735100939679597792
2261,MMO โฟมล้างหน้า CLEAR ขนาด 200มล. ช่วยทำความสะอาดผิวหน้า แชทได้ทุกวัน,TH,Yshop333,0.0,0,0.0,330.00,THB,facial cleansing brush,https://shop.tiktok.com/th/pdp/1735648602449872096
2262,ส่งด่วน/ส่งทันที CUTE PRESS PURE ORIGIN MICELLAR CLEANSING BALM คลีนซิ่ง บาล์ม เนื้อเนียนนุ่ม ทำความสะอาดผิวหน้าขนาด 20g,TH,Tonycosmetics,0.0,0,0.0,65.00,THB,clean beauty/facial cleansing brush,https://shop.tiktok.com/th/pdp/1736936737393772310
2263,Giffarine ครีมรองพื้น Perfect Wear Foundation สำหรับผิวที่มีสีผิวที่เป็นธรรมชาติ ให้ความรู้สึกสบายและเนียนนุ่ม,TH,PopManee,0.0,0,0.0,660.00,THB,makeup foundation,https://shop.tiktok.com/th/pdp/1737217937110762518
2264,รองพื้นเนื้อแมท,TH,ร้านน้องเมย์ขายทุกอย่างจ้า,0.0,0,0.0,322.00,THB,makeup foundation,https://shop.tiktok.com/th/pdp/rongphuen-enueo-ae-mth-spf30-pa-samhrab-phiw-aeph-ngay-samphas-bangeba/1729600720580545416
2265,ครีมรองพื้น,TH,hailingshop,0.0,0,0.0,86.03,THB,makeup foundation,https://shop.tiktok.com/th/pdp/khrim-rongphuen-samhrab-phuhying-sutr-bangeba-ehmaakab-thuk-sphaph-phiw/1729597327353482192
2266,🔥แท้/ดีลสุดคุ้ม/ไลฟ์ทุกวัน🔥(1ซอง) Get&Glow Matte Me Foundation / Second Skin Makeup Base รองพื้น / เมคอัพเบส,TH,Stop Beauty,0.0,0,0.0,84.00,THB,makeup foundation,https://shop.tiktok.com/th/pdp/1734485620245759858
2267,🔥แท้/ดีลสุดคุ้ม/ไลฟ์ทุกวัน🔥(1ซอง) Get&Glow Matte Me Foundation / Second Skin Makeup Base รองพื้น / เมคอัพเบส,TH,bonita.beauty,0.0,0,0.0,84.00,THB,makeup foundation,https://shop.tiktok.com/th/pdp/1734485586795529284
2268,🔥แท้/ดีลสุดคุ้ม/ไลฟ์ทุกวัน🔥(กล่องx6ซอง) Get&Glow Matte Me Foundation / Second Skin Makeup Base รองพื้น / เมคอัพเบส,TH,Stop Beauty,0.0,0,0.0,440.00,THB,makeup foundation,https://shop.tiktok.com/th/pdp/1734485397589952370
2269,Cle De Peau Beaute Radiant Fluid Foundation รองพื้นชนิดน้ำ Light and Soft Mist Liquid Foundation ครีมกันแดดและบำรุงผิว Matte Makeup,TH,City Grace,0.0,0,0.0,"1,078.00",THB,makeup foundation,https://shop.tiktok.com/th/pdp/1737275405238502612
2270,แก้วหน้าเป็ด,TH,ณพัฒน์.Shop,0.0,0,0.0,277.00,THB,glass skin,https://shop.tiktok.com/th/pdp/aekw-hna-epd-ngan-phi-mueo-sud-ek-diaisn-narak-saitl-omedirn/1729724499803409359
2271,(6ซอง/กล่อง) Glass Skin Niacinamide Glow กลาสสกิน ครีมกันแดด กันแดดผิวขาวSPF50+ Pa++++ [0013],TH,Sugar Pop Online,0.0,0,0.0,256.00,THB,glass skin,https://shop.tiktok.com/th/pdp/1737378184074265862
2272,[Live](6ซอง/กล่อง) Glass Skin Niacinamide Glow กลาสสกิน ครีมกันแดด กันแดดผิวขาวSPF50+ Pa++++ [0013],TH,Sugar Pop Online,0.0,0,0.0,278.00,THB,glass skin,https://shop.tiktok.com/th/pdp/1737378309891458310
2273,[Box x6] Glass Skin Niacinamide Glow Sunscreen 7ml,TH,Nana Beauty MM,0.0,0,0.0,283.00,THB,glass skin,https://shop.tiktok.com/th/pdp/khrimkanaedd-glass-skin-niacinamide-spf50-7ml-x6-song-plod-sarphis-enueo-bangeba-aichngan-thukwan/1736240107453318147
2274,[Way] [กล่อง x6] Glass Skin Niacinamide Glow Sunscreen 7ml กลาสสกิน ไนอะซินาไมด์ โกลว์ ซันสกรีน,TH,Way Beauty Shop 2,0.0,0,0.0,280.25,THB,glass skin,https://shop.tiktok.com/th/pdp/glass-skin-niacinamide-glow-sunscreen-spf50-7ml-x6-kanaedd/1736240041228142173
2275,Felix ผลิตภัณฑ์ Glass Skin Cushion สำหรับผิวที่ดูกระจ่างใสและเนียนนุ่ม,TH,Wannai222,0.0,0,0.0,683.00,THB,glass skin,https://shop.tiktok.com/th/pdp/1737070463077877756
2276,[Way] [กล่อง x6] กลาสสกิน ไนอะซินาไมด์ โกลว์ ซันสกรีน Glass Skin Niacinamide Glow Sunscreen 7ml,TH,Way Beauty Shop,0.0,0,0.0,288.94,THB,glass skin,https://shop.tiktok.com/th/pdp/1736240108891113205
2277,แท้/ดีลสุดคุ้ม/ไลฟ์ทุกวัน[1ซอง] The Ingredients Glass Skin กลาสสกิน ไฮบริด โกลว์ ซันสกรีน SPF50+7กรัม,TH,bonita.beauty,0.0,0,0.0,42.00,THB,glass skin,https://shop.tiktok.com/th/pdp/1736850465287734340
2278,ครีมโสมเกาหลี,TH,Saleของถูก,0.0,0,0.0,465.00,THB,korean skincare,https://shop.tiktok.com/th/pdp/khrim-osm-ekahli-bamrung-phiwhna-aela-rimfipak-ehmaasamhrab-thuk-sphaph-phiw/1729821851305478393
2279,มาร์กน้องฉัตร เกาหลี สกินแคร์ ส้ม Skincare มอยส์เจอร์ไรเซอร์ ความชุ่มชื้น,TH,จิปาฐะเครือสหพัฒน์,0.0,0,0.0,370.00,THB,korean skincare,https://shop.tiktok.com/th/pdp/marmarang-vitamin-c-serum-moisturizer-bamrung-phiwhna-aela-lamtaw/1731785286011554358
2280,PURE CARE BSC ครีมกันแดด VEGAN SUNSCREEN SPF50PA+++ 25g. อ่อนโยนต่อทุกสภาพผิว,TH,1970 Mall,0.0,0,0.0,253.00,THB,vegan skincare,https://shop.tiktok.com/th/pdp/khrimkanaedd-vegan-spf50-pa-pkpong-uv-a-uva-bamrung-phiw/1729602056354498778
2281,Eve’s นิวส์อีฟส์ ว่านหางจระเข้ มอยส์เจอร์ไรเซอร์ ความชุ่มชื้น Aloe Vera Hydrating & Treatment Gel Skincare ผิวหน้าและผิวกาย สกินแคร์,TH,แม่แอนขายอีฟส์,0.0,0,0.0,334.00,THB,vegan skincare,https://shop.tiktok.com/th/pdp/wan-hangchraekh-moysechorairesor-eve-bamrung-phiw-chumchuen-aim-mi-siliokhn-ehmaakab-thuk-sphaph-phiw/1731123048979925829
2282,เนเชอรัลสกิน อโลเวร่าเจล Natural Skin Aloe Vera Gel 30g.,TH,kwankarl.shop,0.0,0,0.0,347.00,THB,vegan skincare,https://shop.tiktok.com/th/pdp/1734256570290964118
2283,Gentle Cleansing Clear Wash,TH,naamm.,0.0,0,0.0,57.00,THB,clean beauty,https://shop.tiktok.com/th/pdp/gentle-cleansing-clear-wash-ody-g21-thamkhwamsaoad-oonoyn-ehmaasamhrab-phiw-bobbang-raksa-khwamchumchuen/1731824930268350870
2284,คลีนซิ่งนมแพะแพ็คเกจใหม่ ของแท้,TH,NY Beauty,0.0,0,0.0,148.00,THB,clean beauty,https://shop.tiktok.com/th/pdp/khli-n-sing-nm-aepha-aephkhekch-aihm-khongaeth-sinkha-chak-aebrnd-sis-s/1729653974856403175
2285,สบู่ทำความสะอาดผิวหน้า ผิวกาย ไบร์ทเทนนิ่ง,TH,บอสพลอยพาสวย,0.0,0,0.0,114.00,THB,clean beauty,https://shop.tiktok.com/th/pdp/sbu-thamkhwamsaoad-phiwhna-aela-phiwkay-ai-br-th-eth-n-ning-ld-chuddang-dam/1732195946130802220
2286,สบู่Whitening Gentle หลีกวิว Cleansing  ช่วยทำความสะอาดกลิ่นหอมสดชื่น ผิว ผิวหน้า,TH,Hello Hello Hello,0.0,0,0.0,109.00,THB,clean beauty,https://shop.tiktok.com/th/pdp/sbu-whitening-gentle-awa-thamkhwamsaoad-klinhom-sdchuen-phiwhna/1731142973159737534
2287,บอดี้บิวตี้ เพียวริฟายอิ้งเฟเชียล คลีนซิ่งเจล สำหรับผิวหน้าและผิวพรรณ ทำความสะอาดอย่างอ่อนโยน ปราศจากน้ำหอม ให้ผิวหน้ากระจ่างใส,TH,Cancan Healthy Shop,0.0,0,0.0,414.00,THB,clean beauty,https://shop.tiktok.com/th/pdp/bodi-bi-wt-i-ephiyw-ri-fay-oing-echl-langhna-oonoyn-praschak-namhom/1729450759820773594
2288,Barber Brain After Shave ผลิตภัณฑ์บำรุงผิวหน้าหลังการโกนหนวด,TH,Prinkbeauty,0.0,0,0.0,241.00,THB,post procedure skincare,https://shop.tiktok.com/th/pdp/barber-brain-after-shave-khrim-namhom-hlang-okn-samhrab-phm-aela-aibhna/1729970767174404534
2289,(DR.Saroj ของแท้)ชุดครีมบำรุงผิวหน้าหลังจากผลัดเซลล์ผิว  ขนาด 60 g. (ครีมกลางวันและครีมกลางคืน),TH,ดร.สาโรชประเทศไทย,0.0,0,0.0,690.60,THB,post procedure skincare,https://shop.tiktok.com/th/pdp/chud-khrim-bamrung-phiwhna-dr-saorch-eho-r-ebil-no-ri-ch-ching-60-g-khrim-klangwan-aela-klangkhuen-chwy-aih-phiw-chumchuen-ld-oakar-rakhayekhueong/1731818188988516913
2290,(DR.Saroj ของแท้)ชุดครีมบำรุงผิวหน้าหลังจากผลัดเซลล์ผิว  ขนาด 60 g. (ครีมกลางวันและครีมกลางคืน),TH,ดร.สาโรชประเทศไทย,0.0,0,0.0,696.00,THB,post procedure skincare,https://shop.tiktok.com/th/pdp/dr-saroj-khongaeth-chud-khrim-bamrung-phiwhna-60g-khrim-klangwan-klangkhuen/1731814430704634417
2291,(DR.Saroj ของแท้)ชุดครีมบำรุงผิวหน้าหลังจากผลัดเซลล์ผิว  ขนาด 60 g. (ครีมกลางวันและครีมกลางคืน),TH,ดร.สาโรชประเทศไทย,0.0,0,0.0,696.00,THB,post procedure skincare,https://shop.tiktok.com/th/pdp/dr-saroj-khongaeth-chud-khrim-bamrung-phiwhna-60g-khrim-klangwan-klangkhuen/1731818191374617137
2292,(DR.Saroj ของแท้)ชุดครีมบำรุงผิวหน้าหลังจากผลัดเซลล์ผิว  ขนาด 60 g. (ครีมกลางวันและครีมกลางคืน),TH,ดร.สาโรชประเทศไทย,0.0,0,0.0,696.00,THB,post procedure skincare,https://shop.tiktok.com/th/pdp/dr-saroj-khongaeth-chud-khrim-bamrung-phiwhna-60g-khrim-klangwan-klangkhuen/1731818142936566321
2293,(DR.Saroj ของแท้)ชุดครีมบำรุงผิวหน้าหลังจากผลัดเซลล์ผิว  ขนาด 60 g. (ครีมกลางวันและครีมกลางคืน),TH,ดร.สาโรชประเทศไทย,0.0,0,0.0,696.00,THB,post procedure skincare,https://shop.tiktok.com/th/pdp/dr-saroj-khongaeth-chud-khrim-bamrung-phiwhna-60g-khrim-klangwan-klangkhuen/1731813482756213297
2294,(DR.Saroj ของแท้)ชุดครีมบำรุงผิวหน้าหลังจากผลัดเซลล์ผิว  ขนาด 60 g. (ครีมกลางวันและครีมกลางคืน),TH,ดร.สาโรชประเทศไทย,0.0,0,0.0,696.00,THB,post procedure skincare,https://shop.tiktok.com/th/pdp/dr-saroj-khongaeth-chud-khrim-bamrung-phiwhna-60g-khrim-klangwan-klangkhuen/1731818139201800753
2295,"Serum Salicylic Acid Niacinamide 30ml hỗ trợ giảm mụn ẩn, se khít lỗ chân lông, mờ thâm, làm sáng da cho da dầu mụn",VN,AMOER SKINCARE,0.0,0,0.0,143.535,VND,niacinamide serum,https://shop.tiktok.com/vn/pdp/1736280786465228533
2296,"Serum oh!oh! Skin Health Niacinamide 20% 30ml Dưỡng Sáng Da, Giảm Thâm Nám",VN,CosBeauty - Beauty & SkinCare,0.0,0,0.0,867.842,VND,niacinamide serum,https://shop.tiktok.com/vn/pdp/1737171916154177101
2297,oh! oh! Skin Health Niacinamide 20% Serum | Tinh chất hỗ trợ sáng da đều màu da | HÀNG CÔNG TY,VN,CATARINA BEAUTY & COSMETIC,0.0,0,0.0,504.110,VND,niacinamide serum,https://shop.tiktok.com/vn/pdp/tinh-chat-duong-sang-da-niacinamide-20-oh-oh-han-quoc-10ml-30ml-hang-chinh-hang/1730037014196095309
2298,"[Hàng công ty] Serum Dưỡng Sáng Da, Giảm Thâm Nám Oh!Oh! Skin Health Serum Niacinamide 20% 30ml",VN,Nhung Cosme,0.0,0,0.0,952.208,VND,niacinamide serum,https://shop.tiktok.com/vn/pdp/serum-duong-sang-da-ohoh-voi-niacinamide-20-30ml/1730328405598439583
2299,"Tinh Chất Dưỡng Sáng, Mờ Thâm Da LaCabine 15% Niacinamide Serum Cream - 30ml",VN,TMoon Cosmetic,0.0,0,0.0,884.993,VND,niacinamide serum,https://shop.tiktok.com/vn/pdp/serum-duong-trang-lam-mo-tham-da-15-niacinamide-30ml/1732239377866852977
2300,Kem Dưỡng Da Raviel Red Ginseng Retinol Firming Cream – Vạch Nâu – 50ml,VN,PT beauty storee,0.0,0,0.0,174.719,VND,retinol cream,https://shop.tiktok.com/vn/pdp/kem-duong-da-raviel-red-ginseng-retinol-50ml-cai-thien-do-dan-hoi-giup-da-san-chac-chong-nep-nhan/1732256245080884794
2301,TONER SKINPASTEL X5 RETINOL 130ML  retinol trị thâm mụn,VN,GUODONGSHENG10,0.0,0,0.0,325.444,VND,retinol cream,https://shop.tiktok.com/vn/pdp/toner-skinpastel-x5-retinol-130ml-lam-sach-da-chong-mun-cai-thien-ket-cau-da/1732299502483965381
2302,"[M.12 TẶNG SERUM COLLAGEN]  Kem Retinol Hỗ Trợ Mờ Giảm Nám, Cải Thiện Các Dấu Hiệu Lão Hóa Trên Da",VN,KHANG VELIA,0.0,0,0.0,2.344.049,VND,retinol cream,https://shop.tiktok.com/vn/pdp/kem-retinol-velia-mo-nam-chong-lao-hoa-duong-am-30ml/1735113223669581507
2303,[ Hàng Tặng Không Bán ] Kem dưỡng liftactiv retinol cream 15ml,VN,Vichy Vietnam,0.0,0,0.0,1.477.490,VND,retinol cream,https://shop.tiktok.com/vn/pdp/kem-duong-liftactiv-retinol-15ml-vichy-an-toan-cho-da-nhay-cam/1734527268613490363
2304,"Kem ngày Retinol dưỡng ẩm, phục hồi, tái tạo da DELIA COSMETICS RETINOL THERAPY Nourishing Face Cream",VN,Biomedico Online Store,0.0,0,0.0,127.815,VND,retinol cream,https://shop.tiktok.com/vn/pdp/delia-cosmetics-kem-tri-rat-da-duong-am-chong-lao-hoa/1731916504330439200
2305,"(MUA 1 TẶNG 5) Kem dưỡng Retinol Alab Cream 30ml giúp giảm dầu nhờn và ngăn ngừa mụn, se khít lỗ chân lông, làm căng bóng da (chính hãng)",VN,Thuhang82,0.0,0,0.0,643.763,VND,retinol cream,https://shop.tiktok.com/vn/pdp/kem-duong-retinol-alab-cream-30ml-giam-dau-mun-se-khit-lo-chan-long/1731840650987080527
2306,"Kem retinol 0.3 soohwa 30ml hàn quốc hỗ trợ tái tạo da, hỗ trợ cải thiện sạm nám, lỗ chân lông_r1",VN,Rose de seoul vietnam,0.0,0,0.0,527.675,VND,retinol cream,https://shop.tiktok.com/vn/pdp/1735814988674073706
2307,[DP] Combo 2 Kem Dưỡng Image Retinol AGELESS Total Retinol A Crème 14.2gr,VN,HiSkin Store,0.0,0,0.0,3.289.833,VND,retinol cream,https://shop.tiktok.com/vn/pdp/1737180751667169147
2308,Peel retinol cream TV Cosmetics trẻ hoá da,VN,TV Cosmetics & Fashion,0.0,0,0.0,180.941,VND,retinol cream,https://shop.tiktok.com/vn/pdp/kem-peel-retinol-tv-cosmetics-tre-hoa-lam-mo-nam-tham/1731771639332897794
2309,Sesderma - C Vit 5 Vitamin Liposomel Serum tinh chất vitamin c chống oxy hoá và làm sáng da 30ml,VN,Suki auth,0.0,0,0.0,3.158.657,VND,vitamin c serum,https://shop.tiktok.com/vn/pdp/tinh-chat-vitamin-c-sesderma-c-vit-5-serum-sang-da-30ml-chong-oxy-hoa/1732159818904601735
2310,Serum Vitamin C Dưỡng Trắng Da VC Ampoule SADOER,VN,Sen Spa HCM,0.0,0,0.0,76.681,VND,vitamin c serum,https://shop.tiktok.com/vn/pdp/serum-vitamin-c-duong-trang-da-vc-ampoule-sadoer-chong-lao-hoa/1730087235924887774
2311,THERAMID C-Tetra E.F - serum vitamin c nồng độ tăng cường 30ml,VN,Thương Auth,0.0,0,0.0,1.946.519,VND,vitamin c serum,https://shop.tiktok.com/vn/pdp/serum-vitamin-c-theramid-c-tetra-e-f-30ml-tang-cuong-chong-oxy-hoa-lam-sang-da-cai-thien-lao-hoa/1731388764647032019
2312,[TÁCH SET] Serum vitamin C dưỡng sáng MEDIHEAL VITAMIN C BRIGHTENING SERUM 40ml_nobox,VN,Thương mại Mary,0.0,0,0.0,1.231.949,VND,vitamin c serum,https://shop.tiktok.com/vn/pdp/serum-vitamin-c-duong-sang-da-mediheal-40ml-khong-box/1731692156465677512
2313,"Serum Esthemax Vitamin C Serum 561 chống lão hóa trắng sáng da - chai 100ml (date 2027) - Làm Đẹp Da, Skincare Dưỡng Ẩm Da Chăm Sóc Da Cấp Ẩm Nữ Women",VN,MỸ PHẨM THUỲ TRANG 83,0.0,0,0.0,246.559,VND,vitamin c serum,https://shop.tiktok.com/vn/pdp/serum-esthemax-vitamin-c-561-chong-lao-hoa-duong-am/1730957955799419074
2314,"Dermalogica Serum Vitamin C làm sáng, săn chắc BIOLUMIN-C SERUM Làm Đẹp Da Women",VN,Dr Khải Huyền,0.0,0,0.0,1.635.948,VND,vitamin c serum,https://shop.tiktok.com/vn/pdp/serum-vitamin-c-dermalogica-biolumin-c-lam-sang-san-chac-da-giam-nep-nhan/1729991363193178269
2315,"b728, f019 - Serum Tinh Chất Timeless Hyaluronic Acid 100% Pure Mỹ 30ml & 60ml",VN,LYO BEAUTY & HEALTH,0.0,0,0.0,353.571,VND,hyaluronic acid serum,https://shop.tiktok.com/vn/pdp/serum-tinh-chat-timeless-30ml-hyaluronic-acid-100-pure-danh-cho-moi-loai-da/1730635899614104246
2316,Tinh Chất Hyaluronic Acid Dưỡng Ẩm Chuyên Sâu oh!oh! Serum HA: hổ phách (30ml),VN,Cửa hàng mỹ phẩm Mike,0.0,0,0.0,1.369.099,VND,hyaluronic acid serum,https://shop.tiktok.com/vn/pdp/serum-ohoh-hyaluronic-acid-duong-am-da-30ml-chong-lao-hoa/1731483802210371541
2317,"Bộ làm sạch, hỗ trợ giảm mụn SKINEVER SALICYLIC ACID",VN,BACHHOATHAI.VN Beauty,0.0,0,0.0,65.604,VND,salicylic acid cleanser,https://shop.tiktok.com/vn/pdp/bo-lam-sach-ho-tro-giam-mun-skinever-salicylic-acid/1731983248533390817
2318,MD Care Bộ 3 Làm Sạch Chuyên Sâu với Mandelic Acid 5% Gel Cleanser & Salicylic Facial Foaming Cleanser & Hydrating milk cleanser,VN,Ngọc Huyền Spa Dược Mỹ Phẩm,0.0,0,0.0,396.930,VND,salicylic acid cleanser,https://shop.tiktok.com/vn/pdp/bo-3-san-pham-rua-mat-md-care-duong-am-lam-sach-da/1733312276744472014
2319,"Serum Peptide ngăn ngừa lão hóa, phục hồi da DELIA COSMETICS PEPTIDES SERUM 30ml",VN,Biomedico Online Store,0.0,0,0.0,422.084,VND,peptide serum,https://shop.tiktok.com/vn/pdp/1731916085880916512
2320,SERUM PEPTIDE PLUS - BAYLASKIN,VN,BAYLASKIN,0.0,0,0.0,434.907,VND,peptide serum,https://shop.tiktok.com/vn/pdp/1734778407092716576
2321,Serum Theramid Copper Peptide phục hồi và tăng sinh Đồng peptide 30ml,VN,ZabonSkincare,0.0,0,0.0,2.226.868,VND,peptide serum,https://shop.tiktok.com/vn/pdp/1735030770122065889
2322,Tinh chất Medicube PDRN Pink Peptide Serum 30ml (Nhập khẩu chính hãng),VN,Đẹp cùng SonAuth,0.0,0,0.0,537.713,VND,peptide serum,https://shop.tiktok.com/vn/pdp/tinh-chat-medicube-pdrn-pink-peptide-serum-30ml-duong-da-lam-mo-nham/1731579944762312532
2323,"Tinh Chất Trẻ Hóa, Căng Bóng Da Medicube PDRN Pink Peptide Serum 30ml",VN,AnhLinh.Beauty,0.0,0,0.0,570.132,VND,peptide serum,https://shop.tiktok.com/vn/pdp/serum-duong-da-medicube-pdrn-pink-peptide-30ml-lam-min-sang-da/1731144946032739982
2324,"Theramid Ceramide Treatment Tinh Chất Ceramide Phục Hồi Hàng Rào Da, Dưỡng Ẩm & Giảm Khô Căng 30ml",VN,CHACHUMI PHARMA,0.0,0,0.0,1.831.706,VND,ceramide cream,https://shop.tiktok.com/vn/pdp/1735700422769411437
2325,"Kem dưỡng ẩm Ceradan® Skin Barrier Repair Cream (Với công thức 3:1:1 Ceramide| Dành cho da chàm, khô và nhạy cảm) XZ",VN,NGUYEN THI HONG A,0.0,0,0.0,556.853,VND,barrier repair cream/ceramide cream,https://shop.tiktok.com/vn/pdp/1731788448245777433
2326,"Serum Phục Hồi , Ngăn Ngừa Lão Hóa Da -  Theramid Ceramide Treatment 30ml",VN,HiBeauty..Cosmetics,0.0,0,0.0,2.106.841,VND,ceramide cream,https://shop.tiktok.com/vn/pdp/1736753847146874567
2327,"Tinh Chất Ceramide Hỗ Trợ Duy Trì Độ Ẩm Và Phục Hồi Hàng Rào Bảo Vệ Da Theramid Ceramide Treatment 30ml, Hàng Công Ty",VN,Beauty.inyourway,0.0,0,0.0,2.112.687,VND,ceramide cream,https://shop.tiktok.com/vn/pdp/tinh-chat-ceramide-theramid-30ml-duong-am-bao-ve-da/1735400403587663253
2328,"Kem dưỡng ẩm phục hồi chuyên sâu cho da khô SHIMBI METHOD Derma Cream <Rich Moist> 4 Peptide, 5 Ceramide, Urea 45g",VN,Shimbi Method Việt Nam,0.0,0,0.0,513.697,VND,ceramide cream,https://shop.tiktok.com/vn/pdp/1734852004480583541
2329,"Tinh Chất Dưỡng Ẩm, Phục Hồi Da LaCabine 5% Ceramides Solution Serum Cream",VN,TMoon Cosmetic,0.0,0,0.0,891.914,VND,ceramide cream,https://shop.tiktok.com/vn/pdp/tinh-chat-duong-am-phuc-hoi-da-lacabine-5-ceramides/1732239316649609841
2330,"Serum Geek&Gorgeous aPAD 20% Azelaic Acid Mờ Thâm, Dưỡng Sáng, Kiểm Soát Dầu",VN,Suki auth,0.0,0,0.0,622.303,VND,azelaic acid,https://shop.tiktok.com/vn/pdp/1737346933605762183
2331,"￼Tinh Chất Mờ Thâm, Dưỡng Sáng, Kiểm Soát Dầu Geek&Gorgeous aPAD 20% dẫn xuất Azelaic Acid 30ml",VN,Shop Dược Sỹ Lan,0.0,0,0.0,474.638,VND,azelaic acid,https://shop.tiktok.com/vn/pdp/1734047659007248310
2332,"Tinh Chất Geek & Gorgeous aPAD Azelaic Acid Serum 30ml, Làm Đều Màu Da",VN,Thanh Chân,0.0,0,0.0,490.585,VND,azelaic acid,https://shop.tiktok.com/vn/pdp/tinh-chat-apad-azelaic-acid-30ml-lam-deu-mau-da-geek-gorgeous/1730762800071018815
2333,"Serum Dark spot viderm 5% axit tranexamic- giảm mờ thâm nám, giúp đều màu da, giảm săc tố 50ML",VN,Suki auth,0.0,0,0.0,4.057.923,VND,tranexamic acid serum,https://shop.tiktok.com/vn/pdp/serum-viderm-5-axit-tranexamic-giam-tham-nam-mo-sac/1729937334871951495
2334,"Serum Giảm Thâm Nám,Trắng Sáng, Đều Màu Da Intelderm Tranexamic Acid Serum 3% (30ml)",VN,BƠ SKINCARE- BƠ COSMETICS,0.0,0,0.0,725.807,VND,tranexamic acid serum,https://shop.tiktok.com/vn/pdp/serum-giam-tham-nam-lam-sang-da-3-tranexamic-acid/1730818419535154096
2335,"Tinh Chất Giảm Nám, Trắng Da LaCabine 2% Tranexamic Acid Serum Cream 30ml",VN,Suki auth,0.0,0,0.0,911.751,VND,tranexamic acid serum,https://shop.tiktok.com/vn/pdp/tinh-chat-giam-nam-trang-da-lacabine-2-tranexemic-acid/1730008215220553863
2336,Toskani Tinh Chất cải thiện Nám-Sáng Da Radiance Ultimate Mesoserum Tranexamic Acid 30ml,VN,PHUONG AN HOUSE,0.0,0,0.0,3.283.998,VND,tranexamic acid serum,https://shop.tiktok.com/vn/pdp/tinh-chat-toskani-radiance-ultimate-30ml-lam-sang-da-giam-nam-chong-lao-hoa/1734471894796895534
2337,Tinh Chất Ốc Sên JUMISO Snail Mucin 95 + Peptide Facical Essence 140ml0d2fv0d0v5s1d1c1,VN,Lewi47413,0.0,0,0.0,804.626,VND,snail mucin essence,https://shop.tiktok.com/vn/pdp/tinh-chat-duong-da-mat-jumiso-snail-mucin-peptide-140ml/1731721823944411058
2338,"Hoygi Snail Mucin Essence Hydrating, Moisturizing, Clear, Glossy, Improving Roughness Essence",VN,Chiêu quân chăm sóc da,0.0,0,0.0,75.370,VND,snail mucin essence,https://shop.tiktok.com/vn/pdp/tinh-chat-sen-duong-am-lam-min-da-giam-nep-nhan-hoygi/1732424125779445557
2339,"Tinh Chất Ốc Sên, Phục Hồi, Dưỡng Sáng K-SECRET KSECRET Seoul 1988 Essence : Snail Mucin 97% + Rice 100ml",VN,Cửa hàng mỹ phẩm Mike,0.0,0,0.0,1.669.768,VND,snail mucin essence,https://shop.tiktok.com/vn/pdp/tinh-chat-oc-sen-k-secret-duong-sang-97-mucin-100ml-phuc-hoi-da-chat-luong-cao-bao-dam-hang-xin/1731484528116729813
2340,Tinh chất ốc sên phục hồi da Jumiso Snail Mucin 95 + Peptide Essence - ninishop,VN,EGG.QQ,0.0,0,0.0,547.763,VND,snail mucin essence,https://shop.tiktok.com/vn/pdp/tinh-chat-ooc-sen-phuc-hoi-da-jumiso-snail-mucin-95-peptide/1732049387214112867
2341,Tinh Chất Ốc Sên Cosrx Advanced Snail 96 Mucin Essence Cấp Ẩm Tái Tạo Phục Hồi Da 100ml,VN,Marie Japan,0.0,0,0.0,531.211,VND,snail mucin essence,https://shop.tiktok.com/vn/pdp/1737052233807988276
2342,Snail Mucin 5000 Ampoule Huyết Thanh Trẻ Hóa Căng Mượt Da,VN,Huyền Phạm Mart,0.0,0,0.0,339.668,VND,snail mucin essence,https://shop.tiktok.com/vn/pdp/serum-huyet-thanh-snail-mucin-5000-tre-hoa-cang-muot-da-cung-cap-do-am-giam-nep-nhan-tang-do-dan-hoi-da/1731174089584707278
2343,SERUM DR.PEPTI CENTELLA DARK SPOT SOLUTION AMPOULE 30ML,VN,Thế giới Mỹ phẩm Trang Tây,0.0,0,0.0,462.673,VND,centella serum,https://shop.tiktok.com/vn/pdp/serum-dr-pepti-centella-30ml-lam-sang-da-giam-tham-hieu-qua-cap-am-se-khit-lo-chan-long/1729761517257264059
2344,(Xanh lá) Tinh chất Torriden Balanceful Centella Asiatica Extract Serum 50ml (Nhập khẩu chính hãng),VN,Đẹp cùng SonAuth,0.0,0,0.0,445.537,VND,centella serum,https://shop.tiktok.com/vn/pdp/serum-tri-mun-lam-sang-da-chiet-xuat-tu-centella-asiatica/1731416580638410580
2345,Tinh Chất Dưỡng Da DR.PEPTI Centella Dark Spot Solution Ampoule Serum,VN,H.A Store - Mỹ Phẩm Hàn Quốc,0.0,0,0.0,589.051,VND,centella serum,https://shop.tiktok.com/vn/pdp/1729693419165223553
2346,Tinh Chất Serum Zymogen Centella Ferment Serum Chiết Xuất Từ Rau Má,VN,MỸ PHẨM NHÀ DR VY,0.0,0,0.0,1.384.756,VND,centella serum,https://shop.tiktok.com/vn/pdp/tinh-chat-serum-zymogen-centella-duong-da-phuc-hoi/1732167958278670820
2347,Serum Skin1004 Centella Sáng Da Mờ Thâm Tone Brightening Capsule Ampoule Hàn Quốc,VN,marie.japan,0.0,0,0.0,550.469,VND,centella serum,https://shop.tiktok.com/vn/pdp/1736908491854612057
2348,[NÂU ĐỎ] Serum CENTELLA SKIN1004 Probio-Cica Intensive Ampoule 50ML,VN,KIMXUYẾN Authentic,0.0,0,0.0,709.545,VND,centella serum,https://shop.tiktok.com/vn/pdp/serum-centella-skin1004-probio-cica-50ml-cham-soc-da-hieu-qua/1733243788041553605
2349,Kem body collagen,VN,Thiên Nhi Cem,0.0,0,0.0,231.915,VND,collagen cream,https://shop.tiktok.com/vn/pdp/kem-body-collagen-100g-nang-tone-7-ngay-duong-da-lam-dep/1731495339873502498
2350,La ChomB Collagène X Cream 50ml Phục hồi tế bào & củng cố độ đàn hồi tự nhiên của làn da Chống lão hóa Tăng sinh tế bào,VN,LaChomB VietNam,0.0,0,0.0,1.623.402,VND,collagen cream,https://shop.tiktok.com/vn/pdp/1736200873765930347
2351,kem collagen 1 ngày 1 đêm 1 sap rửa mặt,VN,Sa Rit Shop,0.0,0,0.0,93.181,VND,collagen cream,https://shop.tiktok.com/vn/pdp/kem-collagen-duong-da-ban-dem-sang-lam-min-lan-da/1731263751062587920
2352,5 HỘP KEM KONÉ YẾN OANH,VN,ÁI LINH 2,0.0,0,0.0,402.718,VND,acne treatment,https://shop.tiktok.com/vn/pdp/1737353759705761490
2353,KEM MỤN -MỜ THÂM- MỜ SẸO- DƯỠNG TRẮNG DA 12G ( DR.AU CARE COSMETIC),VN,NT LONG CHÂU SÀI GÒN 2,0.0,0,0.0,103.401,VND,acne treatment,https://shop.tiktok.com/vn/pdp/kem-mun-dr-au-care-cosmetic-12g-giam-tham-seo-duong-trang-da/1731318039005334225
2354,Night cream oun moon,VN,Ny Ri Da 2,0.0,0,0.0,228.523,VND,acne treatment,https://shop.tiktok.com/vn/pdp/1737023775802427261
2355,Kem Dưỡng AXIS-Y Dark Spot Correcting Glow Cream,VN,Lam Thao Cosmetics,0.0,0,0.0,627.183,VND,dark spot corrector,https://shop.tiktok.com/vn/pdp/kem-duong-axis-y-dark-spot-correcting-glow-cream-lam-dep-da/1732012162382923311
2356,"serum lacabine giảm đốm thâm đen, làm sáng đều màu da Dark Spots Corrector 30ml",VN,Suki auth,0.0,0,0.0,1.097.290,VND,dark spot corrector,https://shop.tiktok.com/vn/pdp/serum-lacabine-giam-dom-tham-nam-lam-sang-da-30ml-duong-trang-chong-lao-hoa/1729922190052329607
2357,"Tinh Chất Dưỡng Trắng Da, Mờ Thâm Nám LaCabine Dark Spots Corrector - 30ml",VN,Tuhu Care,0.0,0,0.0,940.775,VND,dark spot corrector,https://shop.tiktok.com/vn/pdp/tinh-chat-duong-trang-da-lacabine-mo-tham-nam-vitamin-c/1731465235484084359
2358,KEM DƯỠNG MỜ VẾT THÂM BẢO VỆ DA LACABINE DARK SPOTS CORRECTOR SPF30 CREAM 50ml,VN,TMoon Cosmetic,0.0,0,0.0,1.279.966,VND,dark spot corrector,https://shop.tiktok.com/vn/pdp/1732247637476477553
2359,[KOL Nàng Thư] Peel Da Dermalogica Powerbright Dark Spot Peel Hỗ Trợ Làm Sáng Các Vệt Đốm Nâu 50ml,VN,Dermalogica Vietnam,0.0,0,0.0,3.359.911,VND,dark spot corrector,https://shop.tiktok.com/vn/pdp/1735791181988660567
2360,[HÀNG CÔNG TY] Kem Làm Mờ Đốm Nâu Và Làm Sáng Đều Màu Verso Dark Spot Fix (Dark Spot Fix - N6 Refine) 15ml,VN,Suki auth,0.0,0,0.0,3.201.084,VND,dark spot corrector,https://shop.tiktok.com/vn/pdp/kem-tri-dom-nau-lam-sang-da-verso-dark-spot-fix-15ml/1731785250599306375
2361,(Mua 1 tặng 1) Toner KOR cấp ẩm sâu cân bằng pH cho da dầu da mụn da khô dưỡng trắng mờ nhăn Hàn Quốc 120ml,VN,VU THANH CONGEN,0.0,0,0.0,1.160.066,VND,pore care toner,https://shop.tiktok.com/vn/pdp/toner-kor-cap-am-sau-chong-lao-hoa-danh-cho-moi-loai-da/1732166592147654404
2362,"Synergie Skin EvaPore-8 – Toner kiềm dầu, se khít lỗ chân lông 50ml",VN,CHACHUMI PHARMA,0.0,0,0.0,1.338.093,VND,pore care toner,https://shop.tiktok.com/vn/pdp/synergie-skin-evapore-8-toner-kiem-dau-se-khit-lo-chan-long-50ml-kiem-soat-dau-thua-lam-sang-da-an-t/1731673735559873901
2363,tonner lkaori  180 ml cân bằng độ PH hỗ trợ mịn da Và xe khít lỗ chân lông,VN,Shop doanthihien,0.0,0,0.0,308.967,VND,pore care toner,https://shop.tiktok.com/vn/pdp/toner-lkaori-180ml-can-bang-do-ph-ho-tro-min-da/1731811101756197762
2364,"Toner Skincode Fortifying Toning Lotion cân bằng, tinh khiết da & se khít lỗ chân lông Chăm Sóc Da",VN,CHACHUMI PHARMA,0.0,0,0.0,1.055.077,VND,pore care toner,https://shop.tiktok.com/vn/pdp/toner-skincode-fortifying-toning-lotion-can-bang-se-khit-lo-chan-long/1730068806045829485
2365,"Toner hỗ trợ cân bằng độ ẩm, bổ sung dưỡng chất cho da mụn  Doctor care Oroxylum 200ml",VN,Quincy.vn,0.0,0,0.0,360.637,VND,pore care toner,https://shop.tiktok.com/vn/pdp/toner-can-bang-do-am-cho-da-mun-duong-chat-se-lo-khop/1729632218317490688
2366,"Kem Phục Hồi, Tái Tạo Da - Priori LCA Barrier Restore Complexe - 50ml",VN,HiBeauty..Cosmetics,0.0,0,0.0,3.082.819,VND,barrier repair cream,https://shop.tiktok.com/vn/pdp/kem-phuc-hoi-da-priori-lca-barrier-restore-50ml-cap-am-sau-diu-nhe-cho-da-nhay-cam-nuoi-duong-hang-r/1732539402211198663
2367,"[Hàng công ty] - Serum chống lão hóa, trẻ hóa da Ageless Total Anti Aging 50ml",VN,Rustic Beauty's,0.0,0,0.0,3.038.226,VND,anti aging serum,https://shop.tiktok.com/vn/pdp/serum-chong-lao-hoa-tre-hoa-da-ageless-total-50ml-hang-cong-ty/1730315895776119620
2368,"Serum Dưỡng Ẩm, Chống Lão Hóa Và Làm Săn Chắc Da Ivatherm Una Anti-Aging Serum 30ml, Hàng Công Ty",VN,Beauty.inyourway,0.0,0,0.0,1.594.802,VND,anti aging serum,https://shop.tiktok.com/vn/pdp/1735616090955220373
2369,"Tinh Chất Chống Lão Hoá 50% Cao Cấp HISTOLAB EGF Complex Ampolue 50% Serum - Giúp Trẻ Hoá Da, Dưỡng Da - HISTOLAB",VN,Pancy - Beauty & Health,0.0,0,0.0,706.148,VND,anti aging serum,https://shop.tiktok.com/vn/pdp/tinh-chat-chong-lao-hoa-histolab-egf-complex-50-serum-duong-da-giup-tre-hoa-lam-mo-nep-nhan-tang-do-dan-hoi/1736372033560282479
2370,"Freeskin Serum Chống Lão Hóa Professional Control Age - Collagen Tái Tổ Hợp, Cải Thiện Độ Đàn Hồi, Hạn Chế Sạm Da, Thâm Nám, Tàn Nhang",VN,KIỀU TRANG Pharmacy,0.0,0,0.0,111.935,VND,anti aging serum,https://shop.tiktok.com/vn/pdp/serum-chong-lao-hoa-freeskin-tai-tao-collagen-cai-thien-da/1731533493812693313
2371,Serum Bioderma sensibio chống lão hoá 30ml,VN,medicare.vn,0.0,0,0.0,838.780,VND,anti aging serum,https://shop.tiktok.com/vn/pdp/serum-bioderma-sensibio-chong-lao-hoa-30ml-duong-da-nhay-cam/1732296157865281785
2372,Serum Làm Sáng Da Đa Tầng Và Toàn Diện Thế Hệ Mới MD CARE Brightenyl Serum Advanced Brightening Complex 30ml,VN,DrHcosmetics,0.0,0,0.0,415.329,VND,brightening serum,https://shop.tiktok.com/vn/pdp/serum-lam-trang-da-da-tang-ngan-tham-nam-30ml-an-toan/1732298834742708053
2373,"Serum cấp nước, cấp ẩm cho da khô Dermedic Hydrain3 Hialuro Hydrating Serum For Face, Neck And Decolltage 30 ml",VN,CAMIU COSMETICS,0.0,0,0.0,1.071.599,VND,hydrating serum,https://shop.tiktok.com/vn/pdp/serum-duong-am-da-dry-dermedic-hydrain3-hialuron-30ml/1731625777674028684
2374,[Hàng công ty] Serum Ivatherm Aquafil Hydra Hydrating Dưỡng Ẩm Phục Hồi & Trẻ Hoá Da 30ml,VN,Cửa hàng mỹ phẩm Mike,0.0,0,0.0,1.754.372,VND,hydrating serum,https://shop.tiktok.com/vn/pdp/serum-ivatherm-aquafil-hydra-30ml-duong-am-tre-hoa-da/1731484599710943189
2375,"Serum trắng da, giữ ẩm, căng bóng, bổ sung collagen HD7 15ml",VN,Mỹ Phẩm Hoà Hảo 2,0.0,0,0.0,197.441,VND,hydrating serum,https://shop.tiktok.com/vn/pdp/serum-trang-da-hd7-15ml-giu-am-cang-bong-lan-da-collagen/1729920806718179746
2376,"[DERMEDIC / BA LAN] Hàng công ty- Serum  dưỡng ẩm, cấp nước  Hydrain3 hialuro hydrating serum 30ml hàng công ty",VN,A.L.D-betterskin,0.0,0,0.0,800.532,VND,hydrating serum,https://shop.tiktok.com/vn/pdp/serum-duong-am-da-mat-co-dermedic-hydrain3-hialuronic-acid/1729853118180199269
2377,Serum dành cho da bị thâm quầng mắt MIRI Under Eye Serum For Dark Circle 10gr,VN,DQ store TPCn,0.0,0,0.0,322.497,VND,eye cream dark circle,https://shop.tiktok.com/vn/pdp/serum-duong-da-miri-cho-vet-tham-quang-mat-10g-lam-sang-tai-tao/1729486328318233051
2378,Pharmaform Tinh Chất Giảm Nếp Nhăn Mắt Dark Circle Eye Cream 15ml Hỗ Trợ Giảm Quầng Thâm & Nếp Chân Chim,VN,Trâm Xinh Xíu,0.0,0,0.0,396.242,VND,eye cream dark circle,https://shop.tiktok.com/vn/pdp/1736290719275451654
2379,"Tinh chất giúp đều màu, chống lão hóa vùng da quanh mắt Pharmaform Dark Circle Eye Cream",VN,Nu cosmtics,0.0,0,0.0,391.638,VND,eye cream dark circle,https://shop.tiktok.com/vn/pdp/1734853376525633067
2380,Kem dưỡng sáng da vùng mắt Yves Rocher Bright Botanical illminating Anti-Dark Circle Eye Contour 15ml,VN,YVES ROCHER,0.0,0,0.0,550.116,VND,eye cream dark circle,https://shop.tiktok.com/vn/pdp/1735823332126852483
2381,"Kem mắt CASMARA Eye Contour Anti-Puffiness & Dark Circles (15ml) cải thiện nếp nhăn vùng mắt ,bọng mắt và quầng thâm",VN,UT--STORE,0.0,0,0.0,1.287.786,VND,eye cream dark circle,https://shop.tiktok.com/vn/pdp/1733853190299485649
2382,Kem mắt LIFTING RECIPE DARK COVER EYECREAM 30ml chính hãng,VN,Nam Đặng Cosmetics,0.0,0,0.0,284.195,VND,eye cream dark circle,https://shop.tiktok.com/vn/pdp/kem-mat-lifting-recipe-30ml-duong-am-tham-nhanh-giup-sang-da/1735252652967626537
2383,Cây Nặn Mụn Mecare Tool-Deep Clean Blackhead Master Giúp Lấy Mụn Đầu Đen & Bã Nhờn & Tế bào da chết,VN,Mecare VN Store,0.0,0,0.0,90.235,VND,blackhead remover,https://shop.tiktok.com/vn/pdp/dung-cu-nan-mun-chuyen-sau-lam-sach-mun-dau-den-ba-nhon/1731059363317057814
2384,Ủ mụn đầu đen Remove Blackheads 50ml chính hàng,VN,A.L.D-betterskin,0.0,0,0.0,142.651,VND,blackhead remover,https://shop.tiktok.com/vn/pdp/u-mun-dau-den-50ml-chinh-hang-loai-bo-mun-nhe-nhang-an-toan-cho-da/1729703989740014437
2385,Tẩy tế bào chết giúp làm sạch mụn đầu đen cho da dầu mụn BENZAC Blackhead Control Scrub 60G,VN,KITY COSMETICS STORE,0.0,0,0.0,195.175,VND,blackhead remover,https://shop.tiktok.com/vn/pdp/1735868814484800731
2386,"Sữa dưỡng câp ẩm chuyên sâu SAKURA SAKUYAHIME Moist Lotion cân bằng độ PH, làm dịu da nhạy cảm 150ml",VN,Beauty Pharma - Dược Mỹ Phẩm,0.0,0,0.0,1.285.961,VND,sensitive skin moisturizer,https://shop.tiktok.com/vn/pdp/sua-duong-cap-am-sakura-sakuyahime-tre-hoa-da-thu-gian-da/1731140294778521267
2387,Sữa rửa mặt Eucerin pH5 sensitive Skin Facial Cleanser dịu nhẹ cho da nhạy cảm.,VN,Minoderm Official,0.0,0,0.0,158.476,VND,sensitive skin moisturizer,https://shop.tiktok.com/vn/pdp/1736074122600416631
2388,Mặt nạ giấy cao cấp 25 tờ,VN,MỸ PHẨM MINH CHÂU 2,0.0,0,0.0,20.442,VND,face mask sheet,https://shop.tiktok.com/vn/pdp/1735351807541151009
2389,lage012 Mặt nạ Giấy khô dùng đắp lột mụn 24 tờ,VN,lage012,0.0,0,0.0,36.012,VND,face mask sheet,https://shop.tiktok.com/vn/pdp/1732202889006123167
2390,Mặt nạ,VN,ThuHangNguyen,0.0,0,0.0,434.623,VND,face mask sheet/lip mask,https://shop.tiktok.com/vn/pdp/mat-na-duong-da-te-bao-choi-lam-sach-lo-chan-long-mun/1729440746848291218
2391,kem chống nắng 50++ SPF 50 SPF 50,VN,Hoa beautyqueen mayan strory,0.0,0,0.0,146.932,VND,sunscreen spf50,https://shop.tiktok.com/vn/pdp/kem-chong-nang-spf-50-bao-ve-da-hieu-qua-thuong-hieu-beauty-queen/1729604906043344949
2392,KEM CHỐNG NẮNG SINH HỌC AQUASUNBLOCK SPF 50 SPF 50 SPF 50 Skincare Nữ Sunscreen Sun Cream SPF 50 SPF 50 Tất cả các loại da,VN,THIẾT NGUYỄN SPA,0.0,0,0.0,296.124,VND,sunscreen spf50,https://shop.tiktok.com/vn/pdp/kem-chong-nang-sinh-hoc-aquasunblock-spf-50-pa-orenya/1729604480941132627
2393,CHỐNG NẮNG DƯỠNG DA SPF 50,VN,như ý168,0.0,0,0.0,262.216,VND,sunscreen spf50,https://shop.tiktok.com/vn/pdp/kem-chong-nang-sieu-trang-sang-min-hong-da-cuc-dinh-spf-50/1729742525550463053
2394,Kem Chống Nắng SPF 50,VN,Tuyet-shoptn,0.0,0,0.0,184.433,VND,sunscreen spf50,https://shop.tiktok.com/vn/pdp/kem-chong-nang-spf-50-pa-duong-da-an-toan-khong-kich-ung/1729765743135722196
2395,"Kem chống nắng SUNNY +SPF 50+ PA +++ cho mọi loại da, bật tông, không bết, nhờn, rít SPF 50",VN,SPORT-SỨC KHỎE & SẮC ĐẸP,0.0,0,0.0,395.585,VND,sunscreen spf50,https://shop.tiktok.com/vn/pdp/kem-chong-nang-sunny-spf-50-pa-khong-nhon-an-toan-cho-da-moi-sinh/1729547394101053869
2396,"Toner dưỡng trắng Bielenda Dr Medica Overpigmentation Exfoliating Tonic giúp làm sạch, sáng da 250ml",VN,OTOKE-COSMETICS,0.0,0,0.0,444.037,VND,exfoliating toner,https://shop.tiktok.com/vn/pdp/toner-duong-trang-da-bielenda-dr-medica-chua-ahas-hyaluronic/1732746550235071609
2397,Toner AHOHWA BHA 2% Exfoliating Toner 80ml làm Sạch Lỗ Chân Lông,VN,PHUONG AN HOUSE,0.0,0,0.0,684.234,VND,exfoliating toner,https://shop.tiktok.com/vn/pdp/ahohwa-bha-2-exfoliating-toner-80ml-lam-sach-lo-chan-long/1736384090090800430
2398,toner siêu căng bóng chống lão hóa,VN,phạm thủy87,0.0,0,0.0,480.761,VND,exfoliating toner,https://shop.tiktok.com/vn/pdp/toner-sieu-cang-bong-chong-lao-hoa-peptide-98-dr-pepti/1732243115420190722
2399,BODY LOTION  LYVYS   250gr,VN,@Mai kem,0.0,0,0.0,86.146,VND,body lotion,https://shop.tiktok.com/vn/pdp/body-lotion-lyvys-250g-duong-da-toan-than-lam-sang-da/1732263507814876710
2400,￼Lotion dưỡng thể body weilaiya 200ml,VN,Hân Hân Cosmetic,0.0,0,0.0,320.767,VND,body lotion,https://shop.tiktok.com/vn/pdp/sua-duong-the-weilaiya-200ml-lam-trang-da-chong-lao-hoa-cap-am/1730955488786614638
2401,"Kem dưỡng body Smoothing Intense Moisture Body Lotion Pharmaform giúp dưỡng ẩm, sáng da 150ml",VN,DƯỢC MỸ PHẨM 5K,0.0,0,0.0,441.314,VND,body lotion,https://shop.tiktok.com/vn/pdp/kem-duong-body-smoothing-intense-moisture-150ml-duong-am-sang-da/1731989943487005745
2402,Dầu gội giảm rụng tóc Sebamed Anti-Hairloss Shampoo pH5.5 200 ml Nữ,VN,CAMIKO,0.0,0,0.0,422.967,VND,hair loss shampoo,https://shop.tiktok.com/vn/pdp/dau-goi-sebamed-anti-hairloss-ph5-5-chong-rung-toc-moc-toc/1729459371711695133
2403,"Dầu Gội Giảm Rụng Tóc Và Chăm Sóc Da Đầu  Noreva Hexaphane Anti-Hair Loss Shampoo 250ml | Giúp Tóc Chắc Khỏe, Dày Hơn",VN,Noreva Việt Nam,0.0,0,0.0,1.084.354,VND,hair loss shampoo,https://shop.tiktok.com/vn/pdp/1736752166870549636
2404,Serum phục hồi tóc rụng SALUBRITO HAIR REGROWTH TREATMENT UNSCENTED 120ml hỗ trợ mọc tóc cho nam và nữ của Mỹ Chăm Sóc Tóc Dưỡng Tóc,VN,HABOT,0.0,0,0.0,2.041.091,VND,hair loss shampoo,https://shop.tiktok.com/vn/pdp/serum-ho-tro-moc-toc-salubrito-120ml-cho-nam-nu-usa/1731370069219707501
2405,Dầu gội giúp giảm rụng tóc Doctor Hair Shampoo Laura Sunshine Nhật Kim Anh Women Nữ Chăm Sóc Tóc,VN,Shop NhậtKimAnh,0.0,0,0.0,435.494,VND,hair loss shampoo,https://shop.tiktok.com/vn/pdp/dau-goi-giam-rung-toc-doctor-hair-shampoo-lam-sach-bao-ve-toc/1729637156067576520
2406,SÉT SON HEROPANGE,VN,Thúy Di Mask,0.0,0,0.0,111.589,VND,lip mask,https://shop.tiktok.com/vn/pdp/set-son-heropange-bo-trang-diem-hoan-hao-cho-moi-dip/1729641096531445788
2407,[COMBO TIẾT KIỆM] Bộ đôi căng mọng mặt nạ ngủ Water Sleeping Mask 70ml + son dưỡng Lip Glowy Balm hương berry,VN,LANEIGE Vietnam,0.0,0,0.0,976.028,VND,lip mask,https://shop.tiktok.com/vn/pdp/1737537505760937693
2408,kem nền Collagen,VN,Vành khuyên 89,0.0,0,0.0,195.226,VND,makeup foundation,https://shop.tiktok.com/vn/pdp/kem-nen-collagen-tham-nhap-sang-da-che-khuyet-diem-hieu-qua/1729833274026330609
2409,Kem Nền Trang Điểm BB Cream Moisturing Của Lameila,VN,GUOXILUO10,0.0,0,0.0,131.478,VND,makeup foundation,https://shop.tiktok.com/vn/pdp/kem-nen-trang-diem-bb-cream-duong-am-lameila-chong-nang-min-mau/1732276614546032489
2410,Kem nền Dopi Foundation 35ml kiềm dầu siêu mịn che khuyết điểm bền màu chống nước chống mồ hôi,VN,pop1,0.0,0,0.0,22.054,VND,makeup foundation,https://shop.tiktok.com/vn/pdp/1737299445110441434
2411,Bình thủy tinh 300ml QUÀ TẶNG GIAO NGẪU NHIÊN,VN,Queenie skin,0.0,0,0.0,43.600,VND,glass skin,https://shop.tiktok.com/vn/pdp/binh-thuy-tinh-300ml-qua-tang-ngau-nhien-cho-moi-dip/1730759771367770756
2412,Bộ ly thủy tinh,VN,Shopdanhatho,0.0,0,0.0,78.256,VND,glass skin,https://shop.tiktok.com/vn/pdp/bo-ly-thuy-tinh-cao-cap-6-cai-mau-ma-dep-mat-cho-tiec-gia-dinh/1729432620274256379
2413,Kính thời trang,VN,Lonas House,0.0,0,0.0,27.949,VND,glass skin,https://shop.tiktok.com/vn/pdp/kinh-thoi-trang-gong-hop-kim-ton-dang-mui-phong-cach-ca-tinh/1729611902771825238
2414,Ly kem sinh tố Lybbey@mỹ nguyên thùng,VN,Kalynoithatxuatkhau,0.0,0,0.0,74.517,VND,glass skin,https://shop.tiktok.com/vn/pdp/ly-kem-sinh-to-lybbey-my-nguyen-thung-sang-trong-tien-loi/1730889496642685202
2415,Hàng Si trưng bày,VN,Hải Kính Mắt,0.0,0,0.0,1.452.543,VND,glass skin,https://shop.tiktok.com/vn/pdp/1736690552105240497
2416,kem trang điểm dưỡng trắng da,VN,Mỹphẩmchínhhãngkorea,0.0,0,0.0,1.372.766,VND,korean skincare,https://shop.tiktok.com/vn/pdp/kem-trang-diem-duong-trang-da-tao-lop-make-nhe-sang-tone/1729562956027693155
2417,[Sale 4/2027]Combo kem face mụn Seoul Hàn Quốc Queenie-Skin 10g tặng serum mờ thâm 20ml Làm Đẹp Da,VN,Xinh Xinh Store An Giang,0.0,0,0.0,169.477,VND,korean skincare,https://shop.tiktok.com/vn/pdp/kem-mun-queenie-skin-han-quoc-10g-tang-serum-mo-tham-20ml/1730294989939706556
2418,gel trị mụn Hàn Quốc,VN,Mỹ Phẩm Hàn Quốc R&B shop,0.0,0,0.0,533.289,VND,korean skincare,https://shop.tiktok.com/vn/pdp/gel-tri-mun-han-quoc-duong-da-mat-chong-mun-hieu-qua/1729648420232465092
2419,Kem dưỡng da keo ong CNP Hàn,VN,Hoàng Kiều Oanh BTV,0.0,0,0.0,611.953,VND,korean skincare,https://shop.tiktok.com/vn/pdp/kem-duong-da-keo-ong-cnp-han-quoc-50g-chong-lao-hoa-mun/1732150114977155442
2420,Kem ngay Hàn Quốc chính hang,VN,Shop Dâu Tây@$,0.0,0,0.0,120.880,VND,korean skincare,https://shop.tiktok.com/vn/pdp/combo-kem-face-han-quoc-duong-trang-da-cap-am-lam-sang-da/1732357030201820514
2421,Bộ 3 Sản Phẩm Vegan Aigi;ali: Multi Balm 12g - Lip Balm 12g - BB Stick 12g,VN,CSHOP Cosmetics,0.0,0,0.0,905.688,VND,vegan skincare,https://shop.tiktok.com/vn/pdp/bo-3-san-pham-vegan-by-jessica-multi-balm-lip-balm-bb-stick/1731463698263018049
2422,body sữa gạo trắng tươi làn da Skincare,VN,Shop Sắc Dược88,0.0,0,0.0,296.648,VND,vegan skincare,https://shop.tiktok.com/vn/pdp/1731215859985844515
2423,N3 : Full 1 hộp 5 miếng mặt nạ collagen vegan innoskin,VN,Minh Nguyệt Comestic,0.0,0,0.0,146.206,VND,vegan skincare,https://shop.tiktok.com/vn/pdp/mat-na-collagen-vegan-innoskin-5-mieng-cai-thien-do-dan-hoi-giam-nep-nhan-cung-cap-do-am-cho-da/1731892693613774863
2424,sửa rửa mặt detox bn white Dưỡng Ẩm Da,VN,Lê Thúy Kiều,0.0,0,0.0,200.317,VND,clean beauty,https://shop.tiktok.com/vn/pdp/sua-rua-mat-detox-bn-white-3in1-giam-nhon-ngan-mun/1729652775253412629
2425,D’Essy White Beautying DESY,VN,Mỹ Phẩm Làm Đẹp 2025,0.0,0,0.0,79.073,VND,clean beauty,https://shop.tiktok.com/vn/pdp/dessy-white-beautifying-desy-san-pham-lam-dep-cho-lan-da-trang-min/1731941986730543110
2426,Nước Tẩy Trang MICELLAR CLEANSING WATER. Sản phẩm của 9TIDO Beautiful.,VN,Bach Hoa Nhat Minh @,0.0,0,0.0,353.734,VND,clean beauty,https://shop.tiktok.com/vn/pdp/nuoc-tay-trang-micellar-cleansing-water-duong-da-lam-sach/1731971486041868808
2427,sửa rửa mặt simple lành tính,VN,Mỹ phẩm diểm my,0.0,0,0.0,131.901,VND,clean beauty,https://shop.tiktok.com/vn/pdp/sua-rua-mat-lanh-manh-simple-style-danh-cho-moi-loai-da/1729716584870283315
2428,Rữa mặt simple 3 màu làm sạch da,VN,Linh Ngân Cosmetics,0.0,0,0.0,190.656,VND,clean beauty,https://shop.tiktok.com/vn/pdp/rua-mat-simple-lam-sach-da-cho-da-mem-mai-ngua-mun-tu-nhien/1730932896644434356
2429,TTBC - Tẩy Tế Bào CF k bào món da sạch chất kem dơ bẩn trên da,VN,Bin Bin shop 2k,0.0,0,0.0,71.946,VND,clean beauty,https://shop.tiktok.com/vn/pdp/1732015911861127858
2430,"Combo làm sạch, cấp ẩm, phục hồi da sau khi nhiễm corticoid PS.PRETTYSKIN.",VN,Mọt Skincare 97,0.0,0,0.0,2.210.201,VND,post procedure skincare,https://shop.tiktok.com/vn/pdp/combo-cham-soc-da-sau-corticoid-duong-am-phuc-hoi/1732458017777091748
2431,Bộ dưỡng sau tái tạo gia truyền spa,VN,shop mỹ phẩm Xi Mi,0.0,0,0.0,150.695,VND,post procedure skincare,https://shop.tiktok.com/vn/pdp/bo-duong-da-tai-tao-gia-truyen-spa-cham-soc-lan-da/1730023752851490914
2432,"Combo làm sạch sâu, cấp ẩm, phục hồi da sau nhiễm corticoid PS.PRETTYSKIN.",VN,Mọt Skincare 97,0.0,0,0.0,2.343.890,VND,post procedure skincare,https://shop.tiktok.com/vn/pdp/combo-lam-sach-sau-cap-nuoc-da-sau-nhiem-corticoid/1732457948253291684
2433,"Serum Niacinamide, 30ml, Pemutihan, Penghilang Bintik Gelap, Penghilang Melasma, Penghilang Melasma dan Pekas, Formula Asli, Pemutihan dan Penghilang Jeragat, Ekstrak Pemeluwapan Masa Molekul Kecil, Minyak, Ekstrak Jantung Teratai, Anti-Kedutan, Jhy005",MY,TOTOVIP,0.0,0,0.0,33.98,MYR,niacinamide serum,https://shop.tiktok.com/my/pdp/serum-niacinamide-30ml-untuk-pemutih-pengurangkan-kerutan/1730830475766695043
2434,Nicera - Niacinamide & Ceramide Serum,MY,SOS PHARMACY,0.0,0,0.0,78.40,MYR,niacinamide serum,https://shop.tiktok.com/my/pdp/serum-nicera-dengan-niacinamide-ceramide-untuk-kulit-lembut/1729612818561860886
2435,"Serum Niacinamide, 30ml, Pemutihan, Penghilang Bintik Gelap, Penghilang Melasma, Penghilang Melasma dan Pekas, Formula Asli, Pemutihan dan Penghilang Jeragat, Minyak, Molekul Kecil, Ekstrak Pemekuan Masa, Tening Air Mani Orkid, Anti-Kedut, Jhy007",MY,TOTOVIP,0.0,0,0.0,34.82,MYR,niacinamide serum,https://shop.tiktok.com/my/pdp/serum-niacinamide-30ml-untuk-pemutih-pengurangkan-kerutan/1730832014332888195
2436,[SKIN&LAB] NIACINAMIDE RECOVERY SERUM 30ml,MY,ABC Malaysia,0.0,0,0.0,66.80,MYR,niacinamide serum,https://shop.tiktok.com/my/pdp/1733615053920962334
2437,"Serum Niacinamide, 30ml, Pemutihan dan Penghilang Bintik Gelap, Formula Asli, Ekstrak Pemutihan Molekul Kecil, Ekstrak Pemutihan dan Penghilang Jeragat, Minyak, Mencerahkan Warna Daging Putih, Anti-Kedutan, Jhy005",MY,TOTOVIP,0.0,0,0.0,31.57,MYR,niacinamide serum,https://shop.tiktok.com/my/pdp/serum-niacinamide-30ml-untuk-kulit-cerah-bebas-jerawat/1730830519141500035
2438,"Saludent Niacinamide with Vitamin C Ampoule Serum 30ml ‑brightens uneven skin tone, deep hydration, reduces fine lines, repairs skin barrier, lightweight non-greasy, fast absorption, revitalizes dull skin, facial anti-aging essence suitable for all skin",MY,PureLumi MY,0.0,0,0.0,16.26,MYR,niacinamide serum,https://shop.tiktok.com/my/pdp/1736875836305999105
2439,JUMISO Niacinamide 10 / 20 Serum 40ml,MY,Milin Beauty,0.0,0,0.0,87.55,MYR,niacinamide serum,https://shop.tiktok.com/my/pdp/1735280967480870672
2440,"CANTIRA Niacinamide Brightening Serum 50ml,Fade Dark Spot Even Skin Tone Repair Skin BarrierSerum Pencerah Niasinamid Hilangkan Tompok Gelap, Samakan Ton Kulit, Pulihkan Penghalang Kulit 烟酰胺亮白精华液 改善暗沉淡化斑点修护肌肤屏障 Face Glow Hyaluronic Hyaluronic Acid",MY,CANTIRA1,0.0,0,0.0,59.30,MYR,niacinamide serum,https://shop.tiktok.com/my/pdp/1737300090375341579
2441,SERUM JERAGAT BY BTRSYASBRY | NIACINAMIDE SERUM | 30ML,MY,kimiecha shoppe,0.0,0,0.0,9.80,MYR,niacinamide serum,https://shop.tiktok.com/my/pdp/serum-jeragat-niacinamide-untuk-kulit-cerah-glowing/1732098783371102098
2442,"Krim Retinol, Untuk Kegunaan Malam dan Siang, 1.69oz, Krim Kulit, dengan Retinol dan Kolagen, Pelembap Vitamin C, Sesuai untuk Kulit Sensitif, Pelembap Retinol, Untuk Muka Skincare Pelembab",MY,Miss you at night,0.0,0,0.0,92.69,MYR,retinol cream,https://shop.tiktok.com/my/pdp/krim-retinol-kolagen-pelembap-malam-siang-kulit-sensitif/1730252388188194685
2443,Dr Rashel Vitamin A Retinol Anti-Aging Night Cream 50grams - Krim Malam Untuk Mengekalkan Kecerahan Dan Kekencangan Kulit,MY,KL Marketplace 99,0.0,0,0.0,20.60,MYR,retinol cream,https://shop.tiktok.com/my/pdp/krim-malam-anti-penuaan-dengan-retinol-vitamin-a-50g/1732424779441997618
2444,"Retinol Anti-Aging Cream for Wrinkles, Lifting, Firming, and Moisturizing. Brightens and Reduces Fine Lines. 30g",MY,Serazar.MY,0.0,0,0.0,15.10,MYR,retinol cream,https://shop.tiktok.com/my/pdp/krim-retinol-anti-penuaan-mengangkat-dan-melembapkan-memudarkan-garis-halus/1732170965479949747
2445,"【READY STOCK】Retinol Cream for Face, Rapid Wrinkle Repair Retinol Moisturizer Face Cream, Daily Anti-Aging Face Cream for Fight Fine Lines Face and Neck Brightening Collagen",MY,Silk & Shine Cosmetics,0.0,0,0.0,18.00,MYR,retinol cream,https://shop.tiktok.com/my/pdp/1734798158975632416
2446,"Retinol Anti-Aging Cream for Wrinkles, Lifting, Firming, and Moisturizing. Brightens and Reduces Fine Lines. 30g",MY,Seszzar,0.0,0,0.0,30.10,MYR,retinol cream,https://shop.tiktok.com/my/pdp/krim-anti-penuaan-retinol-untuk-kedutan-pengencangan-kulit/1732170981158323756
2447,VANICREAM VITAMIN C SERUM (35ml),MY,Fiana Clinic,0.0,0,0.0,201.00,MYR,vitamin c serum,https://shop.tiktok.com/my/pdp/1737173709607503241
2448,CHEM FREE CONCENTRATE SERUM VITAMIN C (10ML),MY,Citycare Pharmacy,0.0,0,0.0,68.40,MYR,vitamin c serum,https://shop.tiktok.com/my/pdp/serum-vitamin-c-chem-free-pencerahan-anti-penuaan-lindungi-uv/1729645156144089092
2449,"KORMESIC Serum Kolagen VC 30 ml, serum vitamin c pencerah wajah, membantu kulit tampak cerah dan berkilau, mengurangkan kekusaman, serum wajah harian",MY,Love Life Department Store,0.0,0,0.0,22.90,MYR,vitamin c serum,https://shop.tiktok.com/my/pdp/kormesic-serum-kolagen-vc-30ml-pencerah-wajah-kulit-cerah/1736452694530885523
2450,"Serum Vitamin C, dengan Asid Hyaluronik, Bebas Alkohol, Sesuai untuk Muka, Leher dan Badan, Sesuai untuk Semua Warna Kulit (Sensitif, Kering, Berminyak, Neutral), 30ml / 1 fl oz, Reka Bentuk Botol Premium, Penyerapan Cepat, Penjagaan Pelembap Wajah",MY,Azhi Department Store,0.0,0,0.0,23.76,MYR,vitamin c serum,https://shop.tiktok.com/my/pdp/serum-vitamin-c-asid-hyaluronik-tanpa-alcohol-30ml/1731770521298109783
2451,[CHEMFREE] Serum Concentrate Vitamin C 5ml,MY,Citycare Pharmacy Sungai Buloh,0.0,0,0.0,70.13,MYR,vitamin c serum,https://shop.tiktok.com/my/pdp/serum-kecemasan-vitamin-c-5ml-chemfree-untuk-kulit-lebih-cerah-sehat/1729689660086126962
2452,Serum Vitamin C Herbicos (Cecair Vitamin C) 30ml,MY,LuckyStar Care,0.0,0,0.0,35.35,MYR,vitamin c serum,https://shop.tiktok.com/my/pdp/1735731954310809192
2453,EQQUALBERRY Natural Vitamin C Serum 30ml Serum Vitamin C Semulajadi Mencerahkan Kulit Dengan Acerola & Niacinamide,MY,Watsons.01,0.0,0,0.0,48.80,MYR,vitamin c serum,https://shop.tiktok.com/my/pdp/1736734677511931504
2454,Vitamin C Serum Soft Skin VC Niacinamide Essence Hydrate Facial Care Serum HA Morning & Night Mild Comfort For Everyday Facial Skin Maintenance 30ML,MY,lecute shop,0.0,0,0.0,10.30,MYR,vitamin c serum,https://shop.tiktok.com/my/pdp/1736909360383887031
2455,Seruni – Triple Serum Vitamin C [3 Pcs],MY,Seruni Skincare Malaysia,0.0,0,0.0,83.17,MYR,vitamin c serum,https://shop.tiktok.com/my/pdp/serumi-triple-serum-vitamin-c-3-pcs-mencerahkan-merapih/1733609775586903791
2456,Golden Hyaluronic Acid Essence Moisturizing Brightening 24K Gold Hyaluronic Essence Serum 30ml,MY,12333haircare,0.0,0,0.0,3.83,MYR,hyaluronic acid serum,https://shop.tiktok.com/my/pdp/essence-serum-hiisees-24k-emas-melembap-dan-cerahkan-kulit-30ml/1730666523681195238
2457,2% Hyaluronic Acid Serum 15ml,MY,Beautypark Malaysia,0.0,0,0.0,79.00,MYR,hyaluronic acid serum,https://shop.tiktok.com/my/pdp/serum-asid-hyaluronik-2-15ml-melembap-anti-penuaan/1730898908521137645
2458,"Serum Asid Hyaluronik, 1 Botol, Serum Asid Hyaluronik & Peptida Palmitoyl, Sesuai untuk Dewasa Uniseks, Tidak Berbau, Titisan Pelembap, Sesuai untuk Semua Jenis Kulit, Tidak Berminyak, Menganjalkan dan Melicinkan, Penjagaan Kulit Muka",MY,STARFUN,0.0,0,0.0,20.05,MYR,hyaluronic acid serum,https://shop.tiktok.com/my/pdp/serum-asid-hyaluronik-peptida-palmitoyl-untuk-semua-kulit/1731009641178826056
2459,Golden Hyaluronic Acid Essence Moisturizing Brightening 24K Gold Hyaluronic Essence Serum 100ml,MY,12333haircare,0.0,0,0.0,3.80,MYR,hyaluronic acid serum,https://shop.tiktok.com/my/pdp/golden-hyaluronic-acid-essence-24k-gold-serum-100ml-senana/1730666517050983654
2460,Golden Hyaluronic Acid Essence Moisturizing Brightening 24K Gold Hyaluronic Essence Serum 100ml,MY,12333haircare,0.0,0,0.0,6.88,MYR,hyaluronic acid serum,https://shop.tiktok.com/my/pdp/serum-muka-senana-24k-emas-aha-pelembap-cerah-kulit-100ml/1730666526848681190
2461,"[KHAULAH PURE PREMIUM] Face Serum With Niacinamide, Hyaluronic Acid and Alpha Arbutin",MY,Natural With Syakirah Ahmad,0.0,0,0.0,45.99,MYR,hyaluronic acid serum,https://shop.tiktok.com/my/pdp/serum-muka-dengan-niacinamida-asid-hialuronik-anti-aging/1729687500390631280
2462,GREENLEM Hyaluronic Acid Serum untuk Menghidratkan Wajah Mencerahkan Anti-penuaan 30ml Pati Pelembap Segera dengan Asid Hyaluronic Cepat Menyerap Tiada Kulit Melekit,MY,Tropicool Beauty Collective,0.0,0,0.0,41.45,MYR,hyaluronic acid serum,https://shop.tiktok.com/my/pdp/greenlem-hyaluronic-acid-serum-30ml-hidrasi-pemudaan/1734145029663721048
2463,PETALFRESH Clear Complexion Cleanser Salicylic Acid Tea Tree 177ml,MY,VELL.GOOD,0.0,0,0.0,59.53,MYR,salicylic acid cleanser,https://shop.tiktok.com/my/pdp/cleanser-wajah-petalfresh-dengan-salisilik-tebu-organik/1731912525561169574
2464,SADOER Acne facial cleanser salicylic acid + amino acid double-effect cleanser,MY,Yaya.os,0.0,0,0.0,5.79,MYR,salicylic acid cleanser,https://shop.tiktok.com/my/pdp/pembersih-muka-sadoer-untuk-komedo-dengan-salisilik-amino/1730535559692715759
2465,SACID LIQUID CLEANSER 200ml,MY,Pharmacure Pharmacy,0.0,0,0.0,45.70,MYR,salicylic acid cleanser,https://shop.tiktok.com/my/pdp/pembersih-cair-sacid-200ml-untuk-tangan-badan-mudah-digunakan/1733276824832345222
2466,COSMODERM NIACINAMIDE SALICYCLIC ACID SOOTHING CREAM CLEANSER 125mL - HALAL [TARIKH TAMAT: 12/2027],MY,Peach Glow,0.0,0,0.0,36.47,MYR,salicylic acid cleanser,https://shop.tiktok.com/my/pdp/1735212735012963714
2467,"【Buy 1 Take 1】【Medicube】 PDRN Pink Peptide Serum 30ml - Pink glow serum, Vegan PDRN, Collagen, Brightening for dark spot",MY,Malaysia Medicube Shop,0.0,0,0.0,33.00,MYR,peptide serum,https://shop.tiktok.com/my/pdp/serum-peptida-merah-jambu-medicube-30ml-untuk-kulit-cerah/1733541406982047332
2468,"【Buy 1 Take 1】【Medicube】 PDRN Pink Peptide Serum 30ml - Pink glow serum, Vegan PDRN, Collagen, Brightening for dark spot",MY,Malaysia Medicube Shop,0.0,0,0.0,33.00,MYR,peptide serum,https://shop.tiktok.com/my/pdp/pdrn-pink-peptide-serum-30ml-vegan-kolagen-cerah-hidrat/1733541457794270820
2469,[medicube official] PDRN Pink Peptide Serum 30ml |Bintik Gelap dan Jeragat | Kulit Glowing | Kollagen | Penghalang Kuilt,MY,Medicube Ori Online Shop,0.0,0,0.0,45.00,MYR,peptide serum,https://shop.tiktok.com/my/pdp/pdrn-pink-peptide-serum-30ml-medicube-penjagaan-kulit-berseri-tingkatkan-keanjalan-mencerahkan-bintik-gelap/1731891889387832780
2470,【HOT ITEM】Medicube PDRN Pink Peptide Serum 30ml,MY,Medi-cube MY Store,0.0,0,0.0,40.00,MYR,peptide serum,https://shop.tiktok.com/my/pdp/serum-medikub-pdrn-pink-peptide-30ml-untuk-kulit-cerah-elastik/1734015252540393344
2471,BEAUTY COTTAGE PEPTIDES Serum Booster 30ML,MY,Beauty Cottage MY,0.0,0,0.0,143.99,MYR,peptide serum,https://shop.tiktok.com/my/pdp/serum-booster-berpeptida-kuat-meningkatkan-kekuatan-kulit/1732147367638108129
2472,[medicube official] PDRN Pink Peptide Serum 30ml | Elasticity | Dark Spots | Glass Glow | Collagen | Barrier | Brightening  5.0  1.2k Ratings 4.6k Sold,MY,Medicube Ori Online Shop,0.0,0,0.0,46.00,MYR,peptide serum,https://shop.tiktok.com/my/pdp/serum-peptida-merah-jambu-pdrn-30ml-kesan-cerah-elastik/1731567402323969484
2473,SCÓRA Ceramide Repair Cream 70g | Moisturizer untuk Kulit Kering & Sensitif | Skin Barrier Care | Soothing Hydration | Dengan Niacinamide & Panthenol,MY,SCORA.Malaysia,0.0,0,0.0,35.85,MYR,ceramide cream,https://shop.tiktok.com/my/pdp/1737111687956301082
2474,Aiken Ceramide Moisturiser Cream 5x Ceramide Bright Vitamin C 40g Krim Pelembap Skin Hydration 73 Hours Repairs Skin,MY,CYM Online Store,0.0,0,0.0,36.40,MYR,ceramide cream,https://shop.tiktok.com/my/pdp/krim-pelembap-ceramida-5x-dengan-vitamina-c-untuk-kulit-lembut/1729560665548227584
2475,PetO'Cera Ceramide Cream 50ml,MY,Irene Aquarium,0.0,0,0.0,85.40,MYR,ceramide cream,https://shop.tiktok.com/my/pdp/petocera-krim-ceramide-50ml-melembapkan-melindungi-kulit/1730844191949358857
2476,CERADAN CERAMIDE SKIN BARRIER REPAIR CREAM 80GM(TUBE) EXP:03/2026,MY,Sky Pharmacy,0.0,0,0.0,120.90,MYR,ceramide cream,https://shop.tiktok.com/my/pdp/krim-perbaikan-penghalang-kulit-ceradan-80gm-sesuai-untuk-kulit-eczema-melegakan-gatal-dan-kekeringa/1729762057069561156
2477,[100% ORIGINAL] VIBRANT GLAMOUR 8% Niacinamide Cream 5X Ceramide Skin Barrier Repair Moisturiser,MY,Good.Elements,0.0,0,0.0,61.70,MYR,ceramide cream,https://shop.tiktok.com/my/pdp/krim-niacinamide-8-vibrant-glamour-ceramide-5x-pemulihan-kulit-mencerahkan-bintik/1730695764621558910
2478,"Azelaic Acid Serum Formula 15% Helps Fade Acne Scars, Fast and Efficient Treatments",MY,Herbs Skincare,0.0,0,0.0,12.58,MYR,azelaic acid,https://shop.tiktok.com/my/pdp/1735117586962941771
2479,Acne treatment gel Azelaic Acid 15% + Niacinamide| Moisturizes and helps soothe the skin,MY,Herbs Skincare,0.0,0,0.0,12.58,MYR,acne treatment/azelaic acid,https://shop.tiktok.com/my/pdp/gel-rawatan-jerawat-azelaic-acid-15-niacinamide-melembapkan/1735117614942816075
2480,12% Azelaic Acid Facial Cream Reduces Acne and Pimples,MY,Muki Department Store,0.0,0,0.0,6.94,MYR,azelaic acid,https://shop.tiktok.com/my/pdp/1737474010986940168
2481,Pencerah Jerawat 12% Star Shop Azelaic Acid Serum 20g untuk Kulit Sensitif Menghilangkan Bekas Jerawat Kawalan Minyak Meminimkan Porus Perbaikan Lembut Krim Pembersih Muka Sensitive Treatments Wajah,MY,LumiBella SHOP,0.0,0,0.0,16.82,MYR,azelaic acid,https://shop.tiktok.com/my/pdp/1736438683954874196
2482,"Mask Stick Asid Azelaic Original, Bantu Bersihkan Blackhead, Whitehead & Jerawat, Pori Lebih Bersih & Licin",MY,Love Life Department Store,0.0,0,0.0,34.20,MYR,azelaic acid,https://shop.tiktok.com/my/pdp/topeng-lumpur-pembersih-asid-azelaik-kecilkan-pori-hilangkan-jerawat/1735301737746630547
2483,Azelaic Acid Cream Nicotinamide Reduces Acn Cream Smooth Skin Azelaic Acid 12% Cream for Face Care,MY,MIASA CHILDREN WELLNESS CENTER  A4,0.0,,,47.10,MYR,azelaic acid,https://shop.tiktok.com/my/pdp/1737300744473380829
2484,"Gel asid Azelaic Melembapkan Kawalan minyak Melembabkan dan menyuburkan kulit Mengecilkan pori, membersihkan kulit dan mengurangkan bintik hitam Menambah kelembapan pada kulit",MY,SunMagic,0.0,0,0.0,17.00,MYR,azelaic acid,https://shop.tiktok.com/my/pdp/gel-asid-azelaic-untuk-kulit-berminyak-kering-melembapkan/1729544433599677959
2485,"West Month Azelaic Acid Repair Cream, Gentle Facial Soothing & Skin‑Purifying Face Cream",MY,Laluan Lancar,0.0,0,0.0,8.61,MYR,azelaic acid,https://shop.tiktok.com/my/pdp/1737284154550682840
2486,Serum Muka Serum Asid Tranexamic 5% dengan Niacinamide Hypoallergenic Titisan Muka Melembapkan Penjagaan Kulit Muka 30ml,MY,Maseri-MY,0.0,0,0.0,14.10,MYR,tranexamic acid serum,https://shop.tiktok.com/my/pdp/serum-muka-asid-tranexamic-5-dan-niacinamide-30ml-hypoallergenic-melembapkan-kulit/1731974545204937762
2487,Serum Muka Serum Asid Tranexamic 5% dengan Niacinamide Hypoallergenic Titisan Muka Melembapkan Penjagaan Kulit Muka 30ml,MY,Maseri-MY,0.0,0,0.0,14.10,MYR,tranexamic acid serum,https://shop.tiktok.com/my/pdp/serum-muka-asid-tranexamic-5-niacinamide-hipoalergenik/1731973976054989858
2488,ANUA Niacinamide 10% + TXA 3% Serum 30ml,MY,Mochi Skin,0.0,0,0.0,86.00,MYR,tranexamic acid serum,https://shop.tiktok.com/my/pdp/1736753220018930774
2489,"DARK SPOT CORRECTOR SERUM  Wajah Asid Tranexamic, 5%, Pembetul Bintik Gelap, Mencerahkan Kulit, Penjagaan Kulit, Melembapkan, Menghidrat, Sesuai untuk Penjagaan Muka soothing gel",MY,Euskin,0.0,0,0.0,16.55,MYR,tranexamic acid serum,https://shop.tiktok.com/my/pdp/serum-pembetul-bintik-gelap-asid-tranexamic-5-mencerahkan-kulit-melembapkan-sesuai-untuk-penjagaan-m/1731709653709915479
2490,SYOK PD Tranexamic Acid Melasma Fading Brightening Serum,MY,VELORA55,0.0,0,0.0,24.00,MYR,tranexamic acid serum,https://shop.tiktok.com/my/pdp/1734950143115625799
2491,"Serum Asid Tranexamic, 5%, Pembetul Bintik Gelap, Mencerahkan Kulit, Penjagaan Kulit, Melembapkan, Menghidrat, Sesuai untuk Penjagaan Muka Wajah",MY,Euskin,0.0,0,0.0,15.37,MYR,tranexamic acid serum,https://shop.tiktok.com/my/pdp/serum-asid-tranexamic-5-pembetul-bintik-gelap-mencerahkan/1731709635983607127
2492,"Serum Asid Tranexamic, 5%, Pembetul Bintik Gelap, Mencerahkan Kulit, Penjagaan Kulit, Melembapkan, Menghidrat, Sesuai untuk Penjagaan Muka Wajah",MY,Euskin,0.0,0,0.0,15.37,MYR,tranexamic acid serum,https://shop.tiktok.com/my/pdp/serum-asid-tranexamic-5-pembetul-bintik-gelap-mencerahkan/1731709647051785559
2493,"Serum Asid Tranexamic, 5%, Pembetul Bintik Gelap, Mencerahkan Kulit, Penjagaan Kulit, Melembapkan, Menghidrat, Sesuai untuk Penjagaan Muka Wajah soothing gel",MY,Euskin,0.0,0,0.0,16.40,MYR,tranexamic acid serum,https://shop.tiktok.com/my/pdp/serum-asid-tranexamic-5-pembetul-bintik-gelap-mencerahkan/1731709652709049687
2494,"Skin1004 Centella Centella Facial Moisturizing Serum 100ml, whitening and hydrating ampoule, natural extract, soothing and maintaining stability, oil control and acne removal, repairing barrier, deep water lock and moisturizing, mild and weakly acidic",MY,Nova Life my,0.0,0,0.0,34.03,MYR,centella serum,https://shop.tiktok.com/my/pdp/1737173763193275599
2495,"KAYMAN BEAUTY Skintella Repairing Serum 30ml | Centella Asiatica Serum to Calm, Soothe & Repair Skin | Strengthens Skin Barrier, Reduces Redness & Irritation | Lightweight, Fast Absorbing Formula | Suitable for Sensitive, Acne-Prone & All Skin Types",MY,loklybeauty,0.0,0,0.0,85.00,MYR,centella serum,https://shop.tiktok.com/my/pdp/serum-pemulihan-kulit-skintella-30ml-melegakan-dan-memperbaiki/1729590721700661990
2496,Revuele Centella Face Serum 30ml,MY,VV Health Pharmacy,0.0,0,0.0,61.30,MYR,centella serum,https://shop.tiktok.com/my/pdp/revuele-centella-face-serum-30ml-pelembap-wajah-premium/1734152275763824216
2497,PURITO Unscented Wonder Releaf Centella Serum 60ml,MY,Milin Beauty,0.0,0,0.0,85.52,MYR,centella serum,https://shop.tiktok.com/my/pdp/purito-centella-unscented-serum-60ml-untuk-kulit-sensitif/1735044979947177744
2498,"COD 701 Collagen Underarm Whitening Cream for lighten, firm, and smoothen dark skin in delicate areas like underarms, bikini lines, and knees within 3-7 days of consistent use",MY,Prime Beauty,0.0,0,0.0,16.77,MYR,collagen cream,https://shop.tiktok.com/my/pdp/krim-pemutih-bawah-lengan-cod-701-mencerah-mengencang-melembapkan/1734315312322282704
2499,Krim collagen,MY,MBREMPIREBEAUTY,0.0,0,0.0,24.00,MYR,collagen cream,https://shop.tiktok.com/my/pdp/krim-collagen-day-krim-perlindungan-dari-matahari-pudarkan-jerawat/1729526121372944245
2500,D'Herbs collagen jelly creamy 30g,MY,beauty tiktk shop,0.0,0,0.0,35.00,MYR,collagen cream,https://shop.tiktok.com/my/pdp/dherbs-collagen-jelly-creamy-30g-untuk-kecantikan-kesihatan/1733235887395931359
2501,"COLLAGEN Pati Kolagen, Molekul Ultra-Rendah 74%, Mengangkat, Mengetatkan, Gebu, Mencerahkan Kulit, Melembapkan Serums Wajah collagen  skin  care",MY,Euskin,0.0,0,0.0,23.60,MYR,collagen cream,https://shop.tiktok.com/my/pdp/pati-kolagen-74-untuk-kulit-sihat-cerah-melembapkan/1731691507523159383
2502,"【 Beli 1 Dapat 1 】Acne Treatment Gel repairing acne-prone skin Rawatan Jerawat, Menghidrat, Mencerahkan, Mengimbangi Air Minyak, Melicinkan Minyak Pokok Teh, Ekstrak Aloe Vera, dan EXTRACT CENTELLA ASIATICA",MY,Euskin,0.0,0,0.0,13.74,MYR,acne treatment,https://shop.tiktok.com/my/pdp/gel-pengurusan-jerawat-dengan-aloe-vera-centella-asiatica/1732161906568889687
2503,"【 Beli 1 Dapat 1 】Acne Treatment Gel repairing acne-prone skin Gel Rawatan Jerawat, Menghidrat, Mencerahkan, Mengimbangi Air dan Minyak, Melicinkan, dengan Minyak Pokok Teh, Ekstrak Aloe Vera, dan EXTRACT CENTELLA ASIATICA",MY,Euskin,0.0,0,0.0,13.74,MYR,acne treatment,https://shop.tiktok.com/my/pdp/gel-rawatan-jerawat-beli-1-dapat-1-mencerahkan-menghidrat-minyak-pokok-teh-aloe-vera-centella-asiatica/1732162026523821399
2504,"【 Beli 1 Dapat 1 】Acne Treatment Gel repairing acne-prone skin Gel Rawatan Jerawat, Menghidrat, Mencerahkan, Mengimbangi Air dan Minyak, Melicinkan, dengan Minyak Pokok Teh, Ekstrak Aloe Vera, dan EXTRACT CENTELLA ASIATICA",MY,Euskin,0.0,0,0.0,13.74,MYR,acne treatment,https://shop.tiktok.com/my/pdp/gel-pengurusan-jerawat-melembapkan-menjaga-kulit-bersih/1732161905933387095
2505,"Deep Cleansing Blackhead Removal Acne Treatment Anti Acne Pore Cleansing | Pembersih Wajah , Kawal Minyak, Pelembap, Mencerahkan Kulit",MY,MeetingYou'Store,0.0,0,0.0,12.69,MYR,acne treatment,https://shop.tiktok.com/my/pdp/1734155658995074427
2506,"Treatments ACNE Jerawat Salicylic acid Nicinamide Bintik Hitam Kulit Kasar Kemerahan, Mengimbangi Air Minyak Sesuai untuk Kulit",MY,Euskin,0.0,0,0.0,11.50,MYR,acne treatment,https://shop.tiktok.com/my/pdp/pengurusan-jerawat-acne-dengan-salisilik-niacinamide/1731213564235384151
2507,[FACE INC] Acne Treatment with Licorice 17ml - Pimple Treatment | Sebum Control | Spot Treatment | Tea Tree Oil,MY,The Face Inc,0.0,0,0.0,188.00,MYR,acne treatment,https://shop.tiktok.com/my/pdp/obat-jerawat-dengan-minyak-teh-jati-17ml-pengendalian-sekum/1732439322015598526
2508,acne serum treatment penghilang jerawat ubat jerawat dan parut acne scars pimple remover whitening brightenin skincare,MY,UNBEI-MY,0.0,0,0.0,12.50,MYR,acne treatment,https://shop.tiktok.com/my/pdp/serum-pengurangkan-jerawat-parut-pencerah-kulit-wajah/1731993731900999646
2509,acne serum treatment penghilang jerawat ubat jerawat dan parut acne scars pimple remover whitening brightenin skincare,MY,UNBEI-MY,0.0,0,0.0,12.50,MYR,acne treatment,https://shop.tiktok.com/my/pdp/serum-pengurangkan-jerawat-parut-pencerah-kulit-wajah/1731993731904079838
2510,acne serum treatment penghilang jerawat ubat jerawat dan parut acne scars pimple remover whitening brightenin skincare,MY,UNBEI-MY,0.0,0,0.0,12.60,MYR,acne treatment,https://shop.tiktok.com/my/pdp/serum-pengurangkan-jerawat-parut-bekas-pencerah-kulit/1731993749144111070
2511,acne serum treatment penghilang jerawat ubat jerawat dan parut acne scars pimple remover whitening brightenin skincare,MY,UNBEI-MY,0.0,0,0.0,12.60,MYR,acne treatment,https://shop.tiktok.com/my/pdp/serum-pengurangkan-jerawat-parut-bekas-pencerah-kulit/1731993768975173598
2512,acne serum treatment penghilang jerawat ubat jerawat dan parut acne scars pimple remover whitening brightenin skincare,MY,UNBEI-MY,0.0,0,0.0,12.60,MYR,acne treatment,https://shop.tiktok.com/my/pdp/serum-jerawat-penghilang-jerawat-parut-skincare-cerah/1731993783370418142
2513,acne serum treatment penghilang jerawat ubat jerawat dan parut acne scars pimple remover whitening brightenin skincare,MY,UNBEI-MY,0.0,0,0.0,12.60,MYR,acne treatment,https://shop.tiktok.com/my/pdp/serum-jerawat-penghilang-jerawat-ubat-jerawat-parut-brightening-skincare/1731993730475853790
2514,Acne cream Ubat Jerawat dan Parut ance spot treatment cream Acne Scar Anti-Acne Treatment Repair Whitening Skin Care,MY,OKLM SHOP,0.0,0,0.0,33.00,MYR,acne treatment,https://shop.tiktok.com/my/pdp/krim-jerawat-ubat-jerawat-dan-parut-merawat-dan-mencerahkan/1730132960936625982
2515,"【BCD】 dark spot correcting untuk parut jerawat , skin tone tidak sekata , jeragat , mencerah dan glowing .50ML ORIGINAL.",MY,Watsonshop,0.0,0,0.0,34.00,MYR,dark spot corrector,https://shop.tiktok.com/my/pdp/1734493098701391667
2516,AnYi Beauty Dark Spot Corrector Cream Penghilang Dark Spot & Jeragat Sunburn Untuk Seluruh Badan Termasuk Muka Intim Ketiak Leher Belakang Jegg Siku Lutut 30ml,MY,JimatShopping,0.0,0,0.0,12.70,MYR,dark spot corrector,https://shop.tiktok.com/my/pdp/krim-penghilang-dark-spot-anyi-semua-jenis-kulit-30ml-rawatan-seluruh-badan/1731666271712675092
2517,MIUROUS SkincareSkincare TonerFacial Care Toner	Hydrating Probiotic TonerProbiotic Repair TonerRepairingStrengthen Skin Barrier TonerReduce Tightness TonerFacial Care Toner	Nourishing Repair TonerDaily Use TonerSensitive Skin Toner Hydration Natural,MY,LAW CHIA PING,0.0,0,0.0,40.46,MYR,pore care toner,https://shop.tiktok.com/my/pdp/toner-miourous-dengan-probiotik-untuk-kulit-sihat-segar/1731788414908793980
2518,BIOTIQUE Bio Honey Water Pore Tightening Toner (120ml),MY,Ms Store Kl,0.0,0,0.0,25.90,MYR,pore care toner,https://shop.tiktok.com/my/pdp/biotique-bio-honey-water-pore-tightening-toner-120ml-untuk-kulit-bersih-dan-segar/1730914227145246685
2519,CARELINIX Pore Purifying & Minimizing Toner 120ml Cleansing Skincare,MY,Sevens Care Pharmacy,0.0,0,0.0,61.00,MYR,pore care toner,https://shop.tiktok.com/my/pdp/carelinix-toner-120ml-untuk-muka-bersih-melembapkan-dan-menyegarkan-kulit/1730290858476471963
2520,toner strowwberry untuk mencerahkan& melembabkan,MY,ARIEN BIAUTY,0.0,0,0.0,34.00,MYR,pore care toner,https://shop.tiktok.com/my/pdp/toner-strawberrry-untuk-mencerahkan-melembapkan-kulit/1731170711463823253
2521,toner ufora readyy stockkk,MY,AFEEYABEAUTY AA,0.0,0,0.0,11.73,MYR,pore care toner,https://shop.tiktok.com/my/pdp/1736651923406620624
2522,Sanny and Joleen Lifestyle Pore Clarifier Toner 150mL,MY,AA Pharmacy,0.0,0,0.0,83.80,MYR,pore care toner,https://shop.tiktok.com/my/pdp/pembersih-pori-sanny-joleen-150ml-melembap-segar/1729747182801356607
2523,Pore Minimizing Toner,MY,Eskinol Kojiesan DJ.beauty,0.0,0,0.0,38.00,MYR,pore care toner,https://shop.tiktok.com/my/pdp/1737156180444743083
2524,"【Ready stock】AESTURA-Atobarrier 365 ceramide facial cream, long-lasting water-blocking moisturizer, repairs damaged barriers and relieves sensitive redness, matte and non-sticky, 80ml",MY,NUTRISHINE1,0.0,0,0.0,69.81,MYR,barrier repair cream,https://shop.tiktok.com/my/pdp/krim-muka-aestura-atobarrier-365-ceramida-melembapkan-rawat-kulit-sensitif/1732074926363084102
2525,Ceradan Skin Barrier Repair Cream 80g,MY,AA Pharmacy,0.0,0,0.0,120.90,MYR,barrier repair cream,https://shop.tiktok.com/my/pdp/krim-perbaikan-halangan-kulit-ceradan-80g-hypoallergenic-selamat-untuk-bayi-fungsi-perbaikan-kulit/1730179925749761855
2526,"KORMESIC Barrier Repair Body Cream – Deep Hydration for Dry, Sensitive Skin & Seasonal Soothing, 60g",MY,KORMESIC-SHOP,0.0,0,0.0,17.60,MYR,barrier repair cream,https://shop.tiktok.com/my/pdp/1735697264315434461
2527,[TRIAL PRICE] BeautiMe VCONIAMIDE Moisture Cream / D24 Niacinamide Repair Cream (50g) for Barrier Repair & Hydration,MY,BeautiMe Malaysia,0.0,0,0.0,54.00,MYR,barrier repair cream,https://shop.tiktok.com/my/pdp/1736203566872626798
2528,[limited stock] [Ready Stock] Dr.Althea 147 Barrier/ 345 Relief Cream  50ml Strengthen the skin barrier,MY,Dr.Althea Original Store,0.0,0,0.0,47.00,MYR,barrier repair cream,https://shop.tiktok.com/my/pdp/krim-pelembap-kulit-dr-althea-147-345-untuk-kecergasan/1732205294856668346
2529,DR. ALTHEA 345 Relief Cream 50ml /147 Barrier Cream.,MY,Watsonshop,0.0,0,0.0,34.00,MYR,barrier repair cream,https://shop.tiktok.com/my/pdp/1734493079084959539
2530,Ginseng anti wrinkle serum Anti aging Serum Reduce wrinkles and tighten skin Face serum anti aging and whitening,MY,UNBEI-MY,0.0,0,0.0,17.10,MYR,anti aging serum,https://shop.tiktok.com/my/pdp/serum-muka-anti-penuaan-pengencang-kulit-mengurangkan-kedutan/1732059435049977822
2531,Ginseng anti wrinkle serum Anti aging Serum Reduce wrinkles and tighten skin Face serum anti aging and whitening,MY,UNBEI-MY,0.0,0,0.0,17.10,MYR,anti aging serum,https://shop.tiktok.com/my/pdp/serum-muka-anti-penuaan-pengencang-kulit-mengurangkan-kedutan/1732059486308370398
2532,Ginseng anti wrinkle serum Anti aging Serum Reduce wrinkles and tighten skin Face serum anti aging and whitening,MY,UNBEI-MY,0.0,0,0.0,17.10,MYR,anti aging serum,https://shop.tiktok.com/my/pdp/serum-muka-anti-penuaan-pengencang-kulit-mengurangkan-kedutan/1732059437175506910
2533,Ginseng anti wrinkle serum Anti aging Serum Reduce wrinkles and tighten skin Face serum anti aging and whitening,MY,UNBEI-MY,0.0,0,0.0,17.10,MYR,anti aging serum,https://shop.tiktok.com/my/pdp/serum-muka-anti-penuaan-pengencang-kulit-mengurangkan-kedutan/1732059436119001054
2534,Ginseng anti wrinkle serum Anti aging Serum Reduce wrinkles and tighten skin Face serum anti aging and whitening,MY,UNBEI-MY,0.0,0,0.0,17.10,MYR,anti aging serum,https://shop.tiktok.com/my/pdp/serum-muka-anti-penuaan-pengencang-kulit-mengurangkan-kedutan/1732059436877514718
2535,Ginseng anti wrinkle serum Anti aging Serum Reduce wrinkles and tighten skin Face serum anti aging and whitening,MY,UNBEI-MY,0.0,0,0.0,17.10,MYR,anti aging serum,https://shop.tiktok.com/my/pdp/serum-muka-anti-penuaan-pengencang-kulit-mengurangkan-kedutan/1732059436118083550
2536,Ginseng anti wrinkle serum Anti aging Serum Reduce wrinkles and tighten skin Face serum anti aging and whitening,MY,UNBEI-MY,0.0,0,0.0,17.10,MYR,anti aging serum,https://shop.tiktok.com/my/pdp/serum-muka-anti-penuaan-pengencang-kulit-mengurangkan-kedutan/1732059436986173406
2537,Ginseng anti wrinkle serum Anti aging Serum Reduce wrinkles and tighten skin Face serum anti aging and whitening,MY,UNBEI-MY,0.0,0,0.0,17.10,MYR,anti aging serum,https://shop.tiktok.com/my/pdp/serum-muka-anti-penuaan-pengencang-kulit-mengurangkan-kedutan/1732059436117559262
2538,Ginseng anti wrinkle serum Anti aging Serum Reduce wrinkles and tighten skin Face serum anti aging and whitening,MY,UNBEI-MY,0.0,0,0.0,17.10,MYR,anti aging serum,https://shop.tiktok.com/my/pdp/serum-muka-anti-penuaan-pengencang-kulit-mengurangkan-kedutan/1732059486308108254
2539,Ginseng anti wrinkle serum Anti aging Serum Reduce wrinkles and tighten skin Face serum anti aging and whitening,MY,Seszzar,0.0,0,0.0,34.20,MYR,anti aging serum,https://shop.tiktok.com/my/pdp/serum-muka-anti-penuaan-pengencang-kulit-mengurangkan-kedutan/1732058352200484396
2540,Ginseng anti wrinkle serum Anti aging Serum Reduce wrinkles and tighten skin Face serum anti aging and whitening,MY,Seszzar,0.0,0,0.0,34.20,MYR,anti aging serum,https://shop.tiktok.com/my/pdp/serum-muka-anti-penuaan-pengencang-kulit-mengurangkan-kedutan/1732058363205289516
2541,Ginseng anti wrinkle serum Anti aging Serum Reduce wrinkles and tighten skin Face serum anti aging and whitening,MY,Seszzar,0.0,0,0.0,34.20,MYR,anti aging serum,https://shop.tiktok.com/my/pdp/serum-anti-penuaan-ginseng-eelhoe-kencangkan-kulit-cerahkan-wajah/1732058349416908332
2542,Ginseng anti wrinkle serum Anti aging Serum Reduce wrinkles and tighten skin Face serum anti aging and whitening,MY,Seszzar,0.0,0,0.0,34.20,MYR,anti aging serum,https://shop.tiktok.com/my/pdp/serum-muka-anti-penuaan-pengencang-kulit-mengurangkan-kedutan/1732058375588709932
2543,Ginseng anti wrinkle serum Anti aging Serum Reduce wrinkles and tighten skin Face serum anti aging and whitening,MY,Seszzar,0.0,0,0.0,34.20,MYR,anti aging serum,https://shop.tiktok.com/my/pdp/serum-muka-anti-penuaan-pengencang-kulit-mengurangkan-kedutan/1732058352499852844
2544,Ginseng anti wrinkle serum Anti aging Serum Reduce wrinkles and tighten skin Face serum anti aging and whitening,MY,Seszzar,0.0,0,0.0,34.20,MYR,anti aging serum,https://shop.tiktok.com/my/pdp/serum-muka-anti-penuaan-pengencang-kulit-mengurangkan-kedutan/1732058363204372012
2545,Ginseng anti wrinkle serum Anti aging Serum Reduce wrinkles and tighten skin Face serum anti aging and whitening,MY,Seszzar,0.0,0,0.0,34.20,MYR,anti aging serum,https://shop.tiktok.com/my/pdp/serum-muka-anti-penuaan-pengencang-kulit-mengurangkan-kedutan/1732058360883611180
2546,Ginseng anti wrinkle serum Anti aging Serum Reduce wrinkles and tighten skin Face serum anti aging and whitening,MY,Seszzar,0.0,0,0.0,34.20,MYR,anti aging serum,https://shop.tiktok.com/my/pdp/serum-muka-anti-penuaan-pengencang-kulit-mengurangkan-kedutan/1732058352504309292
2547,Ginseng anti wrinkle serum Anti aging Serum Reduce wrinkles and tighten skin Face serum anti aging and whitening,MY,Seszzar,0.0,0,0.0,34.20,MYR,anti aging serum,https://shop.tiktok.com/my/pdp/siram-anti-penuaan-ginseng-eelhoe-kurangkan-kedutan-tegangkan-kulit/1732058375837091372
2548,Ginseng anti wrinkle serum Anti aging Serum Reduce wrinkles and tighten skin Face serum anti aging and whitening,MY,Seszzar,0.0,0,0.0,35.40,MYR,anti aging serum,https://shop.tiktok.com/my/pdp/serum-muka-anti-penuaan-pengencang-kulit-mengurangkan-kedutan/1732058363204961836
2549,Ginseng anti wrinkle serum Anti aging Serum Reduce wrinkles and tighten skin Face serum anti aging and whitening,MY,POHGEI-MY,0.0,0,0.0,17.70,MYR,anti aging serum,https://shop.tiktok.com/my/pdp/serum-anti-penuaan-ginseng-eelhoe-kurangkan-kedutan-kulit-anjal/1732058745245959526
2550,Ginseng anti wrinkle serum Anti aging Serum Reduce wrinkles and tighten skin Face serum anti aging and whitening,MY,POHGEI-MY,0.0,0,0.0,17.70,MYR,anti aging serum,https://shop.tiktok.com/my/pdp/serum-muka-anti-penuaan-pengencang-kulit-mengurangkan-kedutan/1732058739054380390
2551,Ginseng anti wrinkle serum Anti aging Serum Reduce wrinkles and tighten skin Face serum anti aging and whitening,MY,POHGEI-MY,0.0,0,0.0,17.70,MYR,anti aging serum,https://shop.tiktok.com/my/pdp/serum-muka-anti-penuaan-pengencang-kulit-mengurangkan-kedutan/1732058703561524582
2552,Ginseng anti wrinkle serum Anti aging Serum Reduce wrinkles and tighten skin Face serum anti aging and whitening,MY,POHGEI-MY,0.0,0,0.0,17.70,MYR,anti aging serum,https://shop.tiktok.com/my/pdp/serum-muka-anti-penuaan-pengencang-kulit-mengurangkan-kedutan/1732058705912497510
2553,Ginseng anti wrinkle serum Anti aging Serum Reduce wrinkles and tighten skin Face serum anti aging and whitening,MY,POHGEI-MY,0.0,0,0.0,17.70,MYR,anti aging serum,https://shop.tiktok.com/my/pdp/serum-muka-anti-penuaan-pengencang-kulit-mengurangkan-kedutan/1732058678982968678
2554,BSC Cosmetology Vitamin Brightening Serum,MY,V&K ONLINE STORE,0.0,0,0.0,23.00,MYR,brightening serum,https://shop.tiktok.com/my/pdp/1735085444343694336
2555,Brightening & acne serum Skincare,MY,needaabeauty,0.0,0,0.0,44.00,MYR,brightening serum,https://shop.tiktok.com/my/pdp/serum-muka-pencerah-pengurangkan-jerawat-untuk-kulit-kering/1730032060443035590
2556,"SERUM BOOST SERUM , glowing ,youthful , brighter body",MY,DelimaCkosmetik07,0.0,0,0.0,113.00,MYR,brightening serum,https://shop.tiktok.com/my/pdp/serum-boost-serum-bercahaya-dan-awet-muda-kulit-lebih-cerah/1732281322090956003
2557,"100% Original, Golden Pearl Rice Brightening Serum - 10ml",MY,Fast seller center,0.0,0,0.0,13.00,MYR,brightening serum,https://shop.tiktok.com/my/pdp/serum-pencerah-kulit-beras-mutiara-emas-100-asli-10ml/1734456331138074602
2558,"5% Serum 120ml, Mild Hydrating Daily Skin Care for Normal Skin Type, Gentle Nourishing Lotion to Soothe Dry Skin for All Daily Body & Facial Skin Maintenance",MY,Sherry's store,0.0,0,0.0,22.00,MYR,hydrating serum,https://shop.tiktok.com/my/pdp/1736976838409618784
2559,Skinlycious Hydrating Serum (30ml) - Hydrates and Regulates Sebum Production. Best Oil-Free Moisturiser for Acne-prone Skin.,MY,Skinlycious Malaysia,0.0,0,0.0,183.00,MYR,hydrating serum,https://shop.tiktok.com/my/pdp/skinlycious-hydrating-serum-30ml-hidrasi-kawal-minyak-anti-penuaan/1729656256429263087
2560,Salju beauty hydrating serum,MY,YK COSMETIC,0.0,0,0.0,34.10,MYR,hydrating serum,https://shop.tiktok.com/my/pdp/serum-hydrating-salju-beauty-untuk-kulit-sihat-segar/1731755992637802163
2561,Dark Circle Eye Cream Anti Aging Krim Mata Hilangkan Eyebag Eye Balm Stick Eye Bag Remover Eye Care Moisturizing,MY,MMUM Mall,0.0,0,0.0,54.00,MYR,eye cream dark circle,https://shop.tiktok.com/my/pdp/krim-mata-anti-penuaan-menghilangkan-kantung-lingkaran-gelap/1731586594049918139
2562,Eye Serum Essence Roller Ball Firming Cream Eye Bags Care Wrinkles Remove Dark Circles Whitening Brighten Mata Eye Serum Dark Circle Eye Bag Remover Cream Original Eyebag And Dark Circle Remover Cream Anti Puffiness,MY,amanda.rko,0.0,0,0.0,3.24,MYR,eye cream dark circle,https://shop.tiktok.com/my/pdp/serum-mata-essence-roller-kurangkan-beg-mata-hilangkan-lingkaran-gelap-kemerahan-mata-cream-asli-ant/1730632037170447440
2563,Moisturizing Eye Cream 7g Non-Greasy Lightweight Texture Gentle Nourishing Delicate Eye Skin Daily Basic Eye Care For All Skin Types,MY,Kyoki Shop,0.0,0,0.0,10.45,MYR,eye cream dark circle,https://shop.tiktok.com/my/pdp/krim-mata-anti-penuaan-lifting-melembap-haluskan-garisan-halus/1730925182464853681
2564,Eye Serum Essence Roller Ball Firming Cream Eye Bags Care Wrinkles Remove Dark Circles Whitening Brighten Mata Eye Serum Dark Circle Eye Bag Remover Cream Original Eyebag And Dark Circle Remover Cream Anti Puffiness,MY,12333haircare,0.0,0,0.0,4.21,MYR,eye cream dark circle,https://shop.tiktok.com/my/pdp/krim-pengencang-krim-mata-untuk-kantung-cincin-gelap/1730643051190125798
2565,1PCS Beauty Blemish Needle Acne Extractor Comedone Removal Blackhead Remover,MY,Tesla book store,0.0,0,0.0,1.80,MYR,blackhead remover,https://shop.tiktok.com/my/pdp/pipi-pembersih-jerawat-hitam-warna-perak-saiz-12cm/1729482750706091492
2566,1PCS Beauty Blemish Needle Acne Extractor Comedone Removal Blackhead Remover,MY,Wisdom Co,0.0,0,0.0,1.90,MYR,blackhead remover,https://shop.tiktok.com/my/pdp/penyedut-jerawat-1pcs-beauty-blemish-needle-pengeluaran-komedon-alat-kecantikan-perak-12cm/1729482749614523595
2567,COD [CLEARANCE] Blackhead Remover Whitehead Removal Vacum | 3 Level Strong Suction  | Rechargeable,MY,ZAHARAH BINTI RAML,0.0,0,0.0,56.02,MYR,blackhead remover,https://shop.tiktok.com/my/pdp/cod-pembersih-komedi-hitam-putih-vakum-penarikan-3-tingkat/1732327486349412088
2568,Set Besi 4pcs Blackhead Remover boleh picit jerawat keluarkan blackhead whitead minyak wajah,MY,MIXSTORE7067,0.0,0,0.0,15.00,MYR,blackhead remover,https://shop.tiktok.com/my/pdp/set-besi-4pcs-blackhead-remover-keluarkan-jerawat-bersih-tahan-lama-mudah-digunakan/1729686065273801659
2569,Blackhead Removal Face Mask Peel Off Acne Treatment Black Head Remover Blackhead Remover Cleaner Mask Deep Cleansing,MY,9kkon9,0.0,0,0.0,6.41,MYR,blackhead remover,https://shop.tiktok.com/my/pdp/topeng-muka-penghilang-kusut-hitam-pelepas-jerawat-pembersih-dalam/1729542575817655474
2570,Blackhead Removal Face Mask Peel Off Acne Treatment Black Head Remover Blackhead Remover Cleaner Mask Deep Cleansing,MY,mgcbeauty888,0.0,0,0.0,7.90,MYR,blackhead remover,https://shop.tiktok.com/my/pdp/topeng-muka-penghilang-kusut-hitam-pelepasan-dalam-lutsinar/1730753549152454601
2571,Blackhead Remover Whitehead Remover Rechargeable Skin Pore Cleaner Blackhead Electric Facial Pore Vacuum Suction 4 Berbilang-Jenis Suction Heads,MY,Thisliving,0.0,0,0.0,36.97,MYR,blackhead remover,https://shop.tiktok.com/my/pdp/pembersih-pori-elektrik-boleh-cas-semula-dengan-4-kepala/1729679919982151186
2572,Mustela Soothing Moisturizing Body Lotion 200ml (Very Sensitive Skin) | Oh Baby Store,MY,Oh Baby Store,0.0,0,0.0,84.40,MYR,sensitive skin moisturizer,https://shop.tiktok.com/my/pdp/mustela-soothing-moisturizing-body-lotion-200ml-untuk-kulit-sangat-sensitif/1732792081560471356
2573,MUSTELA Soothing Moisturizing Cream Face For Very Sensitive Skin 40ml| Baby Skincare Explosive Models,MY,Warm Heart Mommy Maternity & Baby Shop,0.0,0,0.0,103.77,MYR,sensitive skin moisturizer,https://shop.tiktok.com/my/pdp/1735111929274205986
2574,Krim Pelembap Kulit Bayi Sensitif / Baby Moisturizing Cream For Sensitif Skin 75ml - Omega 3-6-9 + Liquorice Extract,MY,Mr Lau Ahli Farmasi,0.0,0,0.0,49.50,MYR,sensitive skin moisturizer,https://shop.tiktok.com/my/pdp/krim-pelembap-kulit-bayi-sensitif-75ml-omega-3-6-9-licorice/1732205508765320293
2575,Krim Pelembap Kulit Bayi Sensitif / Baby Moisturizing Cream For Sensitif Skin 75ml - Omega 3-6-9 + Liquorice Extract,MY,Free Pharmacy,0.0,0,0.0,49.50,MYR,sensitive skin moisturizer,https://shop.tiktok.com/my/pdp/krim-pelembap-kulit-bayi-sensitif-75ml-omega-3-6-9-ekstrak-liquorice/1732205468331444086
2576,Krim Pelembap Kulit Bayi Sensitif / Baby Moisturizing Cream For Sensitif Skin 75ml - Omega 3-6-9 + Liquorice Extract,MY,KY jelly SHOP,0.0,0,0.0,49.50,MYR,sensitive skin moisturizer,https://shop.tiktok.com/my/pdp/krim-pelembap-kulit-bayi-sensitif-75ml-omega-3-6-9-licorice/1732205506622031242
2577,HYALURONIC Moisturizing Toner Sensitive Skin Desert Skin 200ml,MY,Opps Beauty Mall,0.0,0,0.0,15.60,MYR,sensitive skin moisturizer,https://shop.tiktok.com/my/pdp/toner-hidratasi-hyaluronic-untuk-kulit-sensitif-kering/1729602513573348588
2578,Magnesium Gel For sensetive Skin,MY,Nutracare Health,0.0,0,0.0,77.00,MYR,sensitive skin moisturizer,https://shop.tiktok.com/my/pdp/gel-magnesium-untuk-kulit-sensitif-melegakan-kekejangan-otot-meningkatkan-kualiti-tidur/1729577529377654049
2579,HYALURONIC Moisturizing Toner Sensitive Skin Desert Skin 200ml,MY,OppsBeauty,0.0,0,0.0,17.70,MYR,sensitive skin moisturizer,https://shop.tiktok.com/my/pdp/toner-hidratasi-hyaluronic-untuk-kulit-sensitif-kering/1729615001480300341
2580,5Pcs Moisturizing Facial Care Patches Daily Skin Care Mask Sheets For Forehead & Eye Area,MY,ge yixiansheng40,0.0,0,0.0,5.64,MYR,face mask sheet,https://shop.tiktok.com/my/pdp/pelekat-muka-5pcs-gel-terapung-menghidrat-mengencangkan/1736729939190449300
2581,"[LAST STOCKS] TFS Ugly Lovely Potato & Mandarin Facial Sheet Mask Set (8+2 pcs) - Vegan, Hydrating, Moistiurizing Mask",MY,THE FACE SHOP MY,0.0,0,0.0,82.55,MYR,face mask sheet,https://shop.tiktok.com/my/pdp/1736614667384882488
2582,[GIFT SET] CLEF Little Joy Box – Sheet Mask Duo Set (2 Items) |   Festive Bundle |   Sheet Mask |   Facial Mask,MY,MELVIN ANAK IMONG,0.0,0,0.0,219.00,MYR,face mask sheet,https://shop.tiktok.com/my/pdp/gift-set-clef-little-joy-box-sheet-mask-duo-set-2-items/1733816288672318829
2583,CEO BATH 30PCS Compressed Mask – Disposable Compressed Facial Mask Sheets | Portable DIY Skincare Mask,MY,ALLSTAR DIY,0.0,0,0.0,2.89,MYR,face mask sheet,https://shop.tiktok.com/my/pdp/ceo-bath-30pcs-masker-wajah-kompresi-mudah-dibawa-digunakan/1737258312991278765
2584,Ready stock JM solution mask (10 sheets),MY,ANNA OVERSEA,0.0,0,0.0,33.00,MYR,face mask sheet,https://shop.tiktok.com/my/pdp/masker-solusi-jm-siap-stok-10-lembar-masker-wajah-untuk-kulit-sehat/1729487954112579115
2585,Pelindung matahari wajah SPF50+ sunscreen spf 50,MY,BloomPinay,0.0,0,0.0,21.00,MYR,sunscreen spf50,https://shop.tiktok.com/my/pdp/1734910550399420171
2586,SUNCREEN SPF50PA SPF 90PA+++(,MY,siauyun1212,0.0,0,0.0,32.00,MYR,sunscreen spf50,https://shop.tiktok.com/my/pdp/sunscreen-spf50-pa-spf90-pa-untuk-melindungi-kulit/1729704690584618748
2587,SPF50 Face Sunscreen Spray 150ml PA+++ UV Resistance Sunblock Cream Water Resistant Hydrating,MY,mgcbeauty888,0.0,0,0.0,7.30,MYR,sunscreen spf50,https://shop.tiktok.com/my/pdp/semburan-sunkran-spf50-150ml-uv-melembapkan-air-tahan/1730750528617940937
2588,WHITENING SUNSCREEN LOTION SPF50+PA+++ Losyen pelindung matahari Spf50+pa+++ ️Boleh guna seluruh badan dan muka,MY,Shoppingbersama8805,0.0,0,0.0,13.00,MYR,sunscreen spf50,https://shop.tiktok.com/my/pdp/lotion-pelindung-matahari-spf50-pa-boleh-digunakan-seluruh-badan-muka/1729630628677977586
2589,【free shipping】 EQQUALBERRY Swimming Pool Toner Gentle exfoliation process minimizes pores,MY,EQQUALBERRY Online Store.,0.0,0,0.0,49.00,MYR,exfoliating toner,https://shop.tiktok.com/my/pdp/toner-kolam-renang-eqqualberry-exfoliasi-lembut-minimalkan-pori-pori/1734005538713011500
2590,【best seller】 EQQUALBERRY Swimming Pool Toner Gentle exfoliation process minimizes pores,MY,EQQUALBERRY Online Store.,0.0,0,0.0,49.00,MYR,exfoliating toner,https://shop.tiktok.com/my/pdp/1733885577088697644
2591,[NEW] Wardah Exfoliating & Clarifying Toner 100 ml,MY,Beautik Store,0.0,0,0.0,35.69,MYR,exfoliating toner,https://shop.tiktok.com/my/pdp/1735355100300477573
2592,【flash sale】 EQQUALBERRY Swimming Pool Daily Facial Toner 300ml Non-Irritating Exfoliation for Sensitive Skin,MY,EQQUALBERRY Online Store.,0.0,0,0.0,49.00,MYR,exfoliating toner,https://shop.tiktok.com/my/pdp/eqqualberry-tonik-wajah-harian-300ml-pelembap-eksfoliasi/1733885542205654316
2593,TONER UFORA EXFOLIATION  Skincare,MY,Eyzaaann,0.0,0,0.0,31.00,MYR,exfoliating toner,https://shop.tiktok.com/my/pdp/toner-ufora-exfoliation-untuk-menanggalkan-sel-kulit-mati/1729740045193283319
2594,【Buy One Get One Free】 EQQUALBERRY Swimming Pool Daily Facial Toner Gentle exfoliation process minimizes pores,MY,EQQUALBERRY Online Store.,0.0,0,0.0,49.00,MYR,exfoliating toner,https://shop.tiktok.com/my/pdp/eqqualberry-tonik-wajah-harian-pelembap-penyegar-kulit/1734005592855315756
2595,UFORA Toner Wajah dengan Hyaluronic Acid & Glycolic Acid untuk Kulit Lebih Lembut dan Kenyal,MY,Edatul Wahab,0.0,0,0.0,11.00,MYR,exfoliating toner,https://shop.tiktok.com/my/pdp/toner-wajah-mengelupas-melembapkan-ufora-glycolid-niacinamide/1729735495029326874
2596,pwl lotion,MY,cikwaniez,0.0,0,0.0,39.00,MYR,body lotion,https://shop.tiktok.com/my/pdp/pwl-lotion-krim-badan-mewah-melembapkan-ringan-tanpa-minyak/1729529564625733188
2597,BODY LOTION SKINDOS,MY,kittyshoplove,0.0,0,0.0,41.00,MYR,body lotion,https://shop.tiktok.com/my/pdp/body-lotion-skindos-untuk-kulit-lembut-melembapkan/1729505151595415507
2598,Body Glow Lotion 200ml - Krim Badan untuk Kecantikan dan Kesehatan Kulit - Skincare,MY,Jujushop66,0.0,0,0.0,18.00,MYR,body lotion,https://shop.tiktok.com/my/pdp/1737285303239279669
2599,"Hermoso Professional Shampoo 300ml (Hair Loss /Anti Dandruff/Extreme Smooth/Organic Masque)Keguguran Rambut, Rambut Lurus, Kelemumur/Conditioner",MY,Maobeauty,0.0,0,0.0,23.00,MYR,hair loss shampoo,https://shop.tiktok.com/my/pdp/hermoso-profesional-shampoo-300ml-keguguran-rambut-lebih-halus/1730983020864505203
2600,Wholesale/ OEM Shampoo Hair Loss & Scalp 300ml,MY,PILOSE,0.0,0,0.0,15.90,MYR,hair loss shampoo,https://shop.tiktok.com/my/pdp/wholesale-oem-shampoo-penyelamat-rambut-kulit-kepala-300ml/1733013688789206546
2601,Wholesale / OEM Shampoo Hair Loss & Scalp 1000ml,MY,PILOSE,0.0,0,0.0,23.50,MYR,hair loss shampoo,https://shop.tiktok.com/my/pdp/shampoo-keguguran-rambut-kulit-kepala-1000ml-kualiti-oem-terbaik/1733017704822834706
2602,"Pilose Shampoo Hair Loss & Scalp 1000ml (dandruff,oily,hair loss,itchy)",MY,PILOSE,0.0,0,0.0,27.50,MYR,hair loss shampoo,https://shop.tiktok.com/my/pdp/pilose-shampoo-anti-keguguran-rambut-kulit-kepala/1731099018403284498
2603,Herbal Hair Shampoo Silky Ginseng Gentle Care Unisex Anti Hair Loss Treatment Scalp Rambut Pelebat Shampu Gugur Loss Dandruff Scalp Dr.Soromer Ginseng Hydrating Shampoo Hair Repair Dry Damaged Anti Hair Dandruff 300ml,MY,12333haircare,0.0,0,0.0,5.82,MYR,hair loss shampoo,https://shop.tiktok.com/my/pdp/shampon-rambut-ginseng-wanita-kering-kurus/1730647050913416422
2604,Wholesale/ OEM Shampoo Hair Loss & Scalp 300ml,MY,aumom 1394 enterprise,0.0,0,0.0,15.90,MYR,hair loss shampoo,https://shop.tiktok.com/my/pdp/shampu-pengurangkan-keguguran-rambut-kulit-kepala-300ml/1732169236785562886
2605,Wholesale / OEM Shampoo Hair Loss & Scalp 1000ml,MY,aumom 1394 enterprise,0.0,0,0.0,23.50,MYR,hair loss shampoo,https://shop.tiktok.com/my/pdp/shampu-pengurangkan-keguguran-rambut-kulit-kepala-1000ml/1732169220092232966
2606,Herbal Hair Shampoo Silky Ginseng Gentle Care Unisex Anti Hair Loss Treatment Scalp Rambut Pelebat Shampu Gugur Loss Dandruff Scalp Dr.Soromer Ginseng Hydrating Shampoo Hair Repair Dry Damaged Anti Hair Dandruff 300ml,MY,amanda.rko,0.0,0,0.0,5.82,MYR,hair loss shampoo,https://shop.tiktok.com/my/pdp/shampon-rambut-ginseng-untuk-lelaki-wanita-kering-kurus/1730642432728007760
2607,Herbal Hair Shampoo Silky Ginseng Gentle Care Unisex Anti Hair Loss Treatment Scalp Rambut Pelebat Shampu Gugur Loss Dandruff Scalp Dr.Soromer Ginseng Hydrating Shampoo Hair Repair Dry Damaged Anti Hair Dandruff 300ml,MY,kadai.ggoo,0.0,0,0.0,5.82,MYR,hair loss shampoo,https://shop.tiktok.com/my/pdp/shampon-rambut-ginseng-wanita-kering-kurus/1730737574865962587
2608,Herbal Hair Shampoo Silky Ginseng Gentle Care Unisex Anti Hair Loss 300ml Rawatan Kulit Kepala Rambut Pelebat Shampu Gugur Loss Dandruff Scalp Dr.Soromer,MY,rko.cantik,0.0,0,0.0,10.38,MYR,hair loss shampoo,https://shop.tiktok.com/my/pdp/shampon-rambut-ginseng-lembut-melegakan-kelemumurkan/1729672518730221228
2609,Sebamed Anti-Hair Loss Shampoo 200mL,MY,AA Pharmacy,0.0,0,0.0,79.40,MYR,hair loss shampoo,https://shop.tiktok.com/my/pdp/shampoo-sebamed-anti-kehilangan-rambut-200ml-aktifkan-peredaran-darah-formula-nhe-caffeine-dan-ginkg/1732142253306775359
2610,SPADE REGENARATE HAIR LOSS SHAMPOO 300ml,MY,Winns haircare online shop,0.0,0,0.0,64.00,MYR,hair loss shampoo,https://shop.tiktok.com/my/pdp/syampu-spade-regenerate-anti-rambut-gugur-300ml-untuk-lelaki/1730458623026890385
2611,SCP Fortifying & Anti Hair Loss Scalp Cleanser Shampoo For Hair Loss Scalp (300/1000ml),MY,Hair Equipments Trading,0.0,0,0.0,86.00,MYR,hair loss shampoo,https://shop.tiktok.com/my/pdp/1735614271303943375
2612,"Pilose Shampoo Hair Loss & Scalp 1000ml (dandruff,oily,hair loss,itchy)",MY,aumom 1394 enterprise,0.0,0,0.0,26.26,MYR,hair loss shampoo,https://shop.tiktok.com/my/pdp/pilose-shampoo-anti-keguguran-rambut-kulit-kepala-1l/1731101058878768390
2613,[1pc] BORONG Moisturiser Lip Mask lips mask lip masks Lip Gel Mask Hydrating Collagen Mask lips mask,MY,12333haircare,0.0,0,0.0,3.20,MYR,lip mask,https://shop.tiktok.com/my/pdp/borong-pelembap-bibir-gel-bibir-hidrat-kolagen-untuk-kulit-lembut/1730647113829221606
2614,[1pc] BORONG Moisturiser Lip Mask lips mask lip masks Lip Gel Mask Hydrating Collagen Mask lips mask,MY,amanda.rko,0.0,0,0.0,2.40,MYR,lip mask,https://shop.tiktok.com/my/pdp/borong-pelembap-bibir-gel-bibir-hidrat-kolagen-untuk-kulit-lembut/1730642487978525776
2615,1pcs Moisturiser Lip Mask Bibir lip masks Lip Gel Mask Hydrating Collagen Mask topeng mulut,MY,0077yx,0.0,0,0.0,3.31,MYR,lip mask,https://shop.tiktok.com/my/pdp/topeng-bibir-pelembap-kolagen-untuk-kulit-lembap-dan-sihat/1730642322166744276
2616,[120pcs] BORONG Moisturiser Lip Mask lips mask Bibir lip masks Lip Gel Mask Hydrating Collagen Mask lips mask,MY,amanda.rko,0.0,0,0.0,33.22,MYR,lip mask,https://shop.tiktok.com/my/pdp/mask-bibir-120pcs-hydrating-collagen-lip-gel-lip-mask/1730642503859471440
2617,[120pcs] BORONG Moisturiser Lip Mask lips mask Bibir lip masks Lip Gel Mask Hydrating Collagen Mask lips mask,MY,12333haircare,0.0,0,0.0,33.22,MYR,lip mask,https://shop.tiktok.com/my/pdp/borong-120pcs-lip-mask-hidrat-kolagen-untuk-bibir-kering/1730647113782494438
2618,(50pcs) Ready Stock Moisturizer Lip Mask Lips Mask Bibir Lip Masks Lip Gel Mask Hydrating Collagen Mask,MY,Ymt816,0.0,0,0.0,19.80,MYR,lip mask,https://shop.tiktok.com/my/pdp/50pcs-stok-sedia-ada-pelembap-bibir-gel-bibir-kolagen-hidratan/1729651529210759224
2619,(50pcs) Ready Stock Moisturizer Lip Mask Lips Mask Bibir Lip Masks Lip Gel Mask Hydrating Collagen Mask,MY,kkOn9,0.0,0,0.0,33.10,MYR,lip mask,https://shop.tiktok.com/my/pdp/50pcs-stok-sedia-ada-topeng-bibir-melembap-kolagen-gel/1729652085060897615
2620,(50pcs) Ready Stock Moisturizer Lip Mask Lips Mask Bibir Lip Masks Lip Gel Mask Hydrating Collagen Mask,MY,ytyt shop,0.0,0,0.0,19.80,MYR,lip mask,https://shop.tiktok.com/my/pdp/mask-bibir-kolagen-50pcs-hidrat-dan-melindungi-lip-care/1729662027660364010
2621,(50pcs) Ready Stock Moisturizer Lip Mask Lips Mask Bibir Lip Masks Lip Gel Mask Hydrating Collagen Mask,MY,0077yx,0.0,0,0.0,20.80,MYR,lip mask,https://shop.tiktok.com/my/pdp/50pcs-stok-sedia-ada-pelembap-bibir-gel-bibir-kolagen-hidratan/1730629448289912020
2622,1pcs Moisturiser Lip Mask Bibir lip masks Lip Gel Mask Hydrating Collagen Mask topeng mulut,MY,88cantikmu,0.0,0,0.0,2.50,MYR,lip mask,https://shop.tiktok.com/my/pdp/topeng-bibi-lipton-melembapkan-kolagen-untuk-kulit-lembut/1729515725079544906
2623,Nose Washing Brush Soft Fine Bristle Facial Cleansing Brush Face Nose Cleaning Brush CEO-6405,MY,ALLSTAR DIY,0.0,,,13.95,MYR,facial cleansing brush,https://shop.tiktok.com/my/pdp/1737350754120599213
2624,Soft face wash brush-2 side,MY,Clarissa MH,0.0,0,0.0,6.30,MYR,facial cleansing brush,https://shop.tiktok.com/my/pdp/berus-cuci-muka-lembut-dua-sisi-untuk-pembersihan-kulit/1729587870187227366
2625,Silicone Facial Cleanser Brush Wash Double Side Face Cleaning Tool,MY,BESTMART2552,0.0,0,0.0,4.10,MYR,facial cleansing brush,https://shop.tiktok.com/my/pdp/berus-pembersih-muka-silikon-dua-sisi-untuk-penjagaan-kulit/1729620509101754895
2626,Black Face Wash Brush Scrubber Exfoliating Brush Face Massager Facial Cleansing Brush Soft Silicone Face Brush Skin Tool,MY,MY-Johnny,0.0,0,0.0,6.41,MYR,facial cleansing brush,https://shop.tiktok.com/my/pdp/berus-muka-hitam-silikon-lembut-untuk-pembersihan-pengelupasan/1731939241033958605
2627,"Silicone Mini Facial Cleansing Brush - Soft Bristles for Blackhead Removal & Makeup Wipe, Face Massager & Exfoliating Tool, Improve Skin Health - Model XYZ, 2.5cm Diameter",MY,LIM CHEE LENG,0.0,0,0.0,4.56,MYR,facial cleansing brush,https://shop.tiktok.com/my/pdp/1735561169121937034
2628,Octagon Face Brush Cleanser Silicone Facial Cleansing Brush Cleansing Tool Men Deep Cleansing Exfoliation Skin Care Tool,MY,Hollliss,0.0,0,0.0,6.41,MYR,facial cleansing brush,https://shop.tiktok.com/my/pdp/berus-muka-silikon-pembersih-pengelupasan-kulit-hitam-merah-jambu/1732002239590663889
2629,Double-Sided Mask Brush Facial Tool For Clay Face Silicone Cleanser Skincare,MY,chic&co.beauty,0.0,0,0.0,3.40,MYR,facial cleansing brush,https://shop.tiktok.com/my/pdp/1734978852506338607
2630,"Silicone Mini Facial Cleansing Brush - Gentle Soft Bristles for Blackhead Removal & Makeup Removal, Face Massager & Exfoliating Tool, Improve Skin Health - Model XYZ, 2.5cm Diameter",MY,LEVERTOUR,0.0,0,0.0,3.44,MYR,facial cleansing brush,https://shop.tiktok.com/my/pdp/berus-pembersih-wajah-silikon-mini-lembut-untuk-pengangkatan/1736795173514151555
2631,foundation fify,MY,nahabbeautyshop,0.0,0,0.0,9.80,MYR,makeup foundation,https://shop.tiktok.com/my/pdp/foundation-fifty-krim-wajah-berkualiti-tinggi-untuk-kulit-sihat/1729531780822697760
2632,span foundation fycy  lembutt,MY,tysha771,0.0,0,0.0,10.00,MYR,makeup foundation,https://shop.tiktok.com/my/pdp/span-foundation-fycy-lebutt-untuk-kulit-sempurna-dan-tahan-lama/1732085053521036473
2633,B&P FOUNDATION face skincare cosmetics care concealer foundation makeup,MY,J&J6625,0.0,0,0.0,24.00,MYR,makeup foundation,https://shop.tiktok.com/my/pdp/b-p-foundation-concealer-foundation-makeup-untuk-kulit-sihat/1731545491591497362
2634,foundation,MY,..MuzZatie..,0.0,0,0.0,78.00,MYR,makeup foundation,https://shop.tiktok.com/my/pdp/foundation-untuk-wanita-mudah-digunakan-sesuai-wudhu/1729493838787085667
2635,PANNA LAB Tap Tap Cushion Foundation,MY,Pop Beauty Store,0.0,0,0.0,17.38,MYR,makeup foundation,https://shop.tiktok.com/my/pdp/1736829740661572924
2636,COVER STAY FOUNDATION BY EIMA SAFUAN,MY,BEAUTYLOOKS QLATE,0.0,0,0.0,59.80,MYR,makeup foundation,https://shop.tiktok.com/my/pdp/krim-foundation-eima-safuan-medium-coverage-satin-finish/1729611897628099761
2637,glass skin blusher,MY,Kedaikosmetikbehrang,0.0,0,0.0,21.80,MYR,glass skin,https://shop.tiktok.com/my/pdp/1729568022046542765
2638,YASUY Glass Skin Soap 70g.,MY,Vin'z Loh Wholesale Shop,0.0,0,0.0,22.00,MYR,glass skin,https://shop.tiktok.com/my/pdp/sabun-kulit-kaca-yasuy-70g-pencerah-pelembap-micropeeling/1732929655082747314
2639,glass skin magic blush duchess,MY,AkahBeauty,0.0,0,0.0,21.80,MYR,glass skin,https://shop.tiktok.com/my/pdp/krim-blush-magis-kaca-kulit-duchessa-untuk-warna-merah-jambu/1729451434793601107
2640,SKINELLE SET PINK BTS KOREAN Skincare,MY,MiszLeya Store,0.0,0,0.0,286.00,MYR,korean skincare,https://shop.tiktok.com/my/pdp/set-skinelle-bts-korea-kulit-cerah-pori-kecil-minyak-berkurang/1729548471045621595
2641,Malaysia stock kimchi cream  Skincare,MY,Noung Lin,0.0,0,0.0,51.76,MYR,korean skincare,https://shop.tiktok.com/my/pdp/krim-kimchi-malaysia-untuk-kulit-sihat-cerah-krim-wajah-harian/1729749354785375378
2642,SERUM BTS KOREAN FLOWER *glowing skin,MY,MiszLeya Store,0.0,0,0.0,183.00,MYR,korean skincare,https://shop.tiktok.com/my/pdp/serum-bts-korean-flower-glowing-pinkish-skin-sejuk-merawat-parut-tahan-4-6-bulan/1729577368357276507
2643,"[Original Hq] Bee Venom Skincare – Formula Premium Dengan Ekstrak Bisa Lebah Asli, Bantu Tegang, Cerah & Glowing Kulit Tanpa Kesan Berminyak",MY,SIB ONLINE,0.0,0,0.0,65.00,MYR,vegan skincare,https://shop.tiktok.com/my/pdp/bee-venom-skincare-formula-premium-tanpa-minyak-cerah/1732307946844161715
2644,【ready stock】  I'm From Rice Cream Vegan 50g Skin Moisturizing Barrier Dry Care Sebum Care Soft application Strong moisturizing effect,MY,I'm from Online Store MY.,0.0,0,0.0,58.00,MYR,vegan skincare,https://shop.tiktok.com/my/pdp/krim-muka-beras-vegan-50g-melembapkan-kawalan-minyak/1732212362394633331
2645,【Original】 I'm From Rice Cream Vegan 50g Skin Moisturizing Barrier Dry Care Sebum Care Soft application Strong moistu xrizing effect,MY,I'm from Online Store MY.,0.0,0,0.0,58.00,MYR,vegan skincare,https://shop.tiktok.com/my/pdp/krim-beras-vegan-50g-melembabkan-menjaga-kulit-kering/1732140586758210675
2646,【Original】 I'm From Rice Cream Vegan 50g Skin Moisturizing Barrier Dry Care Sebum Care Soft application Strong moistu xrizing effect,MY,I'm from Online Store MY.,0.0,0,0.0,58.00,MYR,vegan skincare,https://shop.tiktok.com/my/pdp/krim-nasi-im-from-vegan-50g-melembapkan-menjaga-keseimbangan-sebum-tona-kulit-cerah/1732149225427141747
2647,Vken Vface Ultimate Energy,MY,Tice Maryam,0.0,0,0.0,654.00,MYR,vegan skincare,https://shop.tiktok.com/my/pdp/vken-vface-ultimate-energy-menegangkan-muka-kebaikan-untuk-sakit/1729553784847108164
2648,【free shipping】 I'm From Rice Cream Vegan 50g Skin Moisturizing Barrier Dry Care Sebum Care Soft application Strong moistu xrizing effect,MY,I'm from Online Store MY.,0.0,0,0.0,58.00,MYR,vegan skincare,https://shop.tiktok.com/my/pdp/krim-beras-im-from-50g-penjagaan-kulit-vegan-kesan-lembapan-kuat/1732149259189978227
2649,Suiskin Vegen Toner Cream Powder Wash Cleansing Balm Ampoule Sunscreen Sun Cream Femnine Wash Calming Herb Mask,MY,Mehe Life Store,0.0,0,0.0,33.70,MYR,vegan skincare,https://shop.tiktok.com/my/pdp/suiskin-vegen-toner-feminine-wash-calming-herb-mask-spf50/1729577172875838517
2650,【free shipping】 I'm From Rice Cream Vegan 50g Skin Moisturizing Barrier Dry Care Sebum Care Soft application Strong moistu xrizing effect,MY,I'm from Online Store MY.,0.0,0,0.0,58.00,MYR,vegan skincare,https://shop.tiktok.com/my/pdp/krim-beras-vegan-50g-melembapkan-menjaga-kulit-kering/1732140579851568243
2651,【cod】 I'm From Rice Cream Vegan 50g Skin Moisturizing Barrier Dry Care Sebum Care Soft application Strong moistu xrizing effect,MY,I'm from Online Store MY.,0.0,0,0.0,58.00,MYR,vegan skincare,https://shop.tiktok.com/my/pdp/krim-beras-vegan-50g-melembabkan-menjaga-kulit-kering/1732149209930630259
2652,【Buy One Take One Free】I'm From Rice Cream Vegan 50g Skin Moisturizing Barrier Dry Care Sebum Care Soft application Strong moisturizing effect,MY,I'm from Online Store MY.,0.0,0,0.0,63.00,MYR,vegan skincare,https://shop.tiktok.com/my/pdp/krim-beras-vegan-50g-untuk-kulit-kering-minyak-tinggi/1732212473299764339
2653,FV30 for Skincare biochemic and natural,MY,hanamessa,0.0,0,0.0,53.00,MYR,vegan skincare,https://shop.tiktok.com/my/pdp/krim-muka-bio-chemikal-semula-jadi-untuk-kulit-sihat-cerah/1729551311658779676
2654,【Buy 1 Get 1】I'm From Rice Cream Vegan 50g Skin Moisturizing Barrier Dry Care Sebum Care Soft application Strong moisturizing effect,MY,I'm from Online Store MY.,0.0,0,0.0,63.00,MYR,vegan skincare,https://shop.tiktok.com/my/pdp/krim-beras-vegan-50g-untuk-kulit-kering-berminyak/1732212473256051827
2655,new fresh and white beauty cream,MY,BIG BIG FLASH SALE,0.0,0,0.0,13.00,MYR,clean beauty,https://shop.tiktok.com/my/pdp/krim-kecantikan-baru-segar-dan-putih-untuk-kulit-sihat/1731011972741170959
2656,JAJAN  PAPAN MENCUCI DENGAN CEPAT.,MY,Cyah Beauty,0.0,0,0.0,16.00,MYR,clean beauty,https://shop.tiktok.com/my/pdp/jajan-paparan-mencuci-usus-cepat-untuk-kesejahteraan-anda/1732498599471253240
2657,BIOBALANCE HELLO CLEAN CLEANSING BALM WITH PURE VITAMIN C (100ml) by Chinies [ MAKEUP BALM / BALM REMOVER ],MY,Chinie's,0.0,0,0.0,90.50,MYR,clean beauty,https://shop.tiktok.com/my/pdp/balsam-pembersih-biobalance-dengan-vitamin-c-murni-100ml/1729479819496162325
2658,PINK BY PURE BEAUTY Glow On Cleansing Cream 125ml,MY,Wasabi Empire,0.0,0,0.0,47.80,MYR,clean beauty,https://shop.tiktok.com/my/pdp/pink-by-pure-beauty-pembersih-wajah-glow-on-125ml-made-in-korea-edisi-terhad-pusheen/1730981392798222043
2659,NEW Glow & Clean Whitening Face Wash,MY,ASN beauty cosmetics,0.0,0,0.0,21.50,MYR,clean beauty,https://shop.tiktok.com/my/pdp/new-glow-clean-whitening-face-wash-harga-penukaran-termurah/1731507131364377801
2660,Glow And Clean Skin Polish Ultra White Face,MY,Veloura Beauty,0.0,0,0.0,73.64,MYR,clean beauty,https://shop.tiktok.com/my/pdp/pembersih-kulit-glowing-pencerah-wajah-dengan-krim-alumunium-oxide/1729637874687576728
2661,CLEANSING BALM,MY,ITAA BEAUTY SHOP,0.0,0,0.0,22.00,MYR,clean beauty,https://shop.tiktok.com/my/pdp/obsess-balm-pembersih-wajah-melegakan-jerawat-kulit-bersih/1729449001246165504
2662,"🍓[Hoygi Minyak Penjagaan Selepas Cukur Rasa Strawberi]✨ Melembapkan, Melegakan & Menyegarkan Kulit Selepas Cukur #Minyak Selepas Cukur #Penjagaan kulit #Melembapkan Kulit #Kulit Licin #TikTokShopMY. #HoygiMY. # Bulu # Foam # Shaving",MY,GlowMild shop-NO.2,0.0,0,0.0,19.69,MYR,post procedure skincare,https://shop.tiktok.com/my/pdp/hoygi-minyak-penjagaan-selepas-cukur-rasa-strawberi-melembapkan-segarkan-kulit/1732173743971075084
2663,"[9.9 SPECIAL] Post-Acne Recovery Set, KDC EXO + LUMEA",MY,Dr. Ko Skin Specialist,0.0,0,0.0,757.00,MYR,post procedure skincare,https://shop.tiktok.com/my/pdp/set-pulih-jerawat-kdc-exo-lumea-kulit-lebih-cerah/1737321237420803755
2664,"Krim Penjagaan Selepas Tatu, 15g / Kotak, Pemulihan Penyembuhan Kulit, Gel Penyembuhan Pantas, Untuk Tatu Solekan Kekal, Penjagaan dan Pembaikan, Sesuai untuk Jururawat Tatu, ws012",MY,IOIOVIP,0.0,0,0.0,36.87,MYR,post procedure skincare,https://shop.tiktok.com/my/pdp/krim-penjagaan-selepas-tatu-15g-pemulihan-keselamatan/1731024951013246154
2665,"Krim Penjagaan Selepas Tatu, 15g / Kotak, Pemulihan Penyembuhan Kulit, Gel Penyembuhan Pantas, Untuk Tatu Solekan Kekal, Penjagaan dan Pembaikan, Sesuai untuk Jururawat Tatu, ws012",MY,TOTOVIP,0.0,0,0.0,36.00,MYR,post procedure skincare,https://shop.tiktok.com/my/pdp/krim-penjagaan-selepas-tatu-pemulihan-kulit-pantas-tiada-parut-bahan-semulajadi/1730907216632775811
2666,"Krim Selepas Perubatan Tatu, Bahan Herbal, Krim Penyingkiran, Krim Pembersihan, Penyembuhan Pantas, Losyen Pelembap, Penjagaan Selepas Tatu, Sesuai untuk Badan, w012",MY,TOTOVIP,0.0,0,0.0,33.86,MYR,post procedure skincare,https://shop.tiktok.com/my/pdp/krim-penjagaan-tatu-dengan-bahan-semula-jadi-selamat/1730920946168661123
2667,[Off-The-Shelf Supply]South Moon Skin Repairing Cream Women'S Postpartum Moisturizing Body Treatment Cream 30g,MY,Seszzar,0.0,0,0.0,22.60,MYR,post procedure skincare,https://shop.tiktok.com/my/pdp/krim-pemulihan-kulit-pasca-peluh-wanita-south-moon-30g/1732557690410534444
2668,"[SPJ] Dr.Herina Kolagen Melembap | Sesuai untuk Kulit Sensitif, Pasca Pembedahan, Jerawat & Rawatan Kecantikan Perubatan – Kompres Sejuk",MY,Super Jimat,0.0,0,0.0,110.00,MYR,post procedure skincare,https://shop.tiktok.com/my/pdp/kompres-sejuk-melembap-kolagen-dr-herina-kulit-sensitif/1730970604899960247
2669,"🩹[Hot Item]EELHOE Patch Silikon Penjagaan Parut Tampalan Parut Silikon – Penjagaan Selepas Bersalin / Pembedahan / Luka, Warna Tona Kulit Semula Jadi #Tampalan Scrap #Silikon Parut #Penjagaan kulit #Penjagaan Parut # scar # tissue # olive # skin",MY,GlowMild shop-NO.2,0.0,0,0.0,22.34,MYR,post procedure skincare,https://shop.tiktok.com/my/pdp/patch-silikon-penjagaan-parut-setelah-bersalin-pembedahan/1732141984243614732
2670,Mak Kuntum SET PENGURUSAN URI basuh cuci lepas bersalin,MY,widyashoppe,0.0,0,0.0,15.86,MYR,post procedure skincare,https://shop.tiktok.com/my/pdp/set-pengurusan-uri-mak-kuntum-lengkap-dan-mudah-digunakan/1730337850252559611
2671,"【COD】Dr.ZeRong Krim Penjagaan Kulit 20g - Untuk Kawasan Parut, Stretch Marks, Kulit Kering & Penjagaan Selepas Bersalin",MY,ZenNutra,0.0,0,0.0,10.40,MYR,post procedure skincare,https://shop.tiktok.com/my/pdp/1737131146647995561
2672,"Krim Selepas Penjagaan Tatu, Krim Pembersihan dan Herba, Penjagaan Selepas Tatu, Alamiah, Mencegah Percambahan, Krim Pemulihan Kulit, Sesuai untuk Badan Selepas Tatu, w012",MY,TOTOVIP,0.0,0,0.0,31.30,MYR,post procedure skincare,https://shop.tiktok.com/my/pdp/krim-pembaikan-tatu-pemulihan-kulit-semulajadi-menyegarkan-tatu/1730920935749878915
2673,BERT & BERT REPAIR SOOTHING POST SHAVE BALM 100ML,MY,BIG Pharmacy,0.0,0,0.0,44.69,MYR,post procedure skincare,https://shop.tiktok.com/my/pdp/1736537668232971868
2674,"Krim Penjagaan Selepas Tatu, 15g / Kotak, Pemulihan Penyembuhan Kulit, Salap Pembaikan Kejururawatan Tatu, Penyembuhan Pantas, ws012",MY,TOTOVIP,0.0,0,0.0,34.75,MYR,post procedure skincare,https://shop.tiktok.com/my/pdp/krim-penjagaan-selepas-tatu-15g-pemulihan-kulit-pantas-mencegah-hiperplasia-parut/1730907216831808643
2675,"Krim Penjagaan Selepas Tatu, 15g / Kotak, Pemulihan Penyembuhan Kulit, Salap Pembaikan Kejururawatan Tatu, Penyembuhan Pantas, ws012",MY,TOTOVIP,0.0,0,0.0,30.40,MYR,post procedure skincare,https://shop.tiktok.com/my/pdp/krim-penjagaan-selepas-tatu-15g-pemulihan-keselamatan/1730832035472573571
2676,[ Beautyvault ] READY STOCK | Topicals - Post-Acne Kit,MY,BeautyVault MY,0.0,0,0.0,302.00,MYR,post procedure skincare,https://shop.tiktok.com/my/pdp/topikal-pasciitisakn-set-penyembuhan-pengangkusan/1729545461847262339
2677,"Krim Penjagaan Selepas Tatu, Losyen Penjagaan, Anti Parut, Salap Vitamin, Gel Pembaikan, Salap Kejururawatan, Anti Parut Tatu, ws012",MY,TOTOVIP,0.0,0,0.0,37.80,MYR,post procedure skincare,https://shop.tiktok.com/my/pdp/krim-penjagaan-selepas-tatu-anti-parut-penyembuhan-cepat-bahan-semulajadi/1730907254004417667
