序号,类目,帖子ID,帖子标题,评论用户(匿名),评论原文,日期,点赞数,是否回复,标记
1,眼部护理,6926ace0000000001d03d197,30岁，0医美，关于眼下护肤的一点心得,u_641fe81dfd,很牛了！！！顺便给评论区的姐妹避个雷，不要碰不要碰不要碰含a醇的眼霜，人生会变得不幸。,2025-11-27湖南,576,,
2,眼部护理,6926ace0000000001d03d197,30岁，0医美，关于眼下护肤的一点心得,u_afc632d456,年龄只是数字，初衷只是分享。不要去“攀比”30岁应该是什么眼部状态了，这没有意义，每个人的先天条件和后天境遇都不一样，不能统一而论，不要把眼界困在区区年龄数字上，这两个数字于我而言只是客观陈述，但数字无法代表任何。您觉得有用就点个赞，觉得我在胡说也可以拉黑我，都无所谓的。我的初衷只是分享给有需要的有缘人看。我知道如果“拱火”会让这篇帖子获得更多流量，但我不喜欢女性之间互相攀比伤害的氛围。如果有评论我看到觉得不舒服我会删掉，因为我其实很敏感，我也不是圣人,2025-11-27浙江,289,,
3,眼部护理,6926ace0000000001d03d197,30岁，0医美，关于眼下护肤的一点心得,u_afc632d456,哈哈我也不碰a醇！而且本人现在成分洁癖，酒精香精都是能不碰就不碰。但我不敢说a醇，解释成本太高,2025-11-27浙江,233,是,回复
4,眼部护理,6926ace0000000001d03d197,30岁，0医美，关于眼下护肤的一点心得,u_afc632d456,哈哈关于黑眼圈我也可有话说了！其实我从小学三四年级就有黑眼圈且常年不散（因为熬夜写作业），后来20多岁的时候才发现用蒸汽眼罩特别管用，就算熬夜也能冲淡的那种管用，但是年纪再上来一点之后蒸汽眼罩也没用了，只有早点睡觉可解。早睡真的太重要了！不计代价11点前睡，不到一个月就能养回来[亲一个R],2025-11-26浙江,163,是,回复
5,眼部护理,6926ace0000000001d03d197,30岁，0医美，关于眼下护肤的一点心得,u_afc632d456,我的老天奶啊我求你别熬夜了,03-16浙江,81,是,回复
6,眼部护理,6926ace0000000001d03d197,30岁，0医美，关于眼下护肤的一点心得,u_37f3d5ebe3,你这眼睛一看就不熬夜，黑眼圈都没有,2025-11-26广西,39,,
7,眼部护理,6926ace0000000001d03d197,30岁，0医美，关于眼下护肤的一点心得,u_7aa5fddab6,棒棒哒！,2025-11-28河南,24,是,回复
8,眼部护理,6926ace0000000001d03d197,30岁，0医美，关于眼下护肤的一点心得,u_1aeee8d055,很羡慕博主了，才19岁眼部状态就这样子了,03-16安徽,19,,
9,眼部护理,6926ace0000000001d03d197,30岁，0医美，关于眼下护肤的一点心得,u_afc632d456,每次想揉就告诉自己会变丑[嘻嘻R]你可以排查一下自己是否有过敏，像我有猫毛和各种毛皮屑尘螨过敏，滴了眼药水就不会总是想揉了[亲一个R],2025-11-26浙江,4,是,回复
10,眼部护理,6926ace0000000001d03d197,30岁，0医美，关于眼下护肤的一点心得,u_06c56a8994,擦眼霜容易长脂肪粒怎么办,2025-11-28贵州,3,,
11,眼部护理,6926ace0000000001d03d197,30岁，0医美，关于眼下护肤的一点心得,u_67282c36db,把所有帖子都看完了，主包护肤指南里说的成分对我来说太难了，不知道怎么选产品，希望后续能推荐,2025-12-22安徽,3,,
12,眼部护理,6926ace0000000001d03d197,30岁，0医美，关于眼下护肤的一点心得,u_a42e477362,我特别爱揉眼睛 完犊子了已经揉出纹了,2025-11-26广东,3,,
13,眼部护理,6926ace0000000001d03d197,30岁，0医美，关于眼下护肤的一点心得,u_0c854223a5,主包是凡士林眼霜吗,2025-12-30广东,2,,
14,眼部护理,6926ace0000000001d03d197,30岁，0医美，关于眼下护肤的一点心得,u_afc632d456,我在评论区有发图片噢 你翻翻,2025-12-30云南,2,是,回复
15,眼部护理,6926ace0000000001d03d197,30岁，0医美，关于眼下护肤的一点心得,u_06c56a8994,姐妹分享一下眼霜,2025-11-28中国台湾,2,,
16,眼部护理,6926ace0000000001d03d197,30岁，0医美，关于眼下护肤的一点心得,u_c92c87eab1,我最近也是买了个眼霜，涂了长脂肪粒,2025-11-28广东,1,是,回复
17,眼部护理,6926ace0000000001d03d197,30岁，0医美，关于眼下护肤的一点心得,u_20006d07fa,姐姐画完妆这这样也是干的吗,2025-12-16江苏,1,,
18,眼部护理,6926ace0000000001d03d197,30岁，0医美，关于眼下护肤的一点心得,u_afc632d456,好哦[亲一个R],2025-12-22浙江,0,是,回复
19,眼部护理,6926ace0000000001d03d197,30岁，0医美，关于眼下护肤的一点心得,u_c8070d93c7,蹲哈哈哈哈,2025-11-29浙江,0,是,回复
20,眼部护理,6926ace0000000001d03d197,30岁，0医美，关于眼下护肤的一点心得,u_afc632d456,我觉得还好 有一点点干但不严重，出点油妆效会更好看！妆前做好补水应该会更服帖,2025-12-18浙江,0,是,回复
21,眼部护理,6937efb0000000001b0202ad,错误涂眼霜=垮眼|38岁0眼纹正确涂眼霜分享,u_e8bc66e87a,好神奇，为什么博主都这么紧致了，但是还是能看出实际年龄,2025-12-15广东,371,,
22,眼部护理,6937efb0000000001b0202ad,错误涂眼霜=垮眼|38岁0眼纹正确涂眼霜分享,u_1b3ef21774,眼神。,2025-12-17北京,161,是,回复
23,眼部护理,6937efb0000000001b0202ad,错误涂眼霜=垮眼|38岁0眼纹正确涂眼霜分享,u_cea1c46875,这种涂法早八人搞不来,2025-12-23广西,135,,
24,眼部护理,6937efb0000000001b0202ad,错误涂眼霜=垮眼|38岁0眼纹正确涂眼霜分享,u_fd11b26870,你不会晚上涂吗姐妹,03-12浙江,22,是,回复
25,眼部护理,6937efb0000000001b0202ad,错误涂眼霜=垮眼|38岁0眼纹正确涂眼霜分享,u_29f42f92d4,感觉不是很专业。提拉为什么一会从外往里提拉，一会又从里往外提拉,01-05广东,18,,
26,眼部护理,6937efb0000000001b0202ad,错误涂眼霜=垮眼|38岁0眼纹正确涂眼霜分享,u_63110f0bb2,这个方法太有效果了，试了两次明显的不行,05-04云南,11,,
27,眼部护理,6937efb0000000001b0202ad,错误涂眼霜=垮眼|38岁0眼纹正确涂眼霜分享,u_acc89887ba,泪沟怎么办,2025-12-14加拿大,11,,
28,眼部护理,6937efb0000000001b0202ad,错误涂眼霜=垮眼|38岁0眼纹正确涂眼霜分享,u_2b40f665c6,过来人告诉你，眼霜只能维稳，有了泪沟只能上医美,2025-12-16重庆,10,是,回复
29,眼部护理,6937efb0000000001b0202ad,错误涂眼霜=垮眼|38岁0眼纹正确涂眼霜分享,u_30dc0f055c,这样天天拉扯，感觉纹都被拉出来了,07-05广东,10,,
30,眼部护理,6937efb0000000001b0202ad,错误涂眼霜=垮眼|38岁0眼纹正确涂眼霜分享,u_b8e3a5f399,这个方法完全错误，会很严重。相信我,08-01广东,6,,
31,眼部护理,6937efb0000000001b0202ad,错误涂眼霜=垮眼|38岁0眼纹正确涂眼霜分享,u_60bb18bab4,我也觉得很有效果啊，手法轻一点就行了,08-02贵州,3,是,回复
32,眼部护理,6937efb0000000001b0202ad,错误涂眼霜=垮眼|38岁0眼纹正确涂眼霜分享,u_2f37485a92,用眼霜长脂肪粒怎么办？,05-13四川,2,,
33,眼部护理,6937efb0000000001b0202ad,错误涂眼霜=垮眼|38岁0眼纹正确涂眼霜分享,u_9d9a9e6b5b,妈呀，这是涂个眼霜要这么多步看着就累,08-09广东,2,,
34,眼部护理,6937efb0000000001b0202ad,错误涂眼霜=垮眼|38岁0眼纹正确涂眼霜分享,u_9c118c507e,哪一款好用啊,06-05湖南,1,,
35,眼部护理,6937efb0000000001b0202ad,错误涂眼霜=垮眼|38岁0眼纹正确涂眼霜分享,u_e7aea39eba,哥们，你空口无凭就来说白话,08-08山东,0,是,回复
36,眼部护理,6937efb0000000001b0202ad,错误涂眼霜=垮眼|38岁0眼纹正确涂眼霜分享,u_d2c0b3ef6f,涂厚了，或者你不吸收,05-14广东,0,是,回复
37,眼部护理,6937efb0000000001b0202ad,错误涂眼霜=垮眼|38岁0眼纹正确涂眼霜分享,u_206ba33074,宝眼周状态还不错的话我觉得兰蔻小黑瓶就够，细纹还会卡粉的话可以雅诗兰黛小棕瓶 我最近坚持小棕瓶用了俩月 宝可以帮忙看下笔记,06-19浙江,0,是,回复
38,眼部护理,696a2a96000000000a03ec78,23岁的眼纹😭😭,u_cc2fc11629,大家不要焦虑哈，这是正常现象，平时多补水，少熬夜就好了，评论区里的广告自己鉴别一下，我目前还没有用到能够祛皱纹的产品,03-23广东,81,,
39,眼部护理,696a2a96000000000a03ec78,23岁的眼纹😭😭,u_ea41cf2ddc,谁敢信我才20岁这黑眼圈还有救吗,01-20江苏,53,,
40,眼部护理,696a2a96000000000a03ec78,23岁的眼纹😭😭,u_cc2fc11629,天天熬夜吗？,01-20广东,21,是,回复
41,眼部护理,696a2a96000000000a03ec78,23岁的眼纹😭😭,u_eb2a68a793,这样子吗[抽泣R]我也是好担心的,04-04广东,13,是,回复
42,眼部护理,696a2a96000000000a03ec78,23岁的眼纹😭😭,u_96dda14b8a,化妆画卧蚕容易长皱纹,01-22浙江,9,是,回复
43,眼部护理,696a2a96000000000a03ec78,23岁的眼纹😭😭,u_10ee1e698d,我也有，看了评论区感觉我眼下纹挺重的，我才20，每次p图都要把眼下两条纹p了,01-24广东,7,,
44,眼部护理,696a2a96000000000a03ec78,23岁的眼纹😭😭,u_23fd0a1ddf,早睡眼部做好保湿，已形成的纹路如果是干性纹坚持用好点的眼霜会有效果，衰老型的就只有上科技了，不过博主年纪不大不太可能是衰老型。另外，有的眼型就是更容易形成眼纹，朋友还没成年的侄女就有，感觉不必太过焦虑。,01-23广东,4,,
45,眼部护理,696a2a96000000000a03ec78,23岁的眼纹😭😭,u_63f0b83ec8,没事我也是这样子。以前很在乎，现在无所谓,01-24云南,3,,
46,眼部护理,696a2a96000000000a03ec78,23岁的眼纹😭😭,u_98c6f4849b,我也我还有法令纹上妆还会卡纹,01-17广东,3,,
47,眼部护理,696a2a96000000000a03ec78,23岁的眼纹😭😭,u_2ab8dfadfb,我这个更严重,01-22河南,2,,
48,眼部护理,696a2a96000000000a03ec78,23岁的眼纹😭😭,u_cc2fc11629,我也是,01-17广东,2,是,回复
49,眼部护理,696a2a96000000000a03ec78,23岁的眼纹😭😭,u_ea74016268,我俩差不多 可能你也是在广东晒的吧,01-21安徽,1,,
50,眼部护理,696a2a96000000000a03ec78,23岁的眼纹😭😭,u_b696ea51fe,我马上30了，也是这样，好焦虑还以为是自己不注重保养才这样，看了评论这种情况还不少,01-23重庆,1,,
51,眼部护理,696a2a96000000000a03ec78,23岁的眼纹😭😭,u_16647de9af,我和你一样重,01-24福建,1,是,回复
52,眼部护理,696a2a96000000000a03ec78,23岁的眼纹😭😭,u_cc2fc11629,好的，谢谢你,01-23广东,0,是,回复
53,眼部护理,696a2a96000000000a03ec78,23岁的眼纹😭😭,u_cc2fc11629,要防晒了,01-21广东,0,是,回复
54,眼部护理,696a2a96000000000a03ec78,23岁的眼纹😭😭,u_cc2fc11629,是的哈哈哈，不要焦虑,01-23广东,0,是,回复
55,眼部护理,696a2a96000000000a03ec78,23岁的眼纹😭😭,u_cc2fc11629,我现在也无所谓了,01-24广东,0,是,回复
56,眼部护理,696a2a96000000000a03ec78,23岁的眼纹😭😭,u_280c77e6ee,我也是一样，做过医美都不行,01-17广西,0,,
57,眼部护理,696a2a96000000000a03ec78,23岁的眼纹😭😭,u_cc2fc11629,真的吗？医美都没有用？,01-17广东,0,是,回复
58,眼部护理,697af018000000002103fada,年度盘点！12款超热门眼油！无广红黑榜盘点,u_e11a7e8585,这么多年我用眼霜没啥用，眼油和眼膜有点效果,01-30陕西,9,是,回复
59,眼部护理,697af018000000002103fada,年度盘点！12款超热门眼油！无广红黑榜盘点,u_fc348a0a0b,两个宝宝,01-29新疆,7,,
60,眼部护理,697af018000000002103fada,年度盘点！12款超热门眼油！无广红黑榜盘点,u_fc348a0a0b,同款,01-29新疆,6,是,"低信息,回复"
61,眼部护理,697af018000000002103fada,年度盘点！12款超热门眼油！无广红黑榜盘点,u_fc348a0a0b,眼油的油脂分子量更小 用的油会贵一些。面油不太考虑分子量。,01-29新疆,6,是,回复
62,眼部护理,697af018000000002103fada,年度盘点！12款超热门眼油！无广红黑榜盘点,u_29244892dd,已经用眼油代替眼霜了吗？我居然没听过真的孤陋寡闻,01-29四川,4,,
63,眼部护理,697af018000000002103fada,年度盘点！12款超热门眼油！无广红黑榜盘点,u_08c48f3652,不懂就问，用眼油会不会起脂肪粒的哇？,02-03广东,4,,
64,眼部护理,697af018000000002103fada,年度盘点！12款超热门眼油！无广红黑榜盘点,u_59a917e8bf,那么问题来了，眼油和面油的区别是什么？眼油是不是商家为了提高单价发明的种类？,01-29四川,4,,
65,眼部护理,697af018000000002103fada,年度盘点！12款超热门眼油！无广红黑榜盘点,u_41a33cacf8,阿芙沉淀太严重了,01-30广东,3,,
66,眼部护理,697af018000000002103fada,年度盘点！12款超热门眼油！无广红黑榜盘点,u_b565f58cc1,蹲蹲！刚买了馥郁满铺家的眼油,01-30甘肃,3,,
67,眼部护理,697af018000000002103fada,年度盘点！12款超热门眼油！无广红黑榜盘点,u_fcfcd923b2,我用阿芙好像是会这样的。。。,02-04北京,1,是,回复
68,眼部护理,697af018000000002103fada,年度盘点！12款超热门眼油！无广红黑榜盘点,u_30bf60045c,我也买了这家的，求博主分析一下这款,01-31福建,1,是,回复
69,眼部护理,697af018000000002103fada,年度盘点！12款超热门眼油！无广红黑榜盘点,u_180c826b4c,天露芬那个绿色的不是眼油,01-30安徽,1,,
70,眼部护理,697af018000000002103fada,年度盘点！12款超热门眼油！无广红黑榜盘点,u_9c744dbc4f,那为什么一开始说干不了黑眼圈，然后后面又说他加了黑眼圈的料？,08-09广东,1,,
71,眼部护理,697af018000000002103fada,年度盘点！12款超热门眼油！无广红黑榜盘点,u_33e4691826,啥意思,02-02湖南,0,是,回复
72,眼部护理,697af018000000002103fada,年度盘点！12款超热门眼油！无广红黑榜盘点,u_7e96975347,用眼油好多年了只用过蜜薇特，用了至少十多支了,01-29甘肃,0,,
73,眼部护理,697af018000000002103fada,年度盘点！12款超热门眼油！无广红黑榜盘点,u_037421b963,效果咋样呀，姐妹,02-05江苏,0,是,回复
74,眼部护理,697af018000000002103fada,年度盘点！12款超热门眼油！无广红黑榜盘点,u_fc348a0a0b,我拿错了。,01-30新疆,0,是,回复
75,眼部护理,697af018000000002103fada,年度盘点！12款超热门眼油！无广红黑榜盘点,u_e56b585012,天露芬的眼油怎么样,01-29广东,0,,
76,眼部护理,697af018000000002103fada,年度盘点！12款超热门眼油！无广红黑榜盘点,u_fc348a0a0b,下期,01-29新疆,0,是,"低信息,回复"
77,眼部护理,699ebf83000000002602c734,才25岁，眼周的细纹怎么才能减少啊啊啊,u_206ba33074,很正常哦，我25岁开始也是。小时候听高圆圆一个广告说25岁开始衰老，现在看来是真的,02-25江苏,364,,
78,眼部护理,699ebf83000000002602c734,才25岁，眼周的细纹怎么才能减少啊啊啊,u_4154c046d0,太难过了，这对爱笑的人来说伤害太大了,02-25江苏,248,是,回复
79,眼部护理,699ebf83000000002602c734,才25岁，眼周的细纹怎么才能减少啊啊啊,u_443ea26fdc,用眼霜（不管你是什么眼霜用起来）然后加上油，加上保鲜膜，脸部的，很便宜，所有护肤结束后就用脸部保鲜膜，半个月你就会好很多，用油，多用面霜，敷起来,02-27广东,233,,
80,眼部护理,699ebf83000000002602c734,才25岁，眼周的细纹怎么才能减少啊啊啊,u_49f834eb69,你这个感觉像是干的，太干巴了出现的。用一个大牌一点的眼霜，晚上擦多一点，敷个眼膜。赶快搞起来，感觉25还年轻，能救的回来,02-27山东,96,,
81,眼部护理,699ebf83000000002602c734,才25岁，眼周的细纹怎么才能减少啊啊啊,u_206ba33074,黑绷带挺有效果的，买袋装的，少笑，不要侧睡,02-27广东,67,,
82,眼部护理,699ebf83000000002602c734,才25岁，眼周的细纹怎么才能减少啊啊啊,u_4154c046d0,保鲜膜护在脸上不会难受吗,02-28江苏,50,是,回复
83,眼部护理,699ebf83000000002602c734,才25岁，眼周的细纹怎么才能减少啊啊啊,u_4154c046d0,听进去了，我也经常侧睡，以后尽量平躺着,02-27江苏,48,是,回复
84,眼部护理,699ebf83000000002602c734,才25岁，眼周的细纹怎么才能减少啊啊啊,u_eb0cb53c91,下面的纹可能是肌肉结构形成的，护肤品大概率去不掉。但眼角的纹可能是干的。整体皮肤看起来是干皮。我也不是专业的，但从我自身护肤的角度来说，一个是早睡、抗糖（虽然我做不到），二个是使用去纹的眼霜，对我来说最有用的就是视黄醇。怡丽丝尔、资生堂的我用过，有用，肤感也还可以，慕拉得的A醛眼霜像一坨干噎酸奶，不好涂。安娜柏林的没啥用。使用护肤品的时候要配合按摩手法，最简单的就是顺着纹路的方向涂。比如眼角的干纹是横向的，那你涂的时候就用中指按住眼角，无名指横向涂抹。我鼻子上形成的干纹我就是每天这么涂变淡的。护肤不是医美，要坚持，见效慢。,03-07湖南,41,,
85,眼部护理,699ebf83000000002602c734,才25岁，眼周的细纹怎么才能减少啊啊啊,u_49f834eb69,你用的这个眼霜应该就可以吧，很好了，太贵的不舍的扣一大坨,02-27山东,21,是,回复
86,眼部护理,699ebf83000000002602c734,才25岁，眼周的细纹怎么才能减少啊啊啊,u_eb0cb53c91,对了，评论区有个姐妹说到A醇容易变干，这确实是的，很多油皮可以使用A醇控油。因为我也是大干皮，所以我会配合保湿的产品和油使用。你现在用的如果是CPB4D眼霜，是一款强保湿的眼霜，一定要用够量，护肤品不要舍不得用啦。可以搭配一个视黄醇或者胜肽眼精华使用，A醇主要是抗静态纹，胜肽抗动态纹。,03-07湖南,20,是,回复
87,眼部护理,699ebf83000000002602c734,才25岁，眼周的细纹怎么才能减少啊啊啊,u_6b1df8f95f,不要老是大笑，然后多涂眼霜，很多纹出来的早就是一做表情幅度太大了皮肤被扯着我平时很少大笑经常垮个脸人家觉得是不是不开心，笑一般也就扯一下嘴角这样笑，26也没长眼纹但爱熬夜黑眼圈很明显,03-06广东,15,,
88,眼部护理,699ebf83000000002602c734,才25岁，眼周的细纹怎么才能减少啊啊啊,u_688fff92c6,妹妹你还年轻，不要瞎做项目。我22岁也是有轻微法令纹，因为中国人面中发育不像欧美人那样，都会有面中凹陷的问题。不碍事。做好防晒保湿补水。别熬夜就行,03-10广东,11,,
89,眼部护理,699ebf83000000002602c734,才25岁，眼周的细纹怎么才能减少啊啊啊,u_206ba33074,多敷面膜，多敷眼膜，用眼霜眼油,02-26广西,7,,
90,眼部护理,699ebf83000000002602c734,才25岁，眼周的细纹怎么才能减少啊啊啊,u_4154c046d0,之前一直觉得敷面膜这些太麻烦了， 一年到头都敷不了几次，现在看来还是得精致起来,02-26江苏,7,是,回复
91,眼部护理,699ebf83000000002602c734,才25岁，眼周的细纹怎么才能减少啊啊啊,u_4f7e0323e3,我是黑眼圈很重,02-27上海,7,,
92,眼部护理,699ebf83000000002602c734,才25岁，眼周的细纹怎么才能减少啊啊啊,u_192e8c8b8b,我和你一样之前一直很焦虑用了很多大牌眼霜也没啥用看见你也这样我就放心了,02-28安徽,3,,
93,眼部护理,699ebf83000000002602c734,才25岁，眼周的细纹怎么才能减少啊啊啊,u_4154c046d0,你好美啊,03-06江苏,3,是,回复
94,眼部护理,699ebf83000000002602c734,才25岁，眼周的细纹怎么才能减少啊啊啊,u_453f050abf,这种不能笑一笑感觉很老一样,02-28广东,0,是,回复
95,眼部护理,699ebf83000000002602c734,才25岁，眼周的细纹怎么才能减少啊啊啊,u_4154c046d0,好的，听劝,03-11江苏,0,是,回复
96,眼部护理,699ebf83000000002602c734,才25岁，眼周的细纹怎么才能减少啊啊啊,u_4f7e0323e3,怎么没的啊,02-27上海,0,是,回复
97,眼部护理,69a67ba7000000001a02c245,眼霜涂错！再贵的眼霜也没用！,u_dd75d77ea6,完了我一直滑动擦,05-10上海,5,,
98,眼部护理,69a67ba7000000001a02c245,眼霜涂错！再贵的眼霜也没用！,u_f0bc2cd0ab,我也是这样,05-20江苏,1,是,回复
99,眼部护理,69a67ba7000000001a02c245,眼霜涂错！再贵的眼霜也没用！,u_e5a4601548,原来我一直涂错了！,03-06四川,1,,
100,眼部护理,69a67ba7000000001a02c245,眼霜涂错！再贵的眼霜也没用！,u_3d511179bd,我觉得长出来的皱纹消不掉用什么眼霜都没用,04-11贵州,1,,
101,眼部护理,69a67ba7000000001a02c245,眼霜涂错！再贵的眼霜也没用！,u_b4e624a1cd,这个什么眼袋,03-16广西,0,,
102,眼部护理,69a67ba7000000001a02c245,眼霜涂错！再贵的眼霜也没用！,u_880fc9a61d,讲的真好,04-21辽宁,0,,
103,眼部护理,69a67ba7000000001a02c245,眼霜涂错！再贵的眼霜也没用！,u_b7b9ff4e59,谢谢分享，学会了,03-16山东,0,,
104,眼部护理,69a67ba7000000001a02c245,眼霜涂错！再贵的眼霜也没用！,u_ee169563bb,眼油也可以这么用吗,03-09江苏,0,,
105,眼部护理,69a67ba7000000001a02c245,眼霜涂错！再贵的眼霜也没用！,u_b5af7fe2a2,谢谢分享,03-15安徽,0,,
106,眼部护理,69a67ba7000000001a02c245,眼霜涂错！再贵的眼霜也没用！,u_ebd7a4f0b4,感谢分享,03-11重庆,0,,
107,眼部护理,69ad8e3e000000001a0357c8,涂眼霜的正确方式｜都说没效果那是你没涂对,u_d7bb5acbe1,大晚上每隔两小时起来 这不得上闹铃吧,03-13四川,545,是,回复
108,眼部护理,69ad8e3e000000001a0357c8,涂眼霜的正确方式｜都说没效果那是你没涂对,u_2f18067127,这样涂全堆积在表层，皮肤负担太大，建议每隔两个小时起来补涂，多次少量才是王道。,03-13重庆,225,,
109,眼部护理,69ad8e3e000000001a0357c8,涂眼霜的正确方式｜都说没效果那是你没涂对,u_c80877b8c3,我只是针对我自身的情况分享我自己的使用方法，用的产品也在笔记里了，就是随便什么眼油➕资生堂盼丽风姿眼霜，别的眼霜别的肤质什么效果我不知道，行不行效果因人而异，我说什么或者评论区说什么也都是以自身为前提，大家自行判断，实践出真知。,03-14黑龙江,63,,
110,眼部护理,69ad8e3e000000001a0357c8,涂眼霜的正确方式｜都说没效果那是你没涂对,u_e8ea3f4a38,感觉有眼纹了以后怎么用都消不掉了，我眼油 眼霜 凡士林 乳液 乳霜 涂五层一点没淡化,03-13浙江,33,,
111,眼部护理,69ad8e3e000000001a0357c8,涂眼霜的正确方式｜都说没效果那是你没涂对,u_c80877b8c3,已经离不开了,03-13黑龙江,18,是,回复
112,眼部护理,69ad8e3e000000001a0357c8,涂眼霜的正确方式｜都说没效果那是你没涂对,u_197a462a3f,以前年轻的时候偶尔涂涂还涂的少，后面干脆懒得买反正眼霜也贵，40了眼睛周围皮肤越来越薄了，也开始每天先涂油再厚涂眼霜，博主是对的，一定要堆量，上了年纪眼睛周围只有干纹没有脂肪更别说长脂肪粒,03-14湖北,15,,
113,眼部护理,69ad8e3e000000001a0357c8,涂眼霜的正确方式｜都说没效果那是你没涂对,u_c80877b8c3,所以在有干纹的时候就要重视起来,03-13黑龙江,13,是,回复
114,眼部护理,69ad8e3e000000001a0357c8,涂眼霜的正确方式｜都说没效果那是你没涂对,u_c28129e2c8,这种是眼纹吧 是干性的还是怎么样的,06-07北京,8,是,回复
115,眼部护理,69ad8e3e000000001a0357c8,涂眼霜的正确方式｜都说没效果那是你没涂对,u_986a9e637f,眼油是真的好用,03-13湖北,8,,
116,眼部护理,69ad8e3e000000001a0357c8,涂眼霜的正确方式｜都说没效果那是你没涂对,u_024f094b74,导购说眼油没用，我也现在在用眼油。不知道要不要回购了。,03-12山东,8,,
117,眼部护理,69ad8e3e000000001a0357c8,涂眼霜的正确方式｜都说没效果那是你没涂对,u_c80877b8c3,我是这样,03-13黑龙江,8,是,回复
118,眼部护理,69ad8e3e000000001a0357c8,涂眼霜的正确方式｜都说没效果那是你没涂对,u_c80877b8c3,自己感受,03-12黑龙江,7,是,回复
119,眼部护理,69ad8e3e000000001a0357c8,涂眼霜的正确方式｜都说没效果那是你没涂对,u_2ef18377b3,我就是这一套 一模一样的 用眼油加盼丽风姿 我以为这个眼霜已经很少人用了 真的好用,06-17黑龙江,7,,
120,眼部护理,69ad8e3e000000001a0357c8,涂眼霜的正确方式｜都说没效果那是你没涂对,u_167c053fa0,意思说先涂油在涂霜吗？,03-13江苏,4,,
121,眼部护理,69ad8e3e000000001a0357c8,涂眼霜的正确方式｜都说没效果那是你没涂对,u_58e5ada13d,会不会吸收不了长脂肪粒，我就是干皮有眼纹细纹，买了同款眼霜好用是好用的，但一天下来还是干,03-13云南,4,,
122,眼部护理,69ad8e3e000000001a0357c8,涂眼霜的正确方式｜都说没效果那是你没涂对,u_c80877b8c3,只要不停产会一直用下去,06-17黑龙江,3,是,回复
123,眼部护理,69ad8e3e000000001a0357c8,涂眼霜的正确方式｜都说没效果那是你没涂对,u_c80877b8c3,自己试试不就知道了,03-13黑龙江,2,是,回复
124,眼部护理,69ad8e3e000000001a0357c8,涂眼霜的正确方式｜都说没效果那是你没涂对,u_e29e0db7e0,好扎心但是真实，上了年纪眼睛周围没有脂肪,09-17湖南,1,是,回复
125,眼部护理,69ad8e3e000000001a0357c8,涂眼霜的正确方式｜都说没效果那是你没涂对,u_160a652ecd,我用眼油，现在基本没啥细纹,08-11广东,0,,
126,眼部护理,69ad8e3e000000001a0357c8,涂眼霜的正确方式｜都说没效果那是你没涂对,u_5548cecc60,可以问下用的那款吗姐妹,09-09浙江,0,是,回复
127,眼部护理,69ae6dee000000002603fb59,露得清翻车 拥有了巨深眼纹一条,u_ba949c5f23,你就是角质堆积太厚了 然后a醇企图帮你更新皮肤，又因为你这个a太弱了所以更新不动。 合理用a醇抗老的顺序是，先停用破坏屏障的洗面奶（氨基酸洁面是第二刺激的，可以换比如fresh大豆洁面）然后用一两个月果酸水改善一下角质堆积（皮肤不会变薄只是变更健康了）然后再用a醇,03-09北京,465,,
128,眼部护理,69ae6dee000000002603fb59,露得清翻车 拥有了巨深眼纹一条,u_23a9934fcc,看了半天也没懂哪条纹,03-10广东,68,,
129,眼部护理,69ae6dee000000002603fb59,露得清翻车 拥有了巨深眼纹一条,u_e84f6f0b18,你不是长斑 而是底层的斑被代谢出来了 你需要等待它被剥脱 斑会越来越淡 不要焦虑,03-11四川,60,是,回复
130,眼部护理,69ae6dee000000002603fb59,露得清翻车 拥有了巨深眼纹一条,u_77b57b4725,谢谢 我恢复一下试试,03-09河北,38,是,回复
131,眼部护理,69ae6dee000000002603fb59,露得清翻车 拥有了巨深眼纹一条,u_d72c67fa36,如果觉得整体脸有变干瘪了的趋势的话，就是a醇用猛了加速代谢胶原蛋白，新生的还没跟上导致纹路出现。如果没有感觉脸上胶原有变化，那就是单纯脸干,03-09中国香港,25,,
132,眼部护理,69ae6dee000000002603fb59,露得清翻车 拥有了巨深眼纹一条,u_06c56a8994,不用太焦虑了你怼着皱纹拍我都找了一小会，正常社交距离根本看不到的,03-09广东,22,,
133,眼部护理,69ae6dee000000002603fb59,露得清翻车 拥有了巨深眼纹一条,u_cc5e92d502,A醇不是要避开唇周和眼周吗,03-10广东,19,,
134,眼部护理,69ae6dee000000002603fb59,露得清翻车 拥有了巨深眼纹一条,u_206ba33074,我之前也翻车了，而且比你这个明显，有四五条，持续了半个月，现在完全消失了，做表情也不会出现,03-10浙江,16,,
135,眼部护理,69ae6dee000000002603fb59,露得清翻车 拥有了巨深眼纹一条,u_e4648d34a9,一定要小心避开眼周 眼周皮肤太薄了 还有颧骨位置以及脖子 循序渐进的用 一直磨合不了的话就换其他产品吧,03-09广东,14,,
136,眼部护理,69ae6dee000000002603fb59,露得清翻车 拥有了巨深眼纹一条,u_206ba33074,每天厚涂很多次眼霜，一直保持湿润,03-10浙江,13,是,回复
137,眼部护理,69ae6dee000000002603fb59,露得清翻车 拥有了巨深眼纹一条,u_77b57b4725,其实是两条,03-10河北,10,是,回复
138,眼部护理,69ae6dee000000002603fb59,露得清翻车 拥有了巨深眼纹一条,u_77b57b4725,避开了 但是没洗手涂了眼油,03-10河北,6,是,回复
139,眼部护理,69ae6dee000000002603fb59,露得清翻车 拥有了巨深眼纹一条,u_77b57b4725,脸部其实没有问题 只有眼周翻车了,03-09河北,3,是,回复
140,眼部护理,69ae6dee000000002603fb59,露得清翻车 拥有了巨深眼纹一条,u_6449a01be1,脸部不适可能是首次用量多了 先停用 多用点补水修复的精华或者水 敷面膜也尽量用成分简单的 白天做好防晒 如果后续还是想继续用 可以在皮肤不适消失之后 减少用量和使用频率 尽量用一个舒缓精华打底 然后a醇是要避开眼周用的我用蛮久了还真没长过眼纹 你试试停一段时间能不能消掉,03-09山西,2,,
141,眼部护理,69ae6dee000000002603fb59,露得清翻车 拥有了巨深眼纹一条,u_5441434622,我用这个长了好多斑，怎么办,03-11安徽,2,,
142,眼部护理,69ae6dee000000002603fb59,露得清翻车 拥有了巨深眼纹一条,u_77b57b4725,我长记性啦用朵梵的啥事没有 追求刺激一下玩大了,03-09河北,1,是,回复
143,眼部护理,69ae6dee000000002603fb59,露得清翻车 拥有了巨深眼纹一条,u_77b57b4725,谢谢安慰 这几天不照镜子心情就好多了,03-09河北,1,是,回复
144,眼部护理,69ae6dee000000002603fb59,露得清翻车 拥有了巨深眼纹一条,u_77b57b4725,谢谢！我等恢复好按你说的试试不过其实没有涂眼周 可能是我涂完脸部之后没擦手直接用手涂了眼油 没想到眼部皮肤这么脆弱,03-09河北,1,是,回复
145,眼部护理,69ae6dee000000002603fb59,露得清翻车 拥有了巨深眼纹一条,u_735b1c3a4b,我去年某眼霜不耐受干出纹了，刚开始不知道，换了好几款，都没有效果，后来买了个药膏纹淡了一点，但是还是消不掉啊,03-09湖北,1,,
146,眼部护理,69ae6dee000000002603fb59,露得清翻车 拥有了巨深眼纹一条,u_77b57b4725,求药膏姐妹,03-09河北,0,是,回复
147,眼部护理,6a3a402f000000001702cc08,正确涂眼霜后➡️10元眼霜用出500元效果‼️,u_bdd30ba95f,关掉美颜滤镜磨皮等……,06-24浙江,9,,
148,眼部护理,6a3a402f000000001702cc08,正确涂眼霜后➡️10元眼霜用出500元效果‼️,u_79e9b6cbb5,那是姐妹你天赋异禀,06-23上海,5,是,回复
149,眼部护理,6a3a402f000000001702cc08,正确涂眼霜后➡️10元眼霜用出500元效果‼️,u_79e9b6cbb5,可以的宝宝,06-25上海,3,是,回复
150,眼部护理,6a3a402f000000001702cc08,正确涂眼霜后➡️10元眼霜用出500元效果‼️,u_448bc117eb,咋买,06-23吉林,3,,低信息
151,眼部护理,6a3a402f000000001702cc08,正确涂眼霜后➡️10元眼霜用出500元效果‼️,u_70d2fed0b2,泪沟咋整,06-24山西,2,,
152,眼部护理,6a3a402f000000001702cc08,正确涂眼霜后➡️10元眼霜用出500元效果‼️,u_79e9b6cbb5,泪沟拨筋哦，看这篇 无敌了✌️泪沟眼袋真的平了！,06-24上海,2,是,回复
153,眼部护理,6a3a402f000000001702cc08,正确涂眼霜后➡️10元眼霜用出500元效果‼️,u_7533a07cf2,本来是双眼皮，但是现在左眼变成三眼皮了怎么办？,06-23北京,2,,
154,眼部护理,6a3a402f000000001702cc08,正确涂眼霜后➡️10元眼霜用出500元效果‼️,u_79e9b6cbb5,眼皮松弛导致的 可以做眼部拨筋,06-23上海,2,是,回复
155,眼部护理,6a3a402f000000001702cc08,正确涂眼霜后➡️10元眼霜用出500元效果‼️,u_2a16632d58,才三十三 我三十三时啥也不抹也没纹,06-23陕西,2,,
156,眼部护理,6a3a402f000000001702cc08,正确涂眼霜后➡️10元眼霜用出500元效果‼️,u_a827c98350,这方法真的可以吗？我想消眼纹,06-25河南,1,,
157,眼部护理,6a3a402f000000001702cc08,正确涂眼霜后➡️10元眼霜用出500元效果‼️,u_27a32ab5a8,关注,06-25江苏,1,,低信息
158,眼部护理,6a3a402f000000001702cc08,正确涂眼霜后➡️10元眼霜用出500元效果‼️,u_79e9b6cbb5,眼霜吗？,06-24上海,1,是,回复
159,眼部护理,6a3a402f000000001702cc08,正确涂眼霜后➡️10元眼霜用出500元效果‼️,u_cd83e92b72,那油怎么上,06-25上海,1,,
160,眼部护理,6a3a402f000000001702cc08,正确涂眼霜后➡️10元眼霜用出500元效果‼️,u_79e9b6cbb5,眼油延展性高，直接按压吸收就行,06-25上海,1,是,回复
161,眼部护理,6a3a402f000000001702cc08,正确涂眼霜后➡️10元眼霜用出500元效果‼️,u_fd86b17830,为什么没有早点刷到,06-23湖南,1,,
162,眼部护理,6a3a402f000000001702cc08,正确涂眼霜后➡️10元眼霜用出500元效果‼️,u_79e9b6cbb5,现在也不晚,06-23上海,1,是,回复
163,眼部护理,6a3a402f000000001702cc08,正确涂眼霜后➡️10元眼霜用出500元效果‼️,u_c87f7064be,眼油也是这种方式吗？,06-26广东,1,,
164,眼部护理,6a3a402f000000001702cc08,正确涂眼霜后➡️10元眼霜用出500元效果‼️,u_79e9b6cbb5,眼油后续要用眼霜封层,06-26上海,1,是,回复
165,眼部护理,6a6c515d00000000050329c1,25岁眼纹重到一笑就卡粉，还有救吗。。,u_6cda5ecea7,这眼神是25吗不得再加二十,08-01北京,400,,
166,眼部护理,6a6c515d00000000050329c1,25岁眼纹重到一笑就卡粉，还有救吗。。,u_a68dfae9a7,说真的按面相学来说是阴德纹有大福报的,08-01重庆,42,,
167,眼部护理,6a6c515d00000000050329c1,25岁眼纹重到一笑就卡粉，还有救吗。。,u_dca55f06f1,这绝对不是25,08-02澳大利亚,38,,
168,眼部护理,6a6c515d00000000050329c1,25岁眼纹重到一笑就卡粉，还有救吗。。,u_ba546f8d6d,我跟你一样！这个表情纹真的得当心，我以前也不注意，感觉就是做表情老是反复折叠面部皮肤，硬生生给挤出来了很多新纹路。年轻时没管，现在想淡化，真的好费劲！,07-31浙江,37,,
169,眼部护理,6a6c515d00000000050329c1,25岁眼纹重到一笑就卡粉，还有救吗。。,u_a0b98e9abd,绝对不会,08-01重庆,34,是,回复
170,眼部护理,6a6c515d00000000050329c1,25岁眼纹重到一笑就卡粉，还有救吗。。,u_229bcc9c44,你这眼神有五十了，25的眼神不是这样的,08-01福建,23,,
171,眼部护理,6a6c515d00000000050329c1,25岁眼纹重到一笑就卡粉，还有救吗。。,u_f28082eaf7,好像最小也得有四十多了,08-02天津,21,是,回复
172,眼部护理,6a6c515d00000000050329c1,25岁眼纹重到一笑就卡粉，还有救吗。。,u_06c56a8994,抛开纹路，这个眼神就不是25岁的，感觉是80后,08-01辽宁,6,,
173,眼部护理,6a6c515d00000000050329c1,25岁眼纹重到一笑就卡粉，还有救吗。。,u_bc2e0fe36b,肉毒一打就好了,08-01上海,5,,
174,眼部护理,6a6c515d00000000050329c1,25岁眼纹重到一笑就卡粉，还有救吗。。,u_7ff67fb35b,阴德纹是哪条,08-01山东,4,是,回复
175,眼部护理,6a6c515d00000000050329c1,25岁眼纹重到一笑就卡粉，还有救吗。。,u_4b178265c2,50的可比这个显老,08-01湖北,2,是,回复
176,眼部护理,6a6c515d00000000050329c1,25岁眼纹重到一笑就卡粉，还有救吗。。,u_994e127af7,打个肉毒就好了，又省事。价格跟秀丽可差不多。肉毒很安全的，找个好医生，半年打一次就行。不放心就去三甲医院打,08-01上海,1,,
177,眼部护理,6a6c515d00000000050329c1,25岁眼纹重到一笑就卡粉，还有救吗。。,u_7ff67fb35b,学到了,07-31山东,1,是,回复
178,眼部护理,6a6c515d00000000050329c1,25岁眼纹重到一笑就卡粉，还有救吗。。,u_7ff67fb35b,但是要持续打，打多了也不好吧,08-01山东,1,是,回复
179,眼部护理,6a6c515d00000000050329c1,25岁眼纹重到一笑就卡粉，还有救吗。。,u_f90ce7d1ae,眼睛太大了,08-01山西,1,,
180,眼部护理,6a6c515d00000000050329c1,25岁眼纹重到一笑就卡粉，还有救吗。。,u_994e127af7,眼尾可以的,08-23上海,0,是,回复
181,眼部护理,6a6c515d00000000050329c1,25岁眼纹重到一笑就卡粉，还有救吗。。,u_927fd67ff7,用那个维a醇视黄醇乳霜！！我三十出头了，眼角也开始有纹了以为没办法了，没想到涂了两天就没了！才十几块钱一支，像药膏一样,08-02广西,0,,
182,眼部护理,6a6c515d00000000050329c1,25岁眼纹重到一笑就卡粉，还有救吗。。,u_5c1424a198,推荐一下那个怎么买,08-02广东,0,是,回复
183,眼部护理,6a6c515d00000000050329c1,25岁眼纹重到一笑就卡粉，还有救吗。。,u_7ff67fb35b,这个是天生的,08-01山东,0,是,回复
184,眼部护理,6a9a86ce000000002502f979,被兰蔻柜姐教育了😓😓,u_1a767b1110,我长了，我巨量，而且我感觉有点辣眼睛,09-16河南,19,是,回复
185,眼部护理,6a9a86ce000000002502f979,被兰蔻柜姐教育了😓😓,u_c4a5614c26,确实是一定要用够量，我细纹也明显淡化了，我一瓶最多用两个月,09-06广东,13,,
186,眼部护理,6a9a86ce000000002502f979,被兰蔻柜姐教育了😓😓,u_277f207e68,巨量是多少？,09-09江西,9,,
187,眼部护理,6a9a86ce000000002502f979,被兰蔻柜姐教育了😓😓,u_13008be8d3,真的吗，涂多了不会长脂肪粒吗,09-08中国香港,7,,
188,眼部护理,6a9a86ce000000002502f979,被兰蔻柜姐教育了😓😓,u_a351e907b1,是，我现在一瓶就用不到一个月,09-07山东,7,是,回复
189,眼部护理,6a9a86ce000000002502f979,被兰蔻柜姐教育了😓😓,u_06c56a8994,一直用这个眼霜，淡纹倒不至于多明显，但是没有继续长纹是真的。,09-05广东,6,,
190,眼部护理,6a9a86ce000000002502f979,被兰蔻柜姐教育了😓😓,u_a351e907b1,你等我今晚用的时候给你拍一下姐妹,09-09山东,5,是,回复
191,眼部护理,6a9a86ce000000002502f979,被兰蔻柜姐教育了😓😓,u_55c16dbeaf,有淡的，我用了三年了用了十几瓶！眼纹真是淡了,09-14福建,5,是,回复
192,眼部护理,6a9a86ce000000002502f979,被兰蔻柜姐教育了😓😓,u_a351e907b1,哈哈哈我还是护肤品一方的，我不敢做项目,09-05山东,5,是,回复
193,眼部护理,6a9a86ce000000002502f979,被兰蔻柜姐教育了😓😓,u_06c56a8994,雅诗兰黛换兰蔻菁纯，现在换了CPB。CPB最滋润，用了最舒服,09-14江苏,3,,
194,眼部护理,6a9a86ce000000002502f979,被兰蔻柜姐教育了😓😓,u_5fb8cd2164,雅诗兰黛用了几年换了修丽可，总感觉不太润不适合自己，今年双十一准备入兰蔻试试,09-06河南,3,,
195,眼部护理,6a9a86ce000000002502f979,被兰蔻柜姐教育了😓😓,u_a351e907b1,这个润！！信我！！！,09-07山东,3,是,回复
196,眼部护理,6a9a86ce000000002502f979,被兰蔻柜姐教育了😓😓,u_16ddf3c910,贵有贵的道理 用了之后感觉医美的钱都可以省去了,09-04河北,3,,
197,眼部护理,6a9a86ce000000002502f979,被兰蔻柜姐教育了😓😓,u_486f7c581e,这么大量用，脂肪粒会来的,09-17北京,2,,
198,眼部护理,6a9a86ce000000002502f979,被兰蔻柜姐教育了😓😓,u_1c4b051cf5,那到底是多大的量？,09-05辽宁,2,,
199,眼部护理,6a9a86ce000000002502f979,被兰蔻柜姐教育了😓😓,u_964a861df3,我用的是绿豆量，那我不就起码x4倍用量,09-05北京,2,,
200,眼部护理,6a9a86ce000000002502f979,被兰蔻柜姐教育了😓😓,u_06c56a8994,个人感觉效果还不错的，可以淡化细纹,5天前江苏,1,是,回复
201,眼部护理,6a9a86ce000000002502f979,被兰蔻柜姐教育了😓😓,u_a351e907b1,就是尽量多，快赶上我用面霜的一半量了，这个用量20天就能用完一瓶，但效果真的特别好,09-07山东,1,是,回复
202,眼部护理,6a9a86ce000000002502f979,被兰蔻柜姐教育了😓😓,u_a351e907b1,差不多[泪崩R],09-07山东,1,是,回复
203,眼部护理,6a9a86ce000000002502f979,被兰蔻柜姐教育了😓😓,u_6540540e6a,感觉还会搓泥吧,09-18浙江,0,是,回复
204,眼部护理,6a9e9592000000001203da8a,给法国人一点小小的护眼震撼,u_78533c681c,眼睛不舒服的时候想做眼保健操如果有美甲不方便挤按睛明穴，用食指的指关节代替就可以了,09-09吉林,130,,
205,眼部护理,6a9e9592000000001203da8a,给法国人一点小小的护眼震撼,u_3d986162d3,视频刚点开的第一句，以为是小儿麻痹啥的残疾,09-09江苏,85,,
206,眼部护理,6a9e9592000000001203da8a,给法国人一点小小的护眼震撼,u_68c2841690,博主，我严肃购入了你推荐的所有欧缇丽和老牛！真的，没见过如此好用的护肤品！最近闭口痘痘大爆发，就用了一天，没错，就一天，我第二天早上起来简直容光焕发！你，是我的神！,09-08海南,80,,
207,眼部护理,6a9e9592000000001203da8a,给法国人一点小小的护眼震撼,u_215080e5a1,是灯光的原因吗 感觉博主示范完 那边的眼睛瞬间消肿了[呃R][呃R],09-09四川,65,,
208,眼部护理,6a9e9592000000001203da8a,给法国人一点小小的护眼震撼,u_4e1fdb9ae3,天露芬叫老牛是因为…Tautropfen乍一看长得很像法语公牛那个单词，法国人有一次拿起瓶子说“这是什么牛”，大家不要认错牛，哞哞~🐮,09-09法国,61,,
209,眼部护理,6a9e9592000000001203da8a,给法国人一点小小的护眼震撼,u_f843680623,我也觉得 但好像她右边眼睛本来就比左边看着状态好点,09-09江苏,26,是,回复
210,眼部护理,6a9e9592000000001203da8a,给法国人一点小小的护眼震撼,u_4e1fdb9ae3,没睡醒以后必须纳入医保,09-09法国,16,是,回复
211,眼部护理,6a9e9592000000001203da8a,给法国人一点小小的护眼震撼,u_4e1fdb9ae3,真的吗真的吗这个效果听起来比在我脸上还好哈哈哈哈哈哈哈，我最爱的东西都在这了,09-08法国,15,是,回复
212,眼部护理,6a9e9592000000001203da8a,给法国人一点小小的护眼震撼,u_8efaf3da27,谢谢你 好心人 我觉得蛮好哈哈哈哈哈,09-09湖南,13,是,回复
213,眼部护理,6a9e9592000000001203da8a,给法国人一点小小的护眼震撼,u_9b16055070,哈哈哈哈哈全军复诵：天露芬天露芬天露芬…,09-09河南,7,是,回复
214,眼部护理,6a9e9592000000001203da8a,给法国人一点小小的护眼震撼,u_4e1fdb9ae3,🍑500多那个套餐就送！,09-08法国,7,是,回复
215,眼部护理,6a9e9592000000001203da8a,给法国人一点小小的护眼震撼,u_aff73fb3b2,天露芬含香精，配方体系不够极致,09-09广东,5,,
216,眼部护理,6a9e9592000000001203da8a,给法国人一点小小的护眼震撼,u_6f560165fa,英国在哪能买到天露芬啊,09-09英国,5,,
217,眼部护理,6a9e9592000000001203da8a,给法国人一点小小的护眼震撼,u_dbd836cbcd,我看送棒的一千起 最便宜的五百多啊啊啊😧,09-08黑龙江,4,,
218,眼部护理,6a9e9592000000001203da8a,给法国人一点小小的护眼震撼,u_4e1fdb9ae3,天露芬眼油的配方没有任何人工合成香精，香精全部是单方精油自带的自然成分，而且是有官方认真的，不知道这个误解是从哪里来的呀？他们配方还不成熟的话，我目前找不到更好的配方了姐妹,09-09法国,3,是,回复
219,眼部护理,6a9e9592000000001203da8a,给法国人一点小小的护眼震撼,u_4e1fdb9ae3,ymx，我每次都ymx哈哈哈！,09-09法国,2,是,回复
220,眼部护理,6a9e9592000000001203da8a,给法国人一点小小的护眼震撼,u_a2c5fc472c,面部精华油有推荐的吗？,昨天 23:49福建,0,,
221,眼部护理,6a9e9592000000001203da8a,给法国人一点小小的护眼震撼,u_4eac6bb40d,按摩棒15.8就能得到,昨天 22:06湖南,0,,
222,眼部护理,6aa5372a000000000b00f91e,30+干皮｜入秋离不开的精华油，越用越软嫩,u_7e9b601ec6,知道你们开始缺油啦！分享几个我觉得非常好用的给大家！老规矩一个👯‍♀️🎁,09-12上海,12,,
223,眼部护理,6aa5372a000000000b00f91e,30+干皮｜入秋离不开的精华油，越用越软嫩,u_7957fbfaa8,好喜欢你的视频 感觉你可麻利了 都不用开倍速 看你每次用的都不一样的护肤品 我也想尝试一下,09-14湖南,3,,
224,眼部护理,6aa5372a000000000b00f91e,30+干皮｜入秋离不开的精华油，越用越软嫩,u_fb693b2732,我觉得你素颜很漂亮，比化妆更好看呦～,09-13河北,1,,
225,眼部护理,6aa5372a000000000b00f91e,30+干皮｜入秋离不开的精华油，越用越软嫩,u_b5c3be3d26,举手🙌！！宸希宝宝看我！！,09-12江苏,1,,
226,眼部护理,6aa5372a000000000b00f91e,30+干皮｜入秋离不开的精华油，越用越软嫩,u_362f6a3df7,冬天用油比较多,09-13广东,1,,
227,眼部护理,6aa5372a000000000b00f91e,30+干皮｜入秋离不开的精华油，越用越软嫩,u_d879a6b2a8,好耶支持,09-13湖北,0,是,回复
228,眼部护理,6aa5372a000000000b00f91e,30+干皮｜入秋离不开的精华油，越用越软嫩,u_d879a6b2a8,真的真的以油养肤也是我的最爱,09-13湖北,0,,
229,眼部护理,6aa5372a000000000b00f91e,30+干皮｜入秋离不开的精华油，越用越软嫩,u_a6c2b44cae,😊🔥👍,09-17浙江,0,是,"低信息,回复"
230,眼部护理,6aa5372a000000000b00f91e,30+干皮｜入秋离不开的精华油，越用越软嫩,u_7e9b601ec6,用的太多了哈哈，但给你们分享的都是真觉得好用的,09-14上海,0,是,回复
231,眼部护理,6aa5372a000000000b00f91e,30+干皮｜入秋离不开的精华油，越用越软嫩,u_6001efa590,@点点 总结所有产品,09-15山东,0,,
232,眼部护理,6aa5372a000000000b00f91e,30+干皮｜入秋离不开的精华油，越用越软嫩,u_af13c8705f,刮痧板可以推荐下吗,09-15广东,0,,
233,眼部护理,6aa5372a000000000b00f91e,30+干皮｜入秋离不开的精华油，越用越软嫩,u_7e9b601ec6,科爱元素的不错,09-15上海,0,是,回复
234,眼部护理,6aa5372a000000000b00f91e,30+干皮｜入秋离不开的精华油，越用越软嫩,u_67aa35a8bc,入秋之后真的越来越爱以油养肤了,09-12广东,0,,
235,眼部护理,6aa5372a000000000b00f91e,30+干皮｜入秋离不开的精华油，越用越软嫩,u_7e9b601ec6,真的，我最近已经开始每天离不开油了,09-12上海,0,是,回复
236,眼部护理,6aa5372a000000000b00f91e,30+干皮｜入秋离不开的精华油，越用越软嫩,u_9652b326ab,海蓝之谜的精华油也很好用,09-12海南,0,,
237,眼部护理,6aa5372a000000000b00f91e,30+干皮｜入秋离不开的精华油，越用越软嫩,u_7e9b601ec6,嗯嗯，那个也不错,09-12上海,0,是,回复
238,眼部护理,6aa8f69e000000002602203d,请问用眼油的人是签了什么保密协议吗？,u_077b740cf8,好假的广,09-17江苏,2,,
239,眼部护理,6aa8f69e000000002602203d,请问用眼油的人是签了什么保密协议吗？,u_b2bd1ab16f,容易吸收吗，害怕长脂肪粒,7天前,1,,
240,眼部护理,6aa8f69e000000002602203d,请问用眼油的人是签了什么保密协议吗？,u_e13e42d41f,很温和，也不油腻,6天前黑龙江,0,,
241,眼部护理,6aa8f69e000000002602203d,请问用眼油的人是签了什么保密协议吗？,u_724bf995c9,真的可以去黑眼圈吗，多久有效果,7天前福建,0,,
242,眼部护理,6aa8f69e000000002602203d,请问用眼油的人是签了什么保密协议吗？,u_6eebe5d21c,鱼尾纹重能消吗？,7天前广东,0,,
243,眼部护理,6aa8f69e000000002602203d,请问用眼油的人是签了什么保密协议吗？,u_55c8c91a85,有眼袋黑眼圈可以用吗？,7天前广东,0,,
244,眼部护理,6aa8f69e000000002602203d,请问用眼油的人是签了什么保密协议吗？,u_20e506b3fc,如果天天用，会不会长脂肪粒呀,7天前广东,0,,
245,眼部护理,6aa8f69e000000002602203d,请问用眼油的人是签了什么保密协议吗？,u_b6498978a0,用这个按摩很舒服呢,6天前青海,0,,
246,眼部护理,6aa8f69e000000002602203d,请问用眼油的人是签了什么保密协议吗？,u_eefc1fcb52,这个我真的太有发言权了,6天前甘肃,0,,
247,眼部护理,6aa8f69e000000002602203d,请问用眼油的人是签了什么保密协议吗？,u_6871cebdc7,眼下的小细纹有用吗,7天前四川,0,,
248,眼部护理,6aaa67a40000000011037232,死心塌地续上一支又一支。,u_4644d45743,放包里也不占地方,2026-09-22,1,,
249,眼部护理,6aaa67a40000000011037232,死心塌地续上一支又一支。,u_d50f5fbd62,滚轮模式也太方便了！,2026-09-22,0,,
250,眼部护理,6aaa67a40000000011037232,死心塌地续上一支又一支。,u_83f29d3018,可以去黑眼圈吗[皱眉R],2026-09-22,0,,
251,眼部护理,6aaa67a40000000011037232,死心塌地续上一支又一支。,u_6e0de08309,会不会长脂肪粒啊,2026-09-23,0,,
252,眼部护理,6aaa67a40000000011037232,死心塌地续上一支又一支。,u_dcb64b7778,眼部肌肤好好注重,2026-09-22,0,,
253,眼部护理,6aaa67a40000000011037232,死心塌地续上一支又一支。,u_cd7d3e9992,护好眼睛,2026-09-22,0,,
254,眼部护理,6aaa67a40000000011037232,死心塌地续上一支又一支。,u_435ee3ff61,好方便啊,2026-09-22,0,,
255,眼部护理,6aaa67a40000000011037232,死心塌地续上一支又一支。,u_c3e9d7b84b,感觉眼周比脸其他地方更容易干真的要早早用起来油[皱眉R],2026-09-22,0,,
256,眼部护理,6aaa67a40000000011037232,死心塌地续上一支又一支。,u_6a9e264603,这也太方便了吧！！效果怎么样呀[大笑R],2026-09-22,0,,
257,眼部护理,6aaa67a40000000011037232,死心塌地续上一支又一支。,u_2ccdade0d1,托鱼鱼福也是用上鱼鱼同款啦,2026-09-22,0,,
258,眼部护理,6aac07b4000000002a005e51,一笑眼尾好多纹，用这个给按下去了。。,u_5481e58d63,如果把皮肤比作一张纸，不断折叠反复蹂躏，留下的折痕就会越来越深，纹路也是这样！表情折叠多了，表情纹就焊在脸上变成顽固纹了！所以一定要早干预，别等到变成顽固纹了再来费劲找方法。。,2026-09-17,4,,
259,眼部护理,6aac07b4000000002a005e51,一笑眼尾好多纹，用这个给按下去了。。,u_4ad677f9e4,很经典,2026-09-26,0,,
260,眼部护理,6aac07b4000000002a005e51,一笑眼尾好多纹，用这个给按下去了。。,u_4ad677f9e4,这个超好用,2026-09-26,0,,
261,眼部护理,6aac07b4000000002a005e51,一笑眼尾好多纹，用这个给按下去了。。,u_63fee11cef,抬头纹可以不,2026-09-20,0,,
262,眼部护理,6aac07b4000000002a005e51,一笑眼尾好多纹，用这个给按下去了。。,u_5481e58d63,当然可以啊，全脸的纹都可以,2026-09-20,0,是,回复
263,眼部护理,6aac07b4000000002a005e51,一笑眼尾好多纹，用这个给按下去了。。,u_a75a6d6a7c,[偷笑R]安利,2026-09-25,0,,
264,眼部护理,6aac07b4000000002a005e51,一笑眼尾好多纹，用这个给按下去了。。,u_5de1a0c3f2,我和妈妈都在用这个,2026-09-24,0,,
265,眼部护理,6aac07b4000000002a005e51,一笑眼尾好多纹，用这个给按下去了。。,u_bdd2f6525c,抗皱提前用起来[偷笑R],2026-09-21,0,,
266,眼部护理,6aac07b4000000002a005e51,一笑眼尾好多纹，用这个给按下去了。。,u_5481e58d63,实话的,2026-09-26,0,是,回复
267,眼部护理,6aac07b4000000002a005e51,一笑眼尾好多纹，用这个给按下去了。。,u_2038ce090b,我的法令纹就蛮深的[笑哭R],2026-09-21,0,,
268,眼部护理,6aac07b4000000002a005e51,一笑眼尾好多纹，用这个给按下去了。。,u_5481e58d63,可以试试这个,2026-09-26,0,是,回复
269,眼部护理,6aac07b4000000002a005e51,一笑眼尾好多纹，用这个给按下去了。。,u_2c1c0666ca,我现在在正畸 然后法令纹可明显了 超级显老 也能用OK,2026-09-21,0,,
270,眼部护理,6aac07b4000000002a005e51,一笑眼尾好多纹，用这个给按下去了。。,u_5481e58d63,可以用嘟！会改善很多,2026-09-26,0,是,回复
271,眼部护理,6aac07b4000000002a005e51,一笑眼尾好多纹，用这个给按下去了。。,u_efb54a4541,这个适合干敏肌吗？,2026-09-21,0,,
272,眼部护理,6aac07b4000000002a005e51,一笑眼尾好多纹，用这个给按下去了。。,u_5481e58d63,适合呀 不怎么挑皮,2026-09-26,0,是,回复
273,眼部护理,6aaca2e1000000000d025e5a,急性子救眼大法！美康粉黛配享太庙,u_fd13bad3bb,黑眼圈很多年了可以吗,2026-09-25,0,,
274,眼部护理,6aaca2e1000000000d025e5a,急性子救眼大法！美康粉黛配享太庙,u_691883494f,敷完之后要洗吗，会不会黏黏的,2026-09-22,0,,
275,眼部护理,6aaca2e1000000000d025e5a,急性子救眼大法！美康粉黛配享太庙,u_3f74193e7e,正常情况下可以不洗哦宝宝,2026-09-23,0,是,回复
276,眼部护理,6aaca2e1000000000d025e5a,急性子救眼大法！美康粉黛配享太庙,u_a4700da7bc,急救眼膜我真的需要[哭惹R][哭惹R],2026-09-23,0,,
277,眼部护理,6aaca2e1000000000d025e5a,急性子救眼大法！美康粉黛配享太庙,u_11c3f69178,我的确是这样，黑眼圈真的很影响一个人的精气神啊,2026-09-22,0,,
278,眼部护理,6aaca2e1000000000d025e5a,急性子救眼大法！美康粉黛配享太庙,u_4f45f6d5aa,熬夜熬的黑眼圈可以缓解吗,2026-09-23,0,,
279,眼部护理,6aaca2e1000000000d025e5a,急性子救眼大法！美康粉黛配享太庙,u_066d879abc,我这种的也能改善嘛,2026-09-23,0,,
280,眼部护理,6aaca2e1000000000d025e5a,急性子救眼大法！美康粉黛配享太庙,u_3f74193e7e,可以的宝宝！坚持用会有效果哒,2026-09-23,0,是,回复
281,眼部护理,6aaca2e1000000000d025e5a,急性子救眼大法！美康粉黛配享太庙,u_800af9f0a0,眼膜很好用，暗沉少了很多,2026-09-23,0,,
282,眼部护理,6aaca2e1000000000d025e5a,急性子救眼大法！美康粉黛配享太庙,u_5d4417ea66,用过了这个之后还需要眼霜吗,2026-09-23,0,,
283,眼部护理,6aaca2e1000000000d025e5a,急性子救眼大法！美康粉黛配享太庙,u_00072981f4,真的，每天对着电脑，这个救我命,2026-09-23,0,,
284,眼部护理,6aaca2e1000000000d025e5a,急性子救眼大法！美康粉黛配享太庙,u_cd59564f75,真的有用吗，我黑眼圈特别重,2026-09-23,0,,
285,眼部护理,6aaca2e1000000000d025e5a,急性子救眼大法！美康粉黛配享太庙,u_b43e3051df,有淡化的效果,2026-09-23,0,是,回复
286,眼部护理,6aad019e000000002601c167,《熬夜党眼周抗老攻略》请收好！,u_e52fc5b44b,会不会糊眼睛？,2026-09-20,0,,
287,眼部护理,6aad019e000000002601c167,《熬夜党眼周抗老攻略》请收好！,u_979a975cbc,不会哦,2026-09-20,0,是,回复
288,眼部护理,6aad019e000000002601c167,《熬夜党眼周抗老攻略》请收好！,u_0f4d125ff1,用了还要用眼霜吗？,2026-09-20,0,,
289,眼部护理,6aad019e000000002601c167,《熬夜党眼周抗老攻略》请收好！,u_979a975cbc,我个人喜欢后续薄涂一层眼霜封层,2026-09-20,0,是,回复
290,眼部护理,6aad019e000000002601c167,《熬夜党眼周抗老攻略》请收好！,u_660e396b20,不用手涂，滚两下让它自己吸收吗？,2026-09-20,0,,
291,眼部护理,6aad019e000000002601c167,《熬夜党眼周抗老攻略》请收好！,u_cb0eec2dc0,[害羞R]竟然还有玻色因 这性价比拉满,2026-09-23,0,,
292,眼部护理,6aad019e000000002601c167,《熬夜党眼周抗老攻略》请收好！,u_520f745af6,它家手油我也喜欢,2026-09-20,0,,
293,眼部护理,6aad019e000000002601c167,《熬夜党眼周抗老攻略》请收好！,u_4c7ceacd6a,我也是用眼霜总觉得不够滋润,2026-09-20,0,,
294,眼部护理,6aad019e000000002601c167,《熬夜党眼周抗老攻略》请收好！,u_e8451a3785,我就是秋冬干纹很明显，只涂眼霜也没有作用,2026-09-20,0,,
295,眼部护理,6aad019e000000002601c167,《熬夜党眼周抗老攻略》请收好！,u_93c83bf906,小小一支感觉好方便呀,2026-09-20,0,,
296,眼部护理,6aad019e000000002601c167,《熬夜党眼周抗老攻略》请收好！,u_b841994ab5,能不能淡化眼纹？,2026-09-20,0,,
297,眼部护理,6aad019e000000002601c167,《熬夜党眼周抗老攻略》请收好！,u_49cc2debb3,干皮用不会长脂肪粒吧？,2026-09-20,0,,
298,眼部护理,6aad019e000000002601c167,《熬夜党眼周抗老攻略》请收好！,u_979a975cbc,我是混干，用了一个多月了没有长,2026-09-20,0,是,回复
299,眼部护理,6aad1ffa000000002601ec85,摩纳哥的眼袋泪沟溶解剂太好用了啊啊啊啊,u_9bec4006c2,已买，后天到，不好用法庭见吧,2026-09-22,60,,
300,眼部护理,6aad1ffa000000002601ec85,摩纳哥的眼袋泪沟溶解剂太好用了啊啊啊啊,u_6d6b1b5c28,不代不卖，这个全网没什么人发，不认识的可以先认识认识！骗人我一胎生八个儿子个个啃老啃到80岁！！！！！！,2026-09-20,8,是,回复
301,眼部护理,6aad1ffa000000002601ec85,摩纳哥的眼袋泪沟溶解剂太好用了啊啊啊啊,u_9bec4006c2,大家蹲我，到时候一个个踢,2026-09-22,5,是,回复
302,眼部护理,6aad1ffa000000002601ec85,摩纳哥的眼袋泪沟溶解剂太好用了啊啊啊啊,u_6d6b1b5c28,"再补充一下我自己的用法：
平时用：
取一粒绿豆大小的量，每天睡前薄涂在眼周，肤感像羊脂玉一样，基本抹完就吸收，涂完会有种被保护膜牢牢包裹住的安心感
跟网友学的邪修用法（一周1-2次，熬夜或者第二天有约时用）：
取2-3粒绿豆大小的量，厚敷在眼周上10分钟，再拿搭配的按摩头轻轻滚几圈，每周差不多1-2次。第二天起来眼睛下面跟开了磨皮滤镜一样柔焦，比我花上千飞小韩做的biubiu还牛！！！！手里有这个的姐妹一定去试试，不好用直接回来骂！！！",2026-09-20,3,,
303,眼部护理,6aad1ffa000000002601ec85,摩纳哥的眼袋泪沟溶解剂太好用了啊啊啊啊,u_1348db932f,某宝900多嘛？,2026-09-20,2,,
304,眼部护理,6aad1ffa000000002601ec85,摩纳哥的眼袋泪沟溶解剂太好用了啊啊啊啊,u_220e7249a1,礼貌问一下楼主年龄？看看是否适合[笑哭R],2026-09-22,2,,
305,眼部护理,6aad1ffa000000002601ec85,摩纳哥的眼袋泪沟溶解剂太好用了啊啊啊啊,u_6d6b1b5c28,可以参考这个,2026-09-22,2,是,回复
306,眼部护理,6aad1ffa000000002601ec85,摩纳哥的眼袋泪沟溶解剂太好用了啊啊啊啊,u_47c94ae168,没听过的牌子，靠谱吗[扶额R],2026-09-23,1,,
307,眼部护理,6aad1ffa000000002601ec85,摩纳哥的眼袋泪沟溶解剂太好用了啊啊啊啊,u_682757ebdf,已空瓶！他家面霜也好用！,2026-09-20,1,,
308,眼部护理,6aad1ffa000000002601ec85,摩纳哥的眼袋泪沟溶解剂太好用了啊啊啊啊,u_3d7e97a785,兰嘉斯汀,2026-09-23,0,是,回复
309,眼部护理,6aad1ffa000000002601ec85,摩纳哥的眼袋泪沟溶解剂太好用了啊啊啊啊,u_6d6b1b5c28,真的吗，面霜啥功效的,2026-09-22,0,是,回复
310,眼部护理,6aad1ffa000000002601ec85,摩纳哥的眼袋泪沟溶解剂太好用了啊啊啊啊,u_6d6b1b5c28,官旗那个应该没错,2026-09-21,0,是,回复
311,眼部护理,6aad1ffa000000002601ec85,摩纳哥的眼袋泪沟溶解剂太好用了啊啊啊啊,u_6d6b1b5c28,这种功效型的不挑年龄的 都可以用,2026-09-22,0,是,回复
312,眼部护理,6aad1ffa000000002601ec85,摩纳哥的眼袋泪沟溶解剂太好用了啊啊啊啊,u_422ad2ee90,眼周怎么按摩呢,2026-09-22,0,,
313,眼部护理,6aad1ffa000000002601ec85,摩纳哥的眼袋泪沟溶解剂太好用了啊啊啊啊,u_93759e8a7b,我记得这款还是我用来治黑眼圈的[笑哭了R][笑哭了R],2026-09-22,0,,
314,眼部护理,6aad1ffa000000002601ec85,摩纳哥的眼袋泪沟溶解剂太好用了啊啊啊啊,u_1508be6c43,有用吗,2026-09-22,0,是,回复
315,眼部护理,6aad1ffa000000002601ec85,摩纳哥的眼袋泪沟溶解剂太好用了啊啊啊啊,u_8e02866423,真的假的？,2026-09-22,0,,
316,眼部护理,6aad1ffa000000002601ec85,摩纳哥的眼袋泪沟溶解剂太好用了啊啊啊啊,u_6d6b1b5c28,真的！！！不好用的东西我不发的,2026-09-22,0,是,回复
317,眼部护理,6aad1ffa000000002601ec85,摩纳哥的眼袋泪沟溶解剂太好用了啊啊啊啊,u_494af9d772,她家防晒也好用[偷笑R],2026-09-23,0,,
318,眼部护理,6aaf649f000000002b024b83,刻薄评价The Ordinary大热单品！（新手进,u_a89323ce74,不知道怎么搞的，直接把问题发在评论区好吧，本大王在此[回招呼],2026-09-20,3,,
319,眼部护理,6aaf649f000000002b024b83,刻薄评价The Ordinary大热单品！（新手进,u_574dba1a12,我用TO壬二酸最大的感受不是刺激，是太容易搓泥了😂现在都放晚上单独涂,2026-09-20,2,,
320,眼部护理,6aaf649f000000002b024b83,刻薄评价The Ordinary大热单品！（新手进,u_574dba1a12,官方！！我抓,2026-09-23,0,是,回复
321,眼部护理,6aaf649f000000002b024b83,刻薄评价The Ordinary大热单品！（新手进,u_a89323ce74,哈喽大宝，晚上好[飞吻R],2026-09-23,0,是,回复
322,眼部护理,6aaf649f000000002b024b83,刻薄评价The Ordinary大热单品！（新手进,u_b341cd4b6e,請問以上這些產品，大王日常早晚的使用順序是？,2026-09-26,0,,
323,眼部护理,6aaf649f000000002b024b83,刻薄评价The Ordinary大热单品！（新手进,u_a813abe503,求vc粉锐评,2026-09-25,0,,
324,眼部护理,6aaf649f000000002b024b83,刻薄评价The Ordinary大热单品！（新手进,u_f807def75e,打算都用用看,2026-09-23,0,,
325,眼部护理,6aaf649f000000002b024b83,刻薄评价The Ordinary大热单品！（新手进,u_59b23f2097,谢谢你的使用分享！,2026-09-23,0,,
326,眼部护理,6aaf649f000000002b024b83,刻薄评价The Ordinary大热单品！（新手进,u_3d42989df2,咖啡因眼精华我真的用了快一年还没用完，早上眼睛肿的时候有点用，但黑眼圈确实没什么变化,2026-09-20,0,,
327,眼部护理,6aaf649f000000002b024b83,刻薄评价The Ordinary大热单品！（新手进,u_678a5f192a,大王，我现在痘不怎么长了，脸上主要是以前留下的褐色痘印，熊果苷和壬二酸选一个的话，选熊果苷怎么样,2026-09-20,0,,
328,眼部护理,6aaf649f000000002b024b83,刻薄评价The Ordinary大热单品！（新手进,u_a89323ce74,是敏感肌吗宝,2026-09-20,0,是,回复
329,眼部护理,6aaf6daa000000002a02fc59,辣评珀莱雅双抗眼霜凭什么让熬夜党用完就囤,u_999c327a92,质地清爽还是偏滋润？,2026-09-22,0,,
330,眼部护理,6aaf6daa000000002a02fc59,辣评珀莱雅双抗眼霜凭什么让熬夜党用完就囤,u_827d47018b,是很清爽的质地，长期用也不会脂肪粒,2026-09-22,0,是,回复
331,眼部护理,6aaf6daa000000002a02fc59,辣评珀莱雅双抗眼霜凭什么让熬夜党用完就囤,u_54438e2cf5,我感觉气味怪怪的 甚至有点臭 但是敏感肌上脸确实不刺激,2026-09-25,0,,
332,眼部护理,6aaf6daa000000002a02fc59,辣评珀莱雅双抗眼霜凭什么让熬夜党用完就囤,u_c9c305e449,淡纹效果如何呢？眼周有好多小细纹,2026-09-22,0,,
333,眼部护理,6aaf6daa000000002a02fc59,辣评珀莱雅双抗眼霜凭什么让熬夜党用完就囤,u_2064e26954,油皮用会不会脂肪粒？,2026-09-22,0,,
334,眼部护理,6aaf6daa000000002a02fc59,辣评珀莱雅双抗眼霜凭什么让熬夜党用完就囤,u_827d47018b,我朋友是油皮，坚持用它都没有出现长脂肪粒的情况～,2026-09-22,0,是,回复
335,眼部护理,6aaf6daa000000002a02fc59,辣评珀莱雅双抗眼霜凭什么让熬夜党用完就囤,u_e514e1c0b4,眼周有些敏感可以用吗？想改善一下黑眼圈,2026-09-22,0,,
336,眼部护理,6aaf6daa000000002a02fc59,辣评珀莱雅双抗眼霜凭什么让熬夜党用完就囤,u_827d47018b,可以呀宝～它这个不是很敏感，上眼也很温和,2026-09-22,0,是,回复
337,眼部护理,6aaf6daa000000002a02fc59,辣评珀莱雅双抗眼霜凭什么让熬夜党用完就囤,u_9d92a6a4ee,坚持用下来改善效果会更明显,2026-09-22,0,,
338,眼部护理,6aaf6daa000000002a02fc59,辣评珀莱雅双抗眼霜凭什么让熬夜党用完就囤,u_827d47018b,对啊，像眼霜这种东西就一定要坚持用，黑眼圈都被淡化了不少,2026-09-22,0,是,回复
339,眼部护理,6aaf6daa000000002a02fc59,辣评珀莱雅双抗眼霜凭什么让熬夜党用完就囤,u_2c5a79ab0e,眼纹黑眼圈眼袋都能改善吗,2026-09-22,0,,
340,眼部护理,6aaf6daa000000002a02fc59,辣评珀莱雅双抗眼霜凭什么让熬夜党用完就囤,u_827d47018b,眼霜这种东西就要早晚坚持用哦，能看到明显的改善纹路，黑眼圈的效果～,2026-09-22,0,是,回复
341,眼部护理,6aaf6daa000000002a02fc59,辣评珀莱雅双抗眼霜凭什么让熬夜党用完就囤,u_bc1f344c10,敏感肌可以用吗？,2026-09-22,0,,
342,眼部护理,6aaf6daa000000002a02fc59,辣评珀莱雅双抗眼霜凭什么让熬夜党用完就囤,u_827d47018b,成分配方很温和～所以敏皮用他也不会刺激,2026-09-22,0,是,回复
343,眼部护理,6aaf813c000000000d0249a3,普女和男演员相爱11年💕爱人如养花具像化了,u_397f1ca00e,？你这长相可不是小透明,2026-09-21,93,,
344,眼部护理,6aaf813c000000000d0249a3,普女和男演员相爱11年💕爱人如养花具像化了,u_e99d235db9,你不是普女啊。你眼睛大大的，还有双眼皮，看着就很可爱漂亮啊,2026-09-21,85,,
345,眼部护理,6aaf813c000000000d0249a3,普女和男演员相爱11年💕爱人如养花具像化了,u_0c242a8a38,你可以喜欢他，但不要踩自己啊,2026-09-21,43,,
346,眼部护理,6aaf813c000000000d0249a3,普女和男演员相爱11年💕爱人如养花具像化了,u_6766915b2d,认识他的时候比较普宝宝 是这样的[笑哭R],2026-09-21,20,是,回复
347,眼部护理,6aaf813c000000000d0249a3,普女和男演员相爱11年💕爱人如养花具像化了,u_4bbe1a50d6,姐姐你长相这么大气温柔 不要自卑啊 本来郎才女貌,2026-09-21,11,,
348,眼部护理,6aaf813c000000000d0249a3,普女和男演员相爱11年💕爱人如养花具像化了,u_eaac98e75f,这个眼油有味道吗？涂上会糊眼睛吗？,2026-09-20,4,,
349,眼部护理,6aaf813c000000000d0249a3,普女和男演员相爱11年💕爱人如养花具像化了,u_6766915b2d,草本味道宝宝，没有乱七八糟的香味，涂上眼睛凉凉的不会糊眼睛。,2026-09-20,3,是,回复
350,眼部护理,6aaf813c000000000d0249a3,普女和男演员相爱11年💕爱人如养花具像化了,u_c645580365,天天上课熬的眼睛都花了，这个眼油按摩起来感觉好放松眼睛！,2026-09-21,2,,
351,眼部护理,6aaf813c000000000d0249a3,普女和男演员相爱11年💕爱人如养花具像化了,u_031ff3b6bc,你也长得好看，只是没那么会打扮而已，你的底子还是很好的，自信点,2026-09-23,2,,
352,眼部护理,6aaf813c000000000d0249a3,普女和男演员相爱11年💕爱人如养花具像化了,u_6766915b2d,这个抹完眼睛凉凉的很放松！,2026-09-22,1,是,回复
353,眼部护理,6aaf813c000000000d0249a3,普女和男演员相爱11年💕爱人如养花具像化了,u_a6f29ccaff,你也是大美女,2026-09-22,1,,
354,眼部护理,6aaf813c000000000d0249a3,普女和男演员相爱11年💕爱人如养花具像化了,u_bf40511031,你是个美女,2026-09-21,1,,
355,眼部护理,6aaf813c000000000d0249a3,普女和男演员相爱11年💕爱人如养花具像化了,u_26fb16a0a7,幸福久久,2026-09-20,1,,
356,眼部护理,6aaf813c000000000d0249a3,普女和男演员相爱11年💕爱人如养花具像化了,u_6766915b2d,谢谢！,2026-09-21,0,是,回复
357,眼部护理,6aaf813c000000000d0249a3,普女和男演员相爱11年💕爱人如养花具像化了,u_6766915b2d,宝宝我越来越好啦！爱人如养花[飞吻R],2026-09-21,0,是,回复
358,眼部护理,6aaf813c000000000d0249a3,普女和男演员相爱11年💕爱人如养花具像化了,u_6766915b2d,谢谢宝贝[飞吻R],2026-09-21,0,是,回复
359,眼部护理,6aaf813c000000000d0249a3,普女和男演员相爱11年💕爱人如养花具像化了,u_6766915b2d,谢谢[飞吻R],2026-09-21,0,是,回复
360,眼部护理,6aaf9c94000000001200298b,掌管泡泡眼最严厉的神！,u_392286e9c0,自用款咖啡因眼膜！熬夜后敷一敷，眼周透亮很多～,2026-09-24,0,,
361,眼部护理,6aaf9c94000000001200298b,掌管泡泡眼最严厉的神！,u_5de8d10917,评论支持一下,2026-09-21,0,,
362,眼部护理,6aaf9c94000000001200298b,掌管泡泡眼最严厉的神！,u_f4c81c6670,肌肤比较敏感的可以用这个眼膜吗？,2026-09-20,0,,
363,眼部护理,6aaf9c94000000001200298b,掌管泡泡眼最严厉的神！,u_60bdd22080,可以的,2026-09-21,0,是,回复
364,眼部护理,6aaf9c94000000001200298b,掌管泡泡眼最严厉的神！,u_d6a7142138,敏感眼能用吗 精华渗进眼睛里有没有刺痛感？,2026-09-22,0,,
365,眼部护理,6aaf9c94000000001200298b,掌管泡泡眼最严厉的神！,u_4301f18cbb,这个对于眼袋可以改善吗,2026-09-20,0,,
366,眼部护理,6aaf9c94000000001200298b,掌管泡泡眼最严厉的神！,u_da9bf34890,我这熬夜党必须安排上，双11有优惠活动吗？多囤点,2026-09-20,0,,
367,眼部护理,6aaf9c94000000001200298b,掌管泡泡眼最严厉的神！,u_7b7526c52b,可以早上敷吗？还是只能晚上敷？,2026-09-20,0,,
368,眼部护理,6aaf9c94000000001200298b,掌管泡泡眼最严厉的神！,u_c41716c102,敷完眼周会不会长脂肪粒？？,2026-09-20,0,,
369,眼部护理,6aaf9c94000000001200298b,掌管泡泡眼最严厉的神！,u_97b84f81cc,不会的,2026-09-20,0,是,回复
370,眼部护理,6aaf9c94000000001200298b,掌管泡泡眼最严厉的神！,u_84ec3adb90,这款能淡化眼部细纹吗？,2026-09-20,0,,
371,眼部护理,6aaf9c94000000001200298b,掌管泡泡眼最严厉的神！,u_c1df0a8c26,可以的,2026-09-20,0,是,回复
372,眼部护理,6aaf9c94000000001200298b,掌管泡泡眼最严厉的神！,u_d363fbb708,敷完需要洗眼睛吗，还是直接按摩吸收？,2026-09-20,0,,
373,眼部护理,6aafa9ad0000000012001c0d,国货原料厂太卷！丸美不走寻常路的搭配来咯,u_2c1250c126,小红笔真的很方便,2026-09-26,1,,
374,眼部护理,6aafa9ad0000000012001c0d,国货原料厂太卷！丸美不走寻常路的搭配来咯,u_455437ebe5,很好用,2026-09-27,0,,
375,眼部护理,6aafa9ad0000000012001c0d,国货原料厂太卷！丸美不走寻常路的搭配来咯,u_78339bffe2,这是老牌子了吧[哇R],2026-09-27,0,,
376,眼部护理,6aafa9ad0000000012001c0d,国货原料厂太卷！丸美不走寻常路的搭配来咯,u_a46e9050ef,效果好好啊,2026-09-26,0,,
377,眼部护理,6aafa9ad0000000012001c0d,国货原料厂太卷！丸美不走寻常路的搭配来咯,u_9456e072eb,看着很方便,2026-09-27,0,,
378,眼部护理,6aafa9ad0000000012001c0d,国货原料厂太卷！丸美不走寻常路的搭配来咯,u_9c36d2b734,眼下经常卡粉，这个搭配方法收藏了,2026-09-27,0,,
379,眼部护理,6aafa9ad0000000012001c0d,国货原料厂太卷！丸美不走寻常路的搭配来咯,u_f5485c9dd7,很好用,2026-09-26,0,,
380,眼部护理,6aafa9ad0000000012001c0d,国货原料厂太卷！丸美不走寻常路的搭配来咯,u_f3a8151660,哇塞学到啦,2026-09-26,0,,
381,眼部护理,6aafa9ad0000000012001c0d,国货原料厂太卷！丸美不走寻常路的搭配来咯,u_baff3ffd0c,熬夜党太需要啦,2026-09-26,0,,
382,眼部护理,6aafa9ad0000000012001c0d,国货原料厂太卷！丸美不走寻常路的搭配来咯,u_78e40b2315,感觉很流畅,2026-09-26,0,,
383,眼部护理,6aafb1f50000000026015b29,眼霜价格定了（低得出乎意料🥹破价,u_3454919d17,没有欧，你如果要用眼霜系统性改善问题，用量太少肯定不行。一个 15g 的眼霜，也就是两个月的用量[笑哭R]用量太少 什么产品都很难看到效果的,2026-09-20,2,是,回复
384,眼部护理,6aafb1f50000000026015b29,眼霜价格定了（低得出乎意料🥹破价,u_0abce52456,你眠的取名还是这么魔丸[doge][doge][doge],2026-09-20,1,,
385,眼部护理,6aafb1f50000000026015b29,眼霜价格定了（低得出乎意料🥹破价,u_37a805ffa9,广东求拼,2026-09-23,0,,
386,眼部护理,6aafb1f50000000026015b29,眼霜价格定了（低得出乎意料🥹破价,u_63bc4654dd,有人拼吗,2026-09-26,0,是,回复
387,眼部护理,6aafb1f50000000026015b29,眼霜价格定了（低得出乎意料🥹破价,u_3454919d17,哈哈哈哈哈哈哈哈哈，恶评，不听[暗中观察R],2026-09-20,0,是,回复
388,眼部护理,6aafb1f50000000026015b29,眼霜价格定了（低得出乎意料🥹破价,u_f0d88b3aee,杭州有没有人拼！,2026-09-23,0,,
389,眼部护理,6aafb1f50000000026015b29,眼霜价格定了（低得出乎意料🥹破价,u_44caf9e7d5,有,2026-09-24,0,是,"低信息,回复"
390,眼部护理,6aafb1f50000000026015b29,眼霜价格定了（低得出乎意料🥹破价,u_9bce0d89c2,[捂脸R][捂脸R][捂脸R]预约了直播，肝游戏给忘了[捂脸R][捂脸R][捂脸R],2026-09-27,0,,
391,眼部护理,6aafb1f50000000026015b29,眼霜价格定了（低得出乎意料🥹破价,u_b51f32f092,期待！[派对R],2026-09-20,0,,
392,眼部护理,6aafb1f50000000026015b29,眼霜价格定了（低得出乎意料🥹破价,u_566e7c9c3e,眼霜拼单吗,2026-09-26,0,是,回复
393,眼部护理,6aafb1f50000000026015b29,眼霜价格定了（低得出乎意料🥹破价,u_20a7677aeb,15g一支的眼霜是不是能用好久啊[石化R],2026-09-20,0,,
394,眼部护理,6aafb1f50000000026015b29,眼霜价格定了（低得出乎意料🥹破价,u_c2b6a1bfab,浙江有人拼吗,2026-09-26,0,,
395,眼部护理,6aafb1f50000000026015b29,眼霜价格定了（低得出乎意料🥹破价,u_11ce7dae86,有拼的姐妹吗我只用的上一瓶[哭惹R],2026-09-20,0,,
396,眼部护理,6aafb1f50000000026015b29,眼霜价格定了（低得出乎意料🥹破价,u_5132262281,我我我！姐妹看我！,2026-09-20,0,是,回复
397,眼部护理,6aafb1f50000000026015b29,眼霜价格定了（低得出乎意料🥹破价,u_71f92b6602,和这款要怎么选哇？这款我快用完了,2026-09-20,0,,
398,眼部护理,6aafb1f50000000026015b29,眼霜价格定了（低得出乎意料🥹破价,u_3454919d17,这款是它的老版本，里面的活性物相对来说加得比较少一些。它有一些抗皱的功效，但是也没有这款强,2026-09-20,0,是,回复
399,眼部护理,6aafb1f50000000026015b29,眼霜价格定了（低得出乎意料🥹破价,u_a7827c207e,求拼,2026-09-22,0,,低信息
400,眼部护理,6aafb1f50000000026015b29,眼霜价格定了（低得出乎意料🥹破价,u_8a744ae864,姐妹我也上海的 拼吗[皱眉R],2026-09-22,0,是,回复
401,眼部护理,6aafb4920000000025037327,30+眼周抗老正确打开方式｜以油入霜,u_cd7fb47e7e,太有道理了，蹲好价,2026-09-21,1,,
402,眼部护理,6aafb4920000000025037327,30+眼周抗老正确打开方式｜以油入霜,u_a8866b7146,丸美小红笔眼霜4.0 ~我感觉这波大促的力度不容小觑！大家都蹲一蹲小tao子！！[派对R],2026-09-25,0,是,回复
403,眼部护理,6aafb4920000000025037327,30+眼周抗老正确打开方式｜以油入霜,u_ae810abde7,小红笔喜欢喜欢[害羞R],2026-09-22,0,,
404,眼部护理,6aafb4920000000025037327,30+眼周抗老正确打开方式｜以油入霜,u_31ab5a4508,用多久会起效呀,2026-09-22,0,,
405,眼部护理,6aafb4920000000025037327,30+眼周抗老正确打开方式｜以油入霜,u_5ebb6305fb,适合学生党吗,2026-09-21,0,,
406,眼部护理,6aafb4920000000025037327,30+眼周抗老正确打开方式｜以油入霜,u_e7c03e9ef4,学生党可以用这个吗？,2026-09-21,0,,
407,眼部护理,6aafb4920000000025037327,30+眼周抗老正确打开方式｜以油入霜,u_bf00568bec,眼周配了一根按摩棒么,2026-09-21,0,,
408,眼部护理,6aafb4920000000025037327,30+眼周抗老正确打开方式｜以油入霜,u_a17f7db503,状态太太夯啦,2026-09-21,0,,
409,眼部护理,6aafb4920000000025037327,30+眼周抗老正确打开方式｜以油入霜,u_7843c6bef8,好喜欢[皱眉R][皱眉R],2026-09-21,0,,
410,眼部护理,6aafb4920000000025037327,30+眼周抗老正确打开方式｜以油入霜,u_a66972b627,小红笔好吸收嘛 我感觉等好久就不爱用[拥抱R],2026-09-21,0,,
411,眼部护理,6aafb4920000000025037327,30+眼周抗老正确打开方式｜以油入霜,u_6894fa9a11,价格怎么样呀姐姐！,2026-09-21,0,,
412,眼部护理,6aafb847000000002803b00f,紧致眼周✨明亮星星眼也能按出来🥰,u_15feede61f,男的可以做吗,2026-09-20,1,,
413,眼部护理,6aafb847000000002803b00f,紧致眼周✨明亮星星眼也能按出来🥰,u_b24091f596,额 作品才发两天。。。,2026-09-22,1,是,回复
414,眼部护理,6aafb847000000002803b00f,紧致眼周✨明亮星星眼也能按出来🥰,u_0cf4823acd,🉑,2026-09-21,0,是,"低信息,回复"
415,眼部护理,6aafb847000000002803b00f,紧致眼周✨明亮星星眼也能按出来🥰,u_3f844318a3,真的有用唉！试了一周，明显感觉有变化！,2026-09-22,0,,
416,眼部护理,6aafb847000000002803b00f,紧致眼周✨明亮星星眼也能按出来🥰,u_5a445dfac6,12岁有用吗？@点点,2026-09-20,0,,
417,眼部护理,6aafb847000000002803b00f,紧致眼周✨明亮星星眼也能按出来🥰,u_47bb8a3291,"12岁正处于生长发育期，骨骼和肌肉还在发育中，这几个动作需要谨慎对待。
拉伸类动作（如第一个小腿提拉）相对安全，轻柔的按摩和拉伸有助于缓解肌肉紧张，对腿部线条有一定帮助，但力度要轻、时间不宜过长。
需要留意的动作：
芭蕾蹲：12岁膝盖软骨还在发育，做蹲类动作时膝盖容易承压过大，建议减少组数和次数，蹲到不痛的程度即可
盘坐压膝：这个动作对髋关节和膝盖柔韧性要求较高，发育期关节比较脆弱，压得太猛容易拉伤，建议时间缩短到1-2分钟，感觉不适立刻停下
总体来说，轻度拉伸可以做，但不要追求""快速瘦腿""的效果，发育期腿型还在自然变化中，过度训练反而可能影响骨骼正常生长。如果有条件，建议在专业老师指导下做适合年龄的拉伸运动。",2026-09-20,0,是,回复
418,眼部护理,6aafb847000000002803b00f,紧致眼周✨明亮星星眼也能按出来🥰,u_16abad655f,@点点ai 11岁有用吗,2026-09-20,0,,
419,眼部护理,6aafb847000000002803b00f,紧致眼周✨明亮星星眼也能按出来🥰,u_b83f3296a4,@点点 有用吗？,2026-09-21,0,是,回复
420,眼部护理,6aafb847000000002803b00f,紧致眼周✨明亮星星眼也能按出来🥰,u_98e4ffa051,要多久呀？,2026-09-20,0,,
421,眼部护理,6aafb847000000002803b00f,紧致眼周✨明亮星星眼也能按出来🥰,u_01e4e6f7b8,1,2026-09-20,0,,低信息
422,眼部护理,6aafb847000000002803b00f,紧致眼周✨明亮星星眼也能按出来🥰,u_bcf6e9819b,16岁有用吗@点点,2026-09-21,0,,
423,眼部护理,6aafb847000000002803b00f,紧致眼周✨明亮星星眼也能按出来🥰,u_47bb8a3291,"16岁可以做，但要注意强度和方式。
16岁骨骼和肌肉还在发育中，视频里三个动作的情况不太一样：
小腿提拉（第一个）：这个最安全，就是用手顺着小腿肚从下往上捋，属于轻柔的按摩拉伸，每天做一两次、力度适中没问题，能帮助放松肌肉、改善腿部线条。
芭蕾蹲（第二个）：这个需要膝盖弯曲发力，16岁膝盖软骨还没完全发育好，蹲多了容易伤膝盖。建议次数减半，比如每组15个左右，做两到三组，膝盖不舒服就马上停。
盘坐压膝（第三个）：对髋关节和膝盖柔韧性要求比较高，发育期关节比较脆弱，压太猛容易拉伤。时间缩短到1～2分钟就好，感觉不适立刻起来。
总的来说，轻度拉伸有助于缓解肌肉紧张、让腿部线条更好看，但16岁腿型本身还在自然发育中，不要追求""快速瘦腿""，过度训练反而可能影响骨骼正常生长。动作轻柔、量力而行就好。",2026-09-21,0,是,回复
424,眼部护理,6aafcd600000000029017627,即刻爆改垮脸干纹！TO眼霜你好事做尽！,u_918fde3c1f,用的同款，回购好多次了,2026-09-22,0,,
425,眼部护理,6aafcd600000000029017627,即刻爆改垮脸干纹！TO眼霜你好事做尽！,u_fb223c52f2,这才出来没几天的新品，你就回购好几次了呀[汗颜R][汗颜R][汗颜R],2026-09-24,0,是,回复
426,眼部护理,6aafcd600000000029017627,即刻爆改垮脸干纹！TO眼霜你好事做尽！,u_401d0142c0,被种草了,2026-09-22,0,,
427,眼部护理,6aafcd600000000029017627,即刻爆改垮脸干纹！TO眼霜你好事做尽！,u_59b23f2097,快来试试！,2026-09-24,0,是,回复
428,眼部护理,6aafcd600000000029017627,即刻爆改垮脸干纹！TO眼霜你好事做尽！,u_77a9f240ae,好像刷到过,2026-09-22,0,,
429,眼部护理,6aafcd600000000029017627,即刻爆改垮脸干纹！TO眼霜你好事做尽！,u_d6e0661c70,已经下单了,2026-09-22,0,,
430,眼部护理,6aafcd600000000029017627,即刻爆改垮脸干纹！TO眼霜你好事做尽！,u_ce00a8faa3,真的很好用,2026-09-22,0,,
431,眼部护理,6aafcd600000000029017627,即刻爆改垮脸干纹！TO眼霜你好事做尽！,u_566cd92a65,现在刚好需要,2026-09-22,0,,
432,眼部护理,6aafcd600000000029017627,即刻爆改垮脸干纹！TO眼霜你好事做尽！,u_36c9b4350f,种草了，这个不错,2026-09-22,0,,
433,眼部护理,6aafcd600000000029017627,即刻爆改垮脸干纹！TO眼霜你好事做尽！,u_b0a561cfa3,我也真的是服了那个东西收到没有外包装没有塑料风封层 不知道哪里的货。用了两次还行吧，效果有待考察。,2026-09-23,0,,
434,眼部护理,6aafcd600000000029017627,即刻爆改垮脸干纹！TO眼霜你好事做尽！,u_59b23f2097,谢谢你的分享！,2026-09-24,0,,
435,眼部护理,6aafcd600000000029017627,即刻爆改垮脸干纹！TO眼霜你好事做尽！,u_87fb12d0c5,喜欢干爽的[派对R],2026-09-22,0,,
436,眼部护理,6aafdec4000000002a02e660,人间酷刑，但无副作用的除眼纹项目,u_a78af6eb73,非剥脱眼周倒也不需要两个月啦，我做了全眼周上下眼睑贴着睫毛打，第一天肿成核桃大，眼睛都睁不开，第三天双眼皮就正常了，第四五天开始掉痂。,2026-09-20,2,,
437,眼部护理,6aafdec4000000002a02e660,人间酷刑，但无副作用的除眼纹项目,u_89298d46e7,对了，做眼周的项目，一定记得提前一两周多补水，不用刺激的产品，不然打的时候会比较痛！,2026-09-20,1,,
438,眼部护理,6aafdec4000000002a02e660,人间酷刑，但无副作用的除眼纹项目,u_5893b0c293,我做了Up剥脱哈哈哈,2026-09-21,1,,
439,眼部护理,6aafdec4000000002a02e660,人间酷刑，但无副作用的除眼纹项目,u_89298d46e7,我过几天又要去做啦，到时候给大家分享全过程,2026-09-22,1,,
440,眼部护理,6aafdec4000000002a02e660,人间酷刑，但无副作用的除眼纹项目,u_79dd2dfa07,美女你做的m22剥脱吗,2026-09-21,1,,
441,眼部护理,6aafdec4000000002a02e660,人间酷刑，但无副作用的除眼纹项目,u_2f23f06483,好！敷眼膜行吗,2026-09-21,0,是,回复
442,眼部护理,6aafdec4000000002a02e660,人间酷刑，但无副作用的除眼纹项目,u_89298d46e7,我朋友打完一个多月了还没完全恢复,2026-09-21,0,是,回复
443,眼部护理,6aafdec4000000002a02e660,人间酷刑，但无副作用的除眼纹项目,u_89298d46e7,第几天啦！,2026-09-21,0,是,回复
444,眼部护理,6aafdec4000000002a02e660,人间酷刑，但无副作用的除眼纹项目,u_7853864c7a,等你,2026-09-24,0,是,"低信息,回复"
445,眼部护理,6aafdec4000000002a02e660,人间酷刑，但无副作用的除眼纹项目,u_728f1dcaf6,太疼了！,2026-09-27,0,,
446,眼部护理,6aafdec4000000002a02e660,人间酷刑，但无副作用的除眼纹项目,u_c31c94840c,姐妹，你后续这个干燥红肿结痂大概会持续多少天啊？过了多少天能恢复到比术前更好的一个状态呢？,2026-09-22,0,,
447,眼部护理,6aafdec4000000002a02e660,人间酷刑，但无副作用的除眼纹项目,u_89298d46e7,没几天几天恢复了，这个第二天社交距离就看不太出来了。,2026-09-22,0,是,回复
448,眼部护理,6aafdec4000000002a02e660,人间酷刑，但无副作用的除眼纹项目,u_c7962327a5,姐妹 有用吗,2026-09-26,0,,
449,眼部护理,6aafdec4000000002a02e660,人间酷刑，但无副作用的除眼纹项目,u_ff3b58e86a,那是不是疼死,2026-09-26,0,,
450,眼部护理,6aafe36d000000002802e87f,每次用完都买不起了,u_a7e37d46cb,这个在大润发里面买送的东西多的很，我以前买了一个面霜，送的水乳小样，还有洗面奶，还送了面霜小样,2026-09-21,2,,
451,眼部护理,6aafe36d000000002802e87f,每次用完都买不起了,u_aa1548f30d,买小样,2026-09-21,1,,
452,眼部护理,6aafe36d000000002802e87f,每次用完都买不起了,u_7bcfd232da,你试试旗舰店的，觉得不好就退货,2026-09-21,1,,
453,眼部护理,6aafe36d000000002802e87f,每次用完都买不起了,u_6af2fef336,旗舰店9.9一个8毫升经常买，屯了几十个,2026-09-25,1,,
454,眼部护理,6aafe36d000000002802e87f,每次用完都买不起了,u_c2d08029bb,双十一，618大促活动的时候买不贵啊，我现在也一直用这套,2026-09-25,1,,
455,眼部护理,6aafe36d000000002802e87f,每次用完都买不起了,u_9e2b3ede7f,我是在屈臣氏买的，现在有买二送二活动[害羞R]，我直接拿下了,2026-09-22,1,,
456,眼部护理,6aafe36d000000002802e87f,每次用完都买不起了,u_8a73a48b2b,小样便宜好多啊 品质一样吗？,2026-09-21,0,是,回复
457,眼部护理,6aafe36d000000002802e87f,每次用完都买不起了,u_8a73a48b2b,试用后可以退吗？我看某东旗舰店上价格一样 送一堆小样 总体没有线下划算 线下是原价送388元一瓶的正装眼霜,2026-09-21,0,是,回复
458,眼部护理,6aafe36d000000002802e87f,每次用完都买不起了,u_8a73a48b2b,是的 做活动时候送一堆东西 但不是帧颜系列 我感觉帧颜产品更好用 我都要求送帧颜的 促销员最多给我3瓶霜送2瓶眼霜,2026-09-21,0,是,回复
459,眼部护理,6aafe36d000000002802e87f,每次用完都买不起了,u_7fc44bc85e,这个霜有什么功效呀[派对R][派对R][派对R],2026-09-23,0,,
460,眼部护理,6aafe36d000000002802e87f,每次用完都买不起了,u_8a73a48b2b,我用的感受是保湿效果比百雀羚其他系列好 产品本身说保湿和淡纹,2026-09-23,0,是,回复
461,眼部护理,6aafe36d000000002802e87f,每次用完都买不起了,u_0bfc9fc1f7,我8月份买的300多一瓶正装面霜两瓶楚中样，一瓶灵芝系列眼霜中样和一个正装洗面奶还有一盒次抛，还有帧颜系列小样水乳，一条唇膏[偷笑R],2026-09-22,0,,
462,眼部护理,6aafe36d000000002802e87f,每次用完都买不起了,u_8a73a48b2b,赠品超级多,2026-09-22,0,是,回复
463,眼部护理,6aafe36d000000002802e87f,每次用完都买不起了,u_e36655a5fb,我们店买二送一,2026-09-21,0,,
464,眼部护理,6aafe36d000000002802e87f,每次用完都买不起了,u_8a73a48b2b,送同款吗？买2瓶送同款正装1瓶吗？,2026-09-21,0,是,回复
465,眼部护理,6aafe36d000000002802e87f,每次用完都买不起了,u_70a67bad1c,你可以去屈臣氏看看最近买二送二,2026-09-24,0,,
466,眼部护理,6ab076420000000012025a5c,被胖东来安利✅平价也能好好做眼部保湿,u_a1fbd1c63d,d1,2026-09-21,1,,低信息
467,眼部护理,6ab076420000000012025a5c,被胖东来安利✅平价也能好好做眼部保湿,u_84da216511,求第一个[飞吻R],2026-09-21,1,,
468,眼部护理,6ab076420000000012025a5c,被胖东来安利✅平价也能好好做眼部保湿,u_49fd7674bf,[偷笑R],2026-09-22,1,,
469,眼部护理,6ab076420000000012025a5c,被胖东来安利✅平价也能好好做眼部保湿,u_7095ed016a,我在用,2026-09-21,0,,
470,眼部护理,6ab076420000000012025a5c,被胖东来安利✅平价也能好好做眼部保湿,u_97df5cdbf6,[doge]好用哈,2026-09-21,0,是,回复
471,眼部护理,6ab076420000000012025a5c,被胖东来安利✅平价也能好好做眼部保湿,u_263574d43b,看来需要吧我的兰蔻换下了,2026-09-21,0,,
472,眼部护理,6ab076420000000012025a5c,被胖东来安利✅平价也能好好做眼部保湿,u_97df5cdbf6,主要贵哈，长期用遭不住哈,2026-09-21,0,是,回复
473,眼部护理,6ab076420000000012025a5c,被胖东来安利✅平价也能好好做眼部保湿,u_dc978c689d,这个好用不,2026-09-21,0,,
474,眼部护理,6ab076420000000012025a5c,被胖东来安利✅平价也能好好做眼部保湿,u_97df5cdbf6,好用的，我自用空瓶[派对R],2026-09-21,0,是,回复
475,眼部护理,6ab076420000000012025a5c,被胖东来安利✅平价也能好好做眼部保湿,u_6ac25ccaf3,可以试一下[微笑R],2026-09-22,0,,
476,眼部护理,6ab0a0060000000011038328,百万人跟练的眼部撸铁！睡前2分钟跟练版2.0,u_119798fcfa,有没有跟练纯享版呀[派对R][派对R],2026-09-25,0,,
477,眼部护理,6ab0a0060000000011038328,百万人跟练的眼部撸铁！睡前2分钟跟练版2.0,u_7573438aa6,需要,2026-09-27,0,,低信息
478,眼部护理,6ab0a0720000000025034655,淡眼纹这么牛！可丽金你咋不早说…,u_284bbbd692,眼周真的老得最快，一笑一堆干细纹，急需这款！,2026-09-25,0,,
479,眼部护理,6ab0a0720000000025034655,淡眼纹这么牛！可丽金你咋不早说…,u_6a71dc3800,是这样[哭惹R]眼周抗老真得提前做！,2026-09-25,0,是,回复
480,眼部护理,6ab0a0720000000025034655,淡眼纹这么牛！可丽金你咋不早说…,u_345cee6497,眼霜吸收快吗？,2026-09-27,0,,
481,眼部护理,6ab0a0720000000025034655,淡眼纹这么牛！可丽金你咋不早说…,u_65ff0772b4,会不会油腻,2026-09-26,0,,
482,眼部护理,6ab0a0720000000025034655,淡眼纹这么牛！可丽金你咋不早说…,u_496effe21d,好用，感觉黑眼圈淡了很多,2026-09-26,0,,
483,眼部护理,6ab0a0720000000025034655,淡眼纹这么牛！可丽金你咋不早说…,u_55ec87c86c,眼霜好不好吸收了？,2026-09-23,0,,
484,眼部护理,6ab0a0720000000025034655,淡眼纹这么牛！可丽金你咋不早说…,u_44cf3de5ff,很好吸收,2026-09-23,0,是,回复
485,眼部护理,6ab0a0720000000025034655,淡眼纹这么牛！可丽金你咋不早说…,u_ca6fe83e17,这个质地油皮涂眼周会不会搓泥 我是那种涂厚一点就长粒子的皮,2026-09-23,0,,
486,眼部护理,6ab0a0720000000025034655,淡眼纹这么牛！可丽金你咋不早说…,u_68f9938e4c,熬夜党码住了,2026-09-21,0,,
487,眼部护理,6ab0a0720000000025034655,淡眼纹这么牛！可丽金你咋不早说…,u_e401952361,多久可以看到淡纹效果呢,2026-09-25,0,,
488,眼部护理,6ab0a0720000000025034655,淡眼纹这么牛！可丽金你咋不早说…,u_f6b23d4809,面霜可以淡化细纹吗？,2026-09-24,0,,
489,眼部护理,6ab0a0720000000025034655,淡眼纹这么牛！可丽金你咋不早说…,u_ae9f1f1923,我是觉得晚上用比白天用效果要好,2026-09-24,0,,
490,眼部护理,6ab0a2e40000000027014bae,46岁，弄没了陈年老眼袋，感受吧……,u_8a038da79b,眼袋下去了，人也精神了[害羞R][害羞R],2026-09-22,9,,
491,眼部护理,6ab0a2e40000000027014bae,46岁，弄没了陈年老眼袋，感受吧……,u_2d7e6bf8ad,年轻了十岁[烟花R],2026-09-23,3,是,回复
492,眼部护理,6ab0a2e40000000027014bae,46岁，弄没了陈年老眼袋，感受吧……,u_8a038da79b,护理的[飞吻R],2026-09-23,3,是,回复
493,眼部护理,6ab0a2e40000000027014bae,46岁，弄没了陈年老眼袋，感受吧……,u_fbe126b07c,私信一下[玫瑰R],2026-09-21,1,,
494,眼部护理,6ab0a2e40000000027014bae,46岁，弄没了陈年老眼袋，感受吧……,u_3c7a03f56f,护理,2026-09-22,0,,低信息
495,眼部护理,6ab0a2e40000000027014bae,46岁，弄没了陈年老眼袋，感受吧……,u_8a038da79b,丝哟，发你[飞吻R],2026-09-22,0,是,回复
496,眼部护理,6ab0a2e40000000027014bae,46岁，弄没了陈年老眼袋，感受吧……,u_8a038da79b,可以啊,2026-09-22,0,是,回复
497,眼部护理,6ab0a2e40000000027014bae,46岁，弄没了陈年老眼袋，感受吧……,u_e5c5fa5c7b,怎么弄没的？,2026-09-23,0,,
498,眼部护理,6ab0a2e40000000027014bae,46岁，弄没了陈年老眼袋，感受吧……,u_d7516b1657,求分享[飞吻R],2026-09-27,0,,
499,眼部护理,6ab0a2e40000000027014bae,46岁，弄没了陈年老眼袋，感受吧……,u_4a35ea54c0,咋没的？孟女士,2026-09-24,0,,
500,眼部护理,6ab0a2e40000000027014bae,46岁，弄没了陈年老眼袋，感受吧……,u_8a038da79b,我是护理的[飞吻R],2026-09-24,0,是,回复
501,眼部护理,6ab0a2e40000000027014bae,46岁，弄没了陈年老眼袋，感受吧……,u_8328501fc5,是手术吗？,2026-09-25,0,,
502,眼部护理,6ab0a2e40000000027014bae,46岁，弄没了陈年老眼袋，感受吧……,u_8a038da79b,我的没有,2026-09-25,0,是,回复
503,眼部护理,6ab0a2e40000000027014bae,46岁，弄没了陈年老眼袋，感受吧……,u_2c03f34bf3,发我下，谢谢,2026-09-27,0,,
504,眼部护理,6ab0a2e40000000027014bae,46岁，弄没了陈年老眼袋，感受吧……,u_2124841c94,怎么消眼袋啊[偷笑R],2026-09-23,0,,
505,眼部护理,6ab0a2e40000000027014bae,46岁，弄没了陈年老眼袋，感受吧……,u_8a038da79b,护理的,2026-09-23,0,是,回复
506,眼部护理,6ab0a2e40000000027014bae,46岁，弄没了陈年老眼袋，感受吧……,u_b8f640c1de,做手术？,2026-09-21,0,,
507,眼部护理,6ab0a2e40000000027014bae,46岁，弄没了陈年老眼袋，感受吧……,u_8a038da79b,我的没动🔪，我是护理的,2026-09-21,0,是,回复
508,眼部护理,6ab0a9fb000000002502ca60,中式眼部“撸铁”！养出紧实星星眼~,u_9eee8a8578,长得好像那个喜洋洋博主,2026-09-23,0,,
509,眼部护理,6ab0a9fb000000002502ca60,中式眼部“撸铁”！养出紧实星星眼~,u_0a6b32e474,来学了,2026-09-22,0,,
510,眼部护理,6ab0a9fb000000002502ca60,中式眼部“撸铁”！养出紧实星星眼~,u_c9cf8f75df,第一[回招呼],2026-09-22,0,,
511,眼部护理,6ab0a9fb000000002502ca60,中式眼部“撸铁”！养出紧实星星眼~,u_051dbd180f,来学了宝贝[派对R]这个眼霜我也用了一罐了,2026-09-22,0,,
512,眼部护理,6ab0b3080000000012037b5c,锐评The Ordinary眼霜，我把26个成分扒完了！,u_915e4a74eb,对得起88[笑哭R],2026-09-23,6,是,回复
513,眼部护理,6ab0b3080000000012037b5c,锐评The Ordinary眼霜，我把26个成分扒完了！,u_f3029de7e2,即可收紧那不就是胶类干巴吗？[笑哭R][失望R],2026-09-23,6,,
514,眼部护理,6ab0b3080000000012037b5c,锐评The Ordinary眼霜，我把26个成分扒完了！,u_915e4a74eb,紧不╰(⇀‸↼)╯,2026-09-23,5,是,回复
515,眼部护理,6ab0b3080000000012037b5c,锐评The Ordinary眼霜，我把26个成分扒完了！,u_915e4a74eb,如果是天生的 青紫色那种血管类型的黑眼圈，可以试试。要是偏深棕色的色素型黑眼圈 估计作用比较有限,2026-09-26,1,是,回复
516,眼部护理,6ab0b3080000000012037b5c,锐评The Ordinary眼霜，我把26个成分扒完了！,u_36fd2de03e,我用了几天感觉纹少了,2026-09-22,1,,
517,眼部护理,6ab0b3080000000012037b5c,锐评The Ordinary眼霜，我把26个成分扒完了！,u_6b22f42944,也算效果,2026-09-21,1,,
518,眼部护理,6ab0b3080000000012037b5c,锐评The Ordinary眼霜，我把26个成分扒完了！,u_915e4a74eb,可以试试 质地也比较水润的,2026-09-22,1,是,回复
519,眼部护理,6ab0b3080000000012037b5c,锐评The Ordinary眼霜，我把26个成分扒完了！,u_915e4a74eb,有没有已经拿到手的姐妹们[仙女R],2026-09-22,0,,
520,眼部护理,6ab0b3080000000012037b5c,锐评The Ordinary眼霜，我把26个成分扒完了！,u_fb223c52f2,妈呀，刚刚到货，我这要不要开包，还是退货啊[笑哭R][笑哭R],2026-09-23,0,,
521,眼部护理,6ab0b3080000000012037b5c,锐评The Ordinary眼霜，我把26个成分扒完了！,u_82ddf0e4a9,请问天生黑眼圈的话用 to 的咖啡因眼霜有用吗,2026-09-26,0,,
522,眼部护理,6ab0b3080000000012037b5c,锐评The Ordinary眼霜，我把26个成分扒完了！,u_ad0c24143a,请教博主我熟龄肌 上眼皮松弛细纹 用哪款合适,2026-09-26,0,,
523,眼部护理,6ab0b3080000000012037b5c,锐评The Ordinary眼霜，我把26个成分扒完了！,u_915e4a74eb,兰蔻菁纯眼霜或者惜玥的胜肽精华 可以试试,2026-09-26,0,是,回复
524,眼部护理,6ab0b3080000000012037b5c,锐评The Ordinary眼霜，我把26个成分扒完了！,u_926425e678,我刚买 希望有效。 A的话反而会假性干纹吧,2026-09-22,0,,
525,眼部护理,6ab0b3080000000012037b5c,锐评The Ordinary眼霜，我把26个成分扒完了！,u_915e4a74eb,这个价格 感觉还不错了  如果A醇的话做好保湿就行[仙女R],2026-09-22,0,是,回复
526,眼部护理,6ab0b3080000000012037b5c,锐评The Ordinary眼霜，我把26个成分扒完了！,u_915e4a74eb,可以可以[仙女R],2026-09-22,0,是,回复
527,眼部护理,6ab0b3080000000012037b5c,锐评The Ordinary眼霜，我把26个成分扒完了！,u_027ed9e717,可以做眼膜吗,2026-09-22,0,,
528,眼部护理,6ab0b3080000000012037b5c,锐评The Ordinary眼霜，我把26个成分扒完了！,u_842d7a4b83,笑起来有鱼尾纹，眼皮松，早上起来眼睛肿用啥呀[哭惹R][哭惹R][哭惹R],2026-09-25,0,,
529,眼部护理,6ab0b3080000000012037b5c,锐评The Ordinary眼霜，我把26个成分扒完了！,u_915e4a74eb,鱼尾纹感觉还是用肉肉[笑哭R] 眼霜只能辅助，松、水肿可以试试胜肽眼霜  咖啡因眼霜,2026-09-25,0,是,回复
530,眼部护理,6ab0cfa10000000034036ff8,（无标题）,u_85f31335e9,三甲医院这点好做一次如果觉得效果好再进行第二次，不推销，反正做了就少点熬夜，注意防晒,2026-09-21,18,是,回复
531,眼部护理,6ab0cfa10000000034036ff8,（无标题）,u_85f31335e9,加上挂号2300,2026-09-21,4,是,回复
532,眼部护理,6ab0cfa10000000034036ff8,（无标题）,u_460941a215,说后面会反弹真的假的,2026-09-21,3,,
533,眼部护理,6ab0cfa10000000034036ff8,（无标题）,u_85f31335e9,后期的，20岁的时候有,2026-09-22,3,是,回复
534,眼部护理,6ab0cfa10000000034036ff8,（无标题）,u_85f31335e9,我是色素和血管混合型的,2026-09-21,2,是,回复
535,眼部护理,6ab0cfa10000000034036ff8,（无标题）,u_719dd5619c,是佛山市一医院吗？挂什么科,2026-09-21,2,,
536,眼部护理,6ab0cfa10000000034036ff8,（无标题）,u_871005364a,什么类型的黑眼圈啊，色素型的做激光管用吗。,2026-09-21,1,,
537,眼部护理,6ab0cfa10000000034036ff8,（无标题）,u_ef451bbbf1,痛吗,2026-09-21,1,,低信息
538,眼部护理,6ab0cfa10000000034036ff8,（无标题）,u_e919fd8fa7,我去广州皮肤科医院做的 我感觉很小变化 3300一次 我真的看不出变化 所以没理由再劝自己去了 我打了两次 1打了两次后，2是没打之前，我第一次打还起了紫癜 第二次打就没有,2026-09-25,1,,
539,眼部护理,6ab0cfa10000000034036ff8,（无标题）,u_e892e57bdf,之前在深二院打过一次光子和染料脉冲，没看出效果就没去了，一次一千二太贵了，血管型色素型，而且服务很不周到，麻药没多少，打完激光没有冰袋，就给个结冰的药水瓶自己敷，硬邦邦的又重又不贴脸,2026-09-21,0,,
540,眼部护理,6ab0cfa10000000034036ff8,（无标题）,u_85f31335e9,我是佛山市一，不过要2300左右一次，服务挺好，注意事项都给你，我整体感觉还行,2026-09-22,0,是,回复
541,眼部护理,6ab0cfa10000000034036ff8,（无标题）,u_b61b132acf,这种是血管型吗,2026-09-27,0,,
542,眼部护理,6ab0cfa10000000034036ff8,（无标题）,u_85f31335e9,不是很痛，做完用冰敷，可以接受,2026-09-21,0,是,回复
543,眼部护理,6ab0cfa10000000034036ff8,（无标题）,u_b3b67a6dfb,多少钱？,2026-09-21,0,,
544,眼部护理,6ab0cfa10000000034036ff8,（无标题）,u_cf26aee26b,你的黑眼圈是天生的嘛，礼貌问一下[害羞R],2026-09-22,0,,
545,眼部护理,6ab0cfa10000000034036ff8,（无标题）,u_d059e9bac1,做的什么项目？,2026-09-21,0,,
546,眼部护理,6ab0cfa10000000034036ff8,（无标题）,u_85f31335e9,激光,2026-09-21,0,是,"低信息,回复"
547,眼部护理,6ab0d4a50000000038037c12,涂上眼皮就变紧？TO你成功创造历史了🫪,u_4e7f019752,这个跟咖啡因精华一起用，消肿紧致效果可猛[doge],2026-09-21,3,,
548,眼部护理,6ab0d4a50000000038037c12,涂上眼皮就变紧？TO你成功创造历史了🫪,u_cb34a3f204,哪里买,2026-09-22,1,,
549,眼部护理,6ab0d4a50000000038037c12,涂上眼皮就变紧？TO你成功创造历史了🫪,u_30cc2b0cb3,眼袋会消吗,2026-09-23,1,,
550,眼部护理,6ab0d4a50000000038037c12,涂上眼皮就变紧？TO你成功创造历史了🫪,u_1fefb85125,可以呀 他们官方放的对比图就是熟龄肌的眼周涂抹眼霜前后状态差距 效果巨惊人[捂脸R],2026-09-23,1,是,回复
551,眼部护理,6ab0d4a50000000038037c12,涂上眼皮就变紧？TO你成功创造历史了🫪,u_1fefb85125,zai🍑theordinaryPDRN眼霜,2026-09-22,0,是,回复
552,眼部护理,6ab0d4a50000000038037c12,涂上眼皮就变紧？TO你成功创造历史了🫪,u_1fefb85125,搭起来用感觉世界上不存在肿泡眼这种情况了[笑哭R],2026-09-21,0,是,回复
553,眼部护理,6ab0d4a50000000038037c12,涂上眼皮就变紧？TO你成功创造历史了🫪,u_b37c489515,我在淘宝官网买，感觉有效果，才用了几天，眼睛下面眼袋有紧致，很出乎我意料,2026-09-27,0,,
554,眼部护理,6ab0d4a50000000038037c12,涂上眼皮就变紧？TO你成功创造历史了🫪,u_323d3a7663,真的吗 那我要买,2026-09-25,0,,
555,眼部护理,6ab0d4a50000000038037c12,涂上眼皮就变紧？TO你成功创造历史了🫪,u_1fefb85125,有货的话赶紧试试 我看到马来的朋友说他们那边官网已经断货了[笑哭R],2026-09-25,0,是,回复
556,眼部护理,6ab0d4a50000000038037c12,涂上眼皮就变紧？TO你成功创造历史了🫪,u_1fefb85125,会的 to加的这个多糖很神奇 我是第一次在眼霜里看到这么快的[捂脸R],2026-09-23,0,是,回复
557,眼部护理,6ab0d4a50000000038037c12,涂上眼皮就变紧？TO你成功创造历史了🫪,u_77e456ef12,这款吗？,2026-09-27,0,,
558,眼部护理,6ab0d4a50000000038037c12,涂上眼皮就变紧？TO你成功创造历史了🫪,u_05722029ef,去干纹、细纹嘛,2026-09-25,0,,
559,眼部护理,6ab0d4a50000000038037c12,涂上眼皮就变紧？TO你成功创造历史了🫪,u_1fefb85125,可以的 目前用下来感觉即时和长线效果的不错哈哈哈,2026-09-25,0,是,回复
560,眼部护理,6ab0d4a50000000038037c12,涂上眼皮就变紧？TO你成功创造历史了🫪,u_cec353c189,官方直接卖下架了，根本买不到[石化R]50+熟龄肌也能涂吗,2026-09-22,0,,
561,眼部护理,6ab0d4a50000000038037c12,涂上眼皮就变紧？TO你成功创造历史了🫪,u_fa03ccdf15,刚开始用的时候真的感觉眼周紧紧的 被拉着的感觉,2026-09-22,0,,
562,眼部护理,6ab0d4a50000000038037c12,涂上眼皮就变紧？TO你成功创造历史了🫪,u_1fefb85125,哈哈哈 就是FilmFormer 多糖提拉网络的功劳  我第一次用直接震惊了[笑哭R],2026-09-22,0,是,回复
563,眼部护理,6ab0d4a50000000038037c12,涂上眼皮就变紧？TO你成功创造历史了🫪,u_2a1c810410,买了，但是10刀的眼霜真的不指望…但是真的好奇它怎么敢的…我今晚再继续用看看…,2026-09-24,0,,
564,眼部护理,6ab0d4a50000000038037c12,涂上眼皮就变紧？TO你成功创造历史了🫪,u_1fefb85125,蹲蹲宝子你的反馈[害羞R],2026-09-25,0,是,回复
565,眼部护理,6ab0dc0000000000350143d8,锐评雏菊的天空琥珀眼油，眼周真能亮吗？,u_38b53f60b4,使用过，好用的眼霜,2026-09-21,0,,
566,眼部护理,6ab0dc0000000000350143d8,锐评雏菊的天空琥珀眼油，眼周真能亮吗？,u_e514e1c0b4,眼角小细纹用它能改善吗？,2026-09-22,0,,
567,眼部护理,6ab0dc0000000000350143d8,锐评雏菊的天空琥珀眼油，眼周真能亮吗？,u_82eb8122fe,种草了，一直想买个眼油试一试，就怕太黏腻了,2026-09-21,0,,
568,眼部护理,6ab0dc0000000000350143d8,锐评雏菊的天空琥珀眼油，眼周真能亮吗？,u_9d92a6a4ee,后续曡眼霜或者上妆，也没卡粉。,2026-09-21,0,,
569,眼部护理,6ab0dc0000000000350143d8,锐评雏菊的天空琥珀眼油，眼周真能亮吗？,u_2dd1b5b402,黑眼圈还有眼袋用它可以改善吗？,2026-09-21,0,,
570,眼部护理,6ab0dc0000000000350143d8,锐评雏菊的天空琥珀眼油，眼周真能亮吗？,u_bc1f344c10,用完眼油还需要使用眼霜吗,2026-09-21,0,,
571,眼部护理,6ab0dc0000000000350143d8,锐评雏菊的天空琥珀眼油，眼周真能亮吗？,u_bbaab7553d,早上用还是晚上用效果好呢？,2026-09-21,0,,
572,眼部护理,6ab0dc0000000000350143d8,锐评雏菊的天空琥珀眼油，眼周真能亮吗？,u_78f2a084e9,我用过这款眼油，效果确实不错,2026-09-21,0,,
573,眼部护理,6ab0dc0000000000350143d8,锐评雏菊的天空琥珀眼油，眼周真能亮吗？,u_2c5a79ab0e,用上眼油会糊眼吗,2026-09-21,0,,
574,眼部护理,6ab0dc0000000000350143d8,锐评雏菊的天空琥珀眼油，眼周真能亮吗？,u_d3490b8d8d,适合多大年龄用呢？,2026-09-21,0,,
575,眼部护理,6ab0dc0000000000350143d8,锐评雏菊的天空琥珀眼油，眼周真能亮吗？,u_1307f2526d,使用过，好用的眼霜,6天前上海,0,,
576,眼部护理,6ab0dc0000000000350143d8,锐评雏菊的天空琥珀眼油，眼周真能亮吗？,u_b567fa7b05,眼角小细纹用它能改善吗？,6天前广东,0,,
577,眼部护理,6ab0dc0000000000350143d8,锐评雏菊的天空琥珀眼油，眼周真能亮吗？,u_e32e6dd948,种草了，一直想买个眼油试一试，就怕太黏腻了,6天前广东,0,,
578,眼部护理,6ab0dc0000000000350143d8,锐评雏菊的天空琥珀眼油，眼周真能亮吗？,u_6207b8361d,后续曡眼霜或者上妆，也没卡粉。,6天前河南,0,,
579,眼部护理,6ab0dc0000000000350143d8,锐评雏菊的天空琥珀眼油，眼周真能亮吗？,u_415197029b,黑眼圈还有眼袋用它可以改善吗？,6天前云南,0,,
580,眼部护理,6ab0dc0000000000350143d8,锐评雏菊的天空琥珀眼油，眼周真能亮吗？,u_9cb517cb0b,用完眼油还需要使用眼霜吗,6天前山西,0,,
581,眼部护理,6ab0dc0000000000350143d8,锐评雏菊的天空琥珀眼油，眼周真能亮吗？,u_f26ad073e2,早上用还是晚上用效果好呢？,6天前山西,0,,
582,眼部护理,6ab0dc0000000000350143d8,锐评雏菊的天空琥珀眼油，眼周真能亮吗？,u_99c7ecf263,我用过这款眼油，效果确实不错,6天前山东,0,,
583,眼部护理,6ab0dc0000000000350143d8,锐评雏菊的天空琥珀眼油，眼周真能亮吗？,u_c5e4e2a256,用上眼油会糊眼吗,6天前山东,0,,
584,眼部护理,6ab0dc0000000000350143d8,锐评雏菊的天空琥珀眼油，眼周真能亮吗？,u_962946c12d,适合多大年龄用呢？,6天前山西,0,,
585,眼部护理,6ab0df370000000031006ff0,锐评TO历史性新品—PDRN眼霜,u_40c597510b,的确用完即刻有种眼睛睁🉐更大的感觉,2026-09-23,1,,
586,眼部护理,6ab0df370000000031006ff0,锐评TO历史性新品—PDRN眼霜,u_e05f3c7918,能收紧眼袋吗？,2026-09-22,1,,
587,眼部护理,6ab0df370000000031006ff0,锐评TO历史性新品—PDRN眼霜,u_4e7f019752,根据官方给的对比图，是有一定的效果的,2026-09-22,1,是,回复
588,眼部护理,6ab0df370000000031006ff0,锐评TO历史性新品—PDRN眼霜,u_a1a0096e12,质地太厚重了吧[捂脸R]薄薄地涂吧,2026-09-25,1,是,回复
589,眼部护理,6ab0df370000000031006ff0,锐评TO历史性新品—PDRN眼霜,u_59b23f2097,谢谢你的干货分享！,2026-09-24,1,,
590,眼部护理,6ab0df370000000031006ff0,锐评TO历史性新品—PDRN眼霜,u_fb223c52f2,这一款是白天用更好吧,2026-09-21,1,,
591,眼部护理,6ab0df370000000031006ff0,锐评TO历史性新品—PDRN眼霜,u_4c4c28da8c,那我必须要买来试试了[色色R],2026-09-21,1,,
592,眼部护理,6ab0df370000000031006ff0,锐评TO历史性新品—PDRN眼霜,u_59b23f2097,那快来试试,2026-09-24,1,是,回复
593,眼部护理,6ab0df370000000031006ff0,锐评TO历史性新品—PDRN眼霜,u_9d3fee4dbb,眼尾有提升效果？,2026-09-23,0,是,回复
594,眼部护理,6ab0df370000000031006ff0,锐评TO历史性新品—PDRN眼霜,u_b7e59c31c4,用了几天眼周长了脂肪粒[哭惹R],2026-09-25,0,,
595,眼部护理,6ab0df370000000031006ff0,锐评TO历史性新品—PDRN眼霜,u_4e7f019752,早晚都可以用，如果看中了它的即时提拉效果是更适合放在白天用的,2026-09-21,0,是,回复
596,眼部护理,6ab0df370000000031006ff0,锐评TO历史性新品—PDRN眼霜,u_88f8add1eb,还好昨天下单了 今天一看卖断货了。 不知道好不好用,2026-09-21,0,,
597,眼部护理,6ab0df370000000031006ff0,锐评TO历史性新品—PDRN眼霜,u_4e7f019752,是的，昨天晚上我看还有货，今天就没货了hhh,2026-09-21,0,是,回复
598,眼部护理,6ab0df370000000031006ff0,锐评TO历史性新品—PDRN眼霜,u_30aa38d645,这款需要防晒吗,2026-09-23,0,,
599,眼部护理,6ab0df370000000031006ff0,锐评TO历史性新品—PDRN眼霜,u_4e7f019752,它没有光敏性，不过防晒无论涂啥都是要做的,2026-09-24,0,是,回复
600,眼部护理,6ab0df370000000031006ff0,锐评TO历史性新品—PDRN眼霜,u_d7db94f7ea,丝芙兰是不是有得卖啊,2026-09-23,0,,
601,眼部护理,6ab0df370000000031006ff0,锐评TO历史性新品—PDRN眼霜,u_f28293158b,立刻有效果，那会不会过一会儿用没效果了？,2026-09-24,0,,
602,眼部护理,6ab0e27d000000003301013a,黑眼圈是一坨瘀血吗,u_59a8b450e3,多磺酸粘多糖乳膏,2026-09-24,0,,
603,眼部护理,6ab0e27d000000003301013a,黑眼圈是一坨瘀血吗,u_0d4457c175,不熬夜的眼睛也黑，该怎么办呢。这种情况有五六年了,2026-09-24,0,,
604,眼部护理,6ab0e6d9000000003302cdbc,改善黑眼圈看这条就行,u_20a1039d8f,还分不清黑眼圈类型或者眼部问题的，留言问我[萌萌哒R][萌萌哒R],2026-09-23,2,,
605,眼部护理,6ab0e6d9000000003302cdbc,改善黑眼圈看这条就行,u_20a1039d8f,对，你自测下，基本都是混合型吧,2026-09-23,1,是,回复
606,眼部护理,6ab0e6d9000000003302cdbc,改善黑眼圈看这条就行,u_02a6b2c7fd,效果这么好啊，羡慕,2026-09-23,0,,
607,眼部护理,6ab0e6d9000000003302cdbc,改善黑眼圈看这条就行,u_20a1039d8f,你也用下,2026-09-23,0,是,回复
608,眼部护理,6ab0e6d9000000003302cdbc,改善黑眼圈看这条就行,u_89c07bf2bd,我这种血管型的黑眼圈眼霜已经救不回来了。,2026-09-26,0,,
609,眼部护理,6ab0e6d9000000003302cdbc,改善黑眼圈看这条就行,u_fc2b4a9d5f,原来黑眼圈分这么多[笑哭R]第一次知道,2026-09-23,0,,
610,眼部护理,6ab0e6d9000000003302cdbc,改善黑眼圈看这条就行,u_fe4230e914,最近更新很勤快虎子[偷笑R],2026-09-23,0,,
611,眼部护理,6ab0e6d9000000003302cdbc,改善黑眼圈看这条就行,u_d6f1d4b094,听到18走不动道[暗中观察R]气晕了,2026-09-23,0,,
612,眼部护理,6ab0e6d9000000003302cdbc,改善黑眼圈看这条就行,u_20a1039d8f,哈哈哈哈哈我会等现货直接买[笑哭R],2026-09-23,0,是,回复
613,眼部护理,6ab0e6d9000000003302cdbc,改善黑眼圈看这条就行,u_3a30df3f63,我是色素型[笑哭R][笑哭R][笑哭R],2026-09-23,0,,
614,眼部护理,6ab0e6d9000000003302cdbc,改善黑眼圈看这条就行,u_6eba2f10ef,感觉像色素型的,2026-09-23,0,,
615,眼部护理,6ab0e6d9000000003302cdbc,改善黑眼圈看这条就行,u_f4892174e6,动静态眼纹一网打尽👌,2026-09-23,0,,
616,眼部护理,6ab0e6d9000000003302cdbc,改善黑眼圈看这条就行,u_eb0cd10bfb,笑死我了 我说我怎么哪条都有 原来是混合型[哭惹R],2026-09-23,0,,
617,眼部护理,6ab0e797000000003602a72d,买东西还是少刷避雷贴吧。。。,u_ffe6e51867,真的不会闷脂肪粒吗有没有人用过,2026-09-24,1,,
618,眼部护理,6ab0e797000000003602a72d,买东西还是少刷避雷贴吧。。。,u_27459d0aa5,其实没啥用，我买了个小样用了半个月了没啥变化,2026-09-26,1,是,回复
619,眼部护理,6ab0e797000000003602a72d,买东西还是少刷避雷贴吧。。。,u_052635e6c7,秋冬很适合！,2026-09-21,1,,
620,眼部护理,6ab0e797000000003602a72d,买东西还是少刷避雷贴吧。。。,u_ff511e2b41,我油皮用也很适合，按摩完以后喷一点爽肤水揉搓开，按压在眼皮上，一会就吸收了,2026-09-22,0,,
621,眼部护理,6ab0e797000000003602a72d,买东西还是少刷避雷贴吧。。。,u_ff511e2b41,不会，任何精油加水以后都会更好吸收,2026-09-22,0,是,回复
622,眼部护理,6ab0e797000000003602a72d,买东西还是少刷避雷贴吧。。。,u_6a35de9582,这个适合干皮用吗,2026-09-22,0,,
623,眼部护理,6ab0e797000000003602a72d,买东西还是少刷避雷贴吧。。。,u_ff6492116d,我以前用别的也可糊眼睛,2026-09-22,0,,
624,眼部护理,6ab0e797000000003602a72d,买东西还是少刷避雷贴吧。。。,u_0aff8221e4,以油养肤,2026-09-21,0,,
625,眼部护理,6ab0e797000000003602a72d,买东西还是少刷避雷贴吧。。。,u_f50092c1b8,我感觉他们家的精油味很重，就是那种油味很纯,2026-09-21,0,,
626,眼部护理,6ab0e797000000003602a72d,买东西还是少刷避雷贴吧。。。,u_05ad7bf8bb,避雷贴真的就是千人千面，一样的东西每个人用着都不一样！心动了还是要自己买来试试,2026-09-21,0,,
627,眼部护理,6ab0e797000000003602a72d,买东西还是少刷避雷贴吧。。。,u_30fdb70af9,我现在就是眼油眼霜一起用[偷笑R],2026-09-21,0,,
628,眼部护理,6ab0e797000000003602a72d,买东西还是少刷避雷贴吧。。。,u_3a80268ad0,真的有的买回来都还蛮好用的,2026-09-21,0,,
629,眼部护理,6ab0e981000000003a02377a,微晶眼膜眼纹打卡 算成功吗,u_39a05f2e23,​在哪里买的，好几百嘛,2026-09-24,0,,
630,眼部护理,6ab0e981000000003a02377a,微晶眼膜眼纹打卡 算成功吗,u_bfcbc6fc8b,🐱不是有旗舰店吗,2026-09-24,0,是,回复
631,眼部护理,6ab0e981000000003a02377a,微晶眼膜眼纹打卡 算成功吗,u_95a59072fc,​他家的广也好多啊，一直没敢试,2026-09-24,0,,
632,眼部护理,6ab0e981000000003a02377a,微晶眼膜眼纹打卡 算成功吗,u_fb13a3e074,我也是看他家广才入的，但是真的有用，我贴了快2盒了,2026-09-24,0,是,回复
633,眼部护理,6ab0e981000000003a02377a,微晶眼膜眼纹打卡 算成功吗,u_e3bc6e43b1,​对眼袋有用吗姐妹,2026-09-24,0,,
634,眼部护理,6ab0e981000000003a02377a,微晶眼膜眼纹打卡 算成功吗,u_935d1c3fe8,​我用了10天 说实话 细纹挺有用的,2026-09-24,0,,
635,眼部护理,6ab0f4a500000000330255fe,弄眼袋快一年了，个人感觉很棒,u_68fdf0aa2e,你是内切还是,2026-09-24,1,,
636,眼部护理,6ab0f4a500000000330255fe,弄眼袋快一年了，个人感觉很棒,u_d9298d49af,真的很帅[害羞R]我好爱[飞吻R],2026-09-21,1,,
637,眼部护理,6ab0f4a500000000330255fe,弄眼袋快一年了，个人感觉很棒,u_b26e7f51f4,[doge]美,2026-09-21,1,,
638,眼部护理,6ab0f4a500000000330255fe,弄眼袋快一年了，个人感觉很棒,u_1ec07c1703,对的,2026-09-24,0,是,"低信息,回复"
639,眼部护理,6ab0f4a500000000330255fe,弄眼袋快一年了，个人感觉很棒,u_25fd1086da,看了你之前做的确实不错 请问花了多少,2026-09-26,0,,
640,眼部护理,6ab0f4a500000000330255fe,弄眼袋快一年了，个人感觉很棒,u_1ec07c1703,8k左右,2026-09-26,0,是,回复
641,眼部护理,6ab0f4a500000000330255fe,弄眼袋快一年了，个人感觉很棒,u_1ec07c1703,不难看的时候哈哈,2026-09-21,0,是,回复
642,眼部护理,6ab0f4a500000000330255fe,弄眼袋快一年了，个人感觉很棒,u_3ae78a44f9,哪家的啊，评论区翻完都没看到,2026-09-24,0,,
643,眼部护理,6ab0f4a500000000330255fe,弄眼袋快一年了，个人感觉很棒,u_1ec07c1703,你翻翻我以前的应该有,2026-09-24,0,是,回复
644,眼部护理,6ab0f4a500000000330255fe,弄眼袋快一年了，个人感觉很棒,u_93f318c267,哪家做的  最近也在考虑,2026-09-21,0,,
645,眼部护理,6ab0f4a500000000330255fe,弄眼袋快一年了，个人感觉很棒,u_1ec07c1703,翻翻以前的不然会被认为是广[捂脸R],2026-09-21,0,是,回复
646,眼部护理,6ab0f4a500000000330255fe,弄眼袋快一年了，个人感觉很棒,u_25ff43aa7c,有对比照片吗,2026-09-25,0,,
647,眼部护理,6ab0f4a500000000330255fe,弄眼袋快一年了，个人感觉很棒,u_1ec07c1703,可以看看前面的照片,2026-09-25,0,是,回复
648,眼部护理,6ab0f4a500000000330255fe,弄眼袋快一年了，个人感觉很棒,u_086d0e161b,效果真的好,2026-09-21,0,,
649,眼部护理,6ab0f4a500000000330255fe,弄眼袋快一年了，个人感觉很棒,u_1ec07c1703,我觉得OK的，再坏也比以前好,2026-09-21,0,是,回复
650,眼部护理,6ab0f4a500000000330255fe,弄眼袋快一年了，个人感觉很棒,u_6d63e091d0,还是什么方案呀？内切➕回填吗,2026-09-23,0,,
651,眼部护理,6ab0f4a500000000330255fe,弄眼袋快一年了，个人感觉很棒,u_1ec07c1703,对的,2026-09-26,0,是,"低信息,回复"
652,眼部护理,6ab0f4a500000000330255fe,弄眼袋快一年了，个人感觉很棒,u_dfb4faf6d2,我也准备今年冬天做，想问下你那边花多少，一般都会推荐做回填吗,2026-09-21,0,,
653,眼部护理,6ab0f4a500000000330255fe,弄眼袋快一年了，个人感觉很棒,u_1ec07c1703,我好像是8k左右，因为我有泪沟就是回填的,2026-09-21,0,是,回复
654,眼部护理,6ab0f70800000000350231dd,（无标题）,u_68fc3327ea,求眼霜🔗宝宝,2026-09-21,0,,
655,眼部护理,6ab10089000000003601a3c0,禁止各位大花医美，请自然老去,u_4dd5050188,舒淇真的太美了，以前没有get到她，现在觉得她越看越美,2026-09-21,6692,,
656,眼部护理,6ab10089000000003601a3c0,禁止各位大花医美，请自然老去,u_bdcb66ab19,她太耐老了，基因好,2026-09-21,4248,是,回复
657,眼部护理,6ab10089000000003601a3c0,禁止各位大花医美，请自然老去,u_59cc290191,[捂脸R]章子怡你说换了张脸我都信,2026-09-21,2587,,
658,眼部护理,6ab10089000000003601a3c0,禁止各位大花医美，请自然老去,u_bf10d9e727,都没有童谣像她了……,2026-09-22,2336,,
659,眼部护理,6ab10089000000003601a3c0,禁止各位大花医美，请自然老去,u_3464a8af27,可是范冰冰我觉得还是很美诶[笑哭R],2026-09-22,1559,,
660,眼部护理,6ab10089000000003601a3c0,禁止各位大花医美，请自然老去,u_48328bc804,我没得她没啥医美感觉,2026-09-22,1284,是,回复
661,眼部护理,6ab10089000000003601a3c0,禁止各位大花医美，请自然老去,u_9ea109d9fd,咏梅一直好优雅！,2026-09-22,1247,是,回复
662,眼部护理,6ab10089000000003601a3c0,禁止各位大花医美，请自然老去,u_efac669e6f,章子怡根本就是换了个人啊，指纹确认下是不是本人吧[笑哭R],2026-09-22,979,,
663,眼部护理,6ab10089000000003601a3c0,禁止各位大花医美，请自然老去,u_714c58a1af,汤唯和舒淇面部非常自然，感觉没有任何医美痕迹，年近五十还能这个状态，真的挺厉害[笑哭R],2026-09-22,795,,
664,眼部护理,6ab10089000000003601a3c0,禁止各位大花医美，请自然老去,u_cc915fe87b,已经是庆奶脸了,2026-09-22,664,是,回复
665,眼部护理,6ab10089000000003601a3c0,禁止各位大花医美，请自然老去,u_b74364d0ed,事实证明，抗老还得是高颧骨+方下颌，参考舒淇,2026-09-22,253,,
666,眼部护理,6ab10089000000003601a3c0,禁止各位大花医美，请自然老去,u_4a26e921f5,我也根本不敢相信自己的眼睛 一点都认不出来了,2026-09-22,239,是,回复
667,眼部护理,6ab10089000000003601a3c0,禁止各位大花医美，请自然老去,u_76c76d1729,汤唯有点对眼吗,2026-09-22,195,是,回复
668,眼部护理,6ab10089000000003601a3c0,禁止各位大花医美，请自然老去,u_c4895bce86,真实了[捂脸R],2026-09-22,190,是,回复
669,眼部护理,6ab10089000000003601a3c0,禁止各位大花医美，请自然老去,u_3048646941,美商我最佩服巩俐。明知道以她的年纪不做医美不太可能有这样的状态，但就是看不出来做了哪里,2026-09-22,166,,
670,眼部护理,6ab10089000000003601a3c0,禁止各位大花医美，请自然老去,u_8526702da3,参考陈慧琳,2026-09-22,93,是,回复
671,眼部护理,6ab10089000000003601a3c0,禁止各位大花医美，请自然老去,u_0a343de71a,感觉周迅就蛮好的，自然老去，最近的活动其实还挺美的,2026-09-22,55,,
672,眼部护理,6ab10089000000003601a3c0,禁止各位大花医美，请自然老去,u_0a343de71a,格格水灵～,2026-09-22,52,是,回复
673,眼部护理,6ab10089000000003601a3c0,禁止各位大花医美，请自然老去,u_cd12aca98d,记得说年轻的时候做了黄金埋线～不知道有没有记错,2026-09-22,49,是,回复
674,眼部护理,6ab1048e0000000034015a51,这瓶到底加了啥？好恐怖的淡纹力...,u_83f258ea68,[黄金薯R]正好在看眼霜,2026-09-21,1,,
675,眼部护理,6ab1048e0000000034015a51,这瓶到底加了啥？好恐怖的淡纹力...,u_082071e16a,这款提亮效果好吗？蹲一蹲,2026-09-26,0,,
676,眼部护理,6ab1048e0000000034015a51,这瓶到底加了啥？好恐怖的淡纹力...,u_fc0c259a59,还挺不错的也，眼周暗沉改善了很多,2026-09-26,0,是,回复
677,眼部护理,6ab1048e0000000034015a51,这瓶到底加了啥？好恐怖的淡纹力...,u_a44eeeba9f,眼霜看起来好精致，喜欢,2026-09-26,0,,
678,眼部护理,6ab1048e0000000034015a51,这瓶到底加了啥？好恐怖的淡纹力...,u_eef0def8b2,不用分开涂眼精华和眼霜，懒人太友好了,2026-09-25,0,,
679,眼部护理,6ab1048e0000000034015a51,这瓶到底加了啥？好恐怖的淡纹力...,u_123ea05009,可以搭配一些按摩手法，这样效果会更好,2026-09-26,0,,
680,眼部护理,6ab1048e0000000034015a51,这瓶到底加了啥？好恐怖的淡纹力...,u_ed02006e0a,眼周抗老真的太重要了 不然显得很没有气色,2026-09-25,0,,
681,眼部护理,6ab1048e0000000034015a51,这瓶到底加了啥？好恐怖的淡纹力...,u_f4a90ec2f1,感觉好适合干皮，干纹明显的,2026-09-21,0,,
682,眼部护理,6ab1048e0000000034015a51,这瓶到底加了啥？好恐怖的淡纹力...,u_4011b4a44a,特别好用！,2026-09-21,0,是,回复
683,眼部护理,6ab1048e0000000034015a51,这瓶到底加了啥？好恐怖的淡纹力...,u_07dc29e678,听说蛮滋润的准备要换季了打算试试新版,2026-09-26,0,,
684,眼部护理,6ab1048e0000000034015a51,这瓶到底加了啥？好恐怖的淡纹力...,u_25d4559de6,用最贵的眼霜 熬最晚的夜[偷笑R],2026-09-21,0,,
685,眼部护理,6ab1048e0000000034015a51,这瓶到底加了啥？好恐怖的淡纹力...,u_5d99e4ddc9,+1,2026-09-21,0,是,"低信息,回复"
686,眼部护理,6ab1048e0000000034015a51,这瓶到底加了啥？好恐怖的淡纹力...,u_9a97ea0a8a,感觉很滋润适合秋冬,2026-09-21,0,,
687,眼部护理,6ab13ba4000000003303d36d,坚持早睡养生的第四年,u_63eb63a8ff,刷到你我也是成功熬夜四年了[捂脸R][捂脸R][捂脸R],2026-09-23,1035,,
688,眼部护理,6ab13ba4000000003303d36d,坚持早睡养生的第四年,u_aca88298a0,我很早之前就刷到过你，你越来越年轻了。我是一个过度熬夜的人，刷到你时我也想早睡，结果一直没早睡成功，最后因为熬夜过度导致突发性耳聋[石化R]现在是不得不努力早点睡了[石化R],2026-09-21,383,,
689,眼部护理,6ab13ba4000000003303d36d,坚持早睡养生的第四年,u_5c3b5646c4,关注你早睡四年 我也成功没早睡四年[doge],2026-09-22,97,,
690,眼部护理,6ab13ba4000000003303d36d,坚持早睡养生的第四年,u_2259f39a6a,刚关注你的时候还是刚一年 现在都四年了吗……我还在熬夜呢[捂脸R][捂脸R][捂脸R],2026-09-21,21,,
691,眼部护理,6ab13ba4000000003303d36d,坚持早睡养生的第四年,u_e9ed53bd26,天呐[拥抱R]身体健康最重要！一定要早早睡觉好好休息！,2026-09-21,16,是,回复
692,眼部护理,6ab13ba4000000003303d36d,坚持早睡养生的第四年,u_c5e4c0d26e,看了好几年  我熬了好几年,2026-09-21,13,,
693,眼部护理,6ab13ba4000000003303d36d,坚持早睡养生的第四年,u_fe107b4413,我去这就过去四年了吗,2026-09-23,9,,
694,眼部护理,6ab13ba4000000003303d36d,坚持早睡养生的第四年,u_e9ed53bd26,我小时候就有了[失望R],2026-09-23,5,是,回复
695,眼部护理,6ab13ba4000000003303d36d,坚持早睡养生的第四年,u_e9ed53bd26,行动起来[回招呼],2026-09-22,2,是,回复
696,眼部护理,6ab13ba4000000003303d36d,坚持早睡养生的第四年,u_dced2cbca3,提前睡，睡不着怎么办,2026-09-22,2,,
697,眼部护理,6ab13ba4000000003303d36d,坚持早睡养生的第四年,u_dedfc8fcfa,我去 四年这么快[抓狂R],2026-09-24,2,,
698,眼部护理,6ab13ba4000000003303d36d,坚持早睡养生的第四年,u_e9ed53bd26,赶紧睡起来[笑哭R][笑哭R],2026-09-22,1,是,回复
699,眼部护理,6ab13ba4000000003303d36d,坚持早睡养生的第四年,u_8d5a933dec,小美，你觉得早睡除了身体上的变化，有没有其他的，比如对你的精神，性格和生活。,2026-09-22,1,,
700,眼部护理,6ab13ba4000000003303d36d,坚持早睡养生的第四年,u_12593b9b74,@爱吃橙子的羊,2026-09-23,0,是,回复
701,眼部护理,6ab13ba4000000003303d36d,坚持早睡养生的第四年,u_8d5a933dec,我看见你其他帖子了[笑哭R],2026-09-22,0,是,回复
702,眼部护理,6ab13ba4000000003303d36d,坚持早睡养生的第四年,u_b54afbad46,可是你的照片并没有眼袋泪沟啊？…,2026-09-22,0,,
703,眼部护理,6ab1e428000000003100bb82,飞顿点阵第一次,u_b1251e1e9c,剥脱吗,2026-09-24,1,,
704,眼部护理,6ab1e428000000003100bb82,飞顿点阵第一次,u_5cd9cb863c,姐妹，做一次就有效果吗？,2026-09-23,1,,
705,眼部护理,6ab1e428000000003100bb82,飞顿点阵第一次,u_bce4b66c8b,对,2026-09-26,0,是,"低信息,回复"
706,眼部护理,6ab1e428000000003100bb82,飞顿点阵第一次,u_bce4b66c8b,5-6次吧 看个人情况,2026-09-23,0,是,回复
707,眼部护理,6ab1e428000000003100bb82,飞顿点阵第一次,u_1e8ec4fa4d,恢复期有几天呀,2026-09-27,0,,
708,眼部护理,6ab1e428000000003100bb82,飞顿点阵第一次,u_fd310679b4,请问，皮松，做完能紧致吗,2026-09-25,0,,
709,眼部护理,6ab1e428000000003100bb82,飞顿点阵第一次,u_bce4b66c8b,不知啊 ，需要问大白,2026-09-25,0,是,回复
710,眼部护理,6ab1e428000000003100bb82,飞顿点阵第一次,u_4e64f236ea,宝宝没做之前是怎样的呢,2026-09-25,0,,
711,眼部护理,6ab1e428000000003100bb82,飞顿点阵第一次,u_ec67038625,你笑啊[笑哭R],2026-09-26,0,,
712,眼部护理,6ab1e428000000003100bb82,飞顿点阵第一次,u_f5bed93aaf,有用吗,2026-09-26,0,,
713,眼部护理,6ab1e428000000003100bb82,飞顿点阵第一次,u_c7243d643d,姐妹 一次费用咋样呀[萌萌哒R],2026-09-26,0,,
714,眼部护理,6ab1e428000000003100bb82,飞顿点阵第一次,u_79dd2dfa07,美女你在广东哪个医院做的,2026-09-22,0,,
715,眼部护理,6ab1e428000000003100bb82,飞顿点阵第一次,u_0ed1dd1845,[哭惹R][哭惹R][哭惹R]我这样还有救吗，眼头蔓延下来的 我是打了鱼尾纹突然加重了,2026-09-26,0,,
716,眼部护理,6ab2470d0000000034002463,神了。。。妆前用它，眼下再也不卡粉了！！！,u_4c878a44da,这款眼霜好吸收不？黏不黏腻呀,2026-09-26,0,,
717,眼部护理,6ab2470d0000000034002463,神了。。。妆前用它，眼下再也不卡粉了！！！,u_81687ae26c,不错的,2026-09-26,0,是,回复
718,眼部护理,6ab2470d0000000034002463,神了。。。妆前用它，眼下再也不卡粉了！！！,u_6083444288,眼周敏感的人适合用吗？[笑哭R],2026-09-25,0,,
719,眼部护理,6ab2470d0000000034002463,神了。。。妆前用它，眼下再也不卡粉了！！！,u_9650bad9e6,晚上厚敷用，会不会第二天眼睛就会不再卡粉？,2026-09-25,0,,
720,眼部护理,6ab2470d0000000034002463,神了。。。妆前用它，眼下再也不卡粉了！！！,u_d52191a4e3,早八熬夜党熊猫眼很需要[害羞R],2026-09-25,0,,
721,眼部护理,6ab2470d0000000034002463,神了。。。妆前用它，眼下再也不卡粉了！！！,u_6bb40bef66,真的有效果吗，要多久啊,2026-09-25,0,,
722,眼部护理,6ab2470d0000000034002463,神了。。。妆前用它，眼下再也不卡粉了！！！,u_eb32cc1a1d,用多久才能看到明显效果？,2026-09-24,0,,
723,眼部护理,6ab2470d0000000034002463,神了。。。妆前用它，眼下再也不卡粉了！！！,u_3ed6a27b67,真的好用吗？,2026-09-24,0,,
724,眼部护理,6ab2470d0000000034002463,神了。。。妆前用它，眼下再也不卡粉了！！！,u_9a50a2123b,好用的,2026-09-26,0,是,回复
725,眼部护理,6ab2470d0000000034002463,神了。。。妆前用它，眼下再也不卡粉了！！！,u_6138868e7f,妆前涂确实顺多了，眼霜管状设计好挤量，这个价位挺香的,2026-09-24,0,,
726,眼部护理,6ab2470d0000000034002463,神了。。。妆前用它，眼下再也不卡粉了！！！,u_d3419a863d,用多久可以看到明显效果,2026-09-24,0,,
727,眼部护理,6ab2470d0000000034002463,神了。。。妆前用它，眼下再也不卡粉了！！！,u_80c781ae6a,眼霜妆前涂是不是有纹的地方就不再卡粉了？,2026-09-24,0,,
728,眼部护理,6ab2470d0000000034002463,神了。。。妆前用它，眼下再也不卡粉了！！！,u_9b53ca49ec,对啊,2026-09-25,0,是,"低信息,回复"
729,眼部护理,6ab24ef70000000033024923,强推一个巨恐怖的北美泪沟填平剂！！！！,u_5164d8b289,特意做了功课，发现油跟霜的思路还真不一样，很多眼霜成分里第一位居然都是水，但奥伦纳素这种全油配方，就像伊能静说的咱们的皮肤本身就是亲油不亲水，难怪油敷的效果更顶呢，涂起来也是那种油润但不糊的感觉。而且里面还有院子里很新的油溶性🥩毒黑科技，渗透吸收直接⬆️了40倍，淡纹淡泪沟速度跟火箭一样猛！！！甚至连常年跟熊猫眼一样的黑眼圈都没了！！！！你们一定要试试，而且一定能用出差别！！！！！,2026-09-24,11,,
730,眼部护理,6ab24ef70000000033024923,强推一个巨恐怖的北美泪沟填平剂！！！！,u_5164d8b289,自己买自己用的！骗人是高市早苗的亲女儿！！我嫁给印度人！！！！！全称不知道，只知道牌子是奥伦纳素，北美的百年院线！！！！！很多女明星都会专门飞去他家院子里做皮肤管理，有机会真想体验一下啊啊啊,2026-09-24,3,是,回复
731,眼部护理,6ab24ef70000000033024923,强推一个巨恐怖的北美泪沟填平剂！！！！,u_8e5fbc96ea,这个吸收很快，我白天用海蓝之谜眼霜，眼油基本都晚上用，先涂眼睛剩下涂全脸，刚用￣面个月效果不明显，没用之前打弗曼10，眼油用了快一年，还是有点效果的，每个产品应人而异吧,2026-09-24,3,,
732,眼部护理,6ab24ef70000000033024923,强推一个巨恐怖的北美泪沟填平剂！！！！,u_6e45ab419a,我去翻了一下，感觉它跟普通眼霜思路还真不太一样，主要是用油去养眼周，而且是55%角鲨烷打底？,2026-09-24,2,,
733,眼部护理,6ab24ef70000000033024923,强推一个巨恐怖的北美泪沟填平剂！！！！,u_828320886d,别删，我泪沟重我试试，不好用回来血洗评论区,2026-09-24,2,,
734,眼部护理,6ab24ef70000000033024923,强推一个巨恐怖的北美泪沟填平剂！！！！,u_0beaec8117,它是不是还能配那个按摩板一起用？我看你这个像是有专门的油刮法，想学一下，感觉比单纯抹眼霜有意思,2026-09-24,2,,
735,眼部护理,6ab24ef70000000033024923,强推一个巨恐怖的北美泪沟填平剂！！！！,u_bb863e004c,这个是一颗一次用完了吗？看着小小一颗，我第一反应是会不会很费,2026-09-24,1,,
736,眼部护理,6ab24ef70000000033024923,强推一个巨恐怖的北美泪沟填平剂！！！！,u_8fc6d22de7,我这个看的是正品吗,2026-09-24,1,,
737,眼部护理,6ab24ef70000000033024923,强推一个巨恐怖的北美泪沟填平剂！！！！,u_27dc5d7957,我这种眼下一熬夜就又干又显纹的能用吗？最近真的感觉眼周老得特别快,2026-09-24,1,,
738,眼部护理,6ab24ef70000000033024923,强推一个巨恐怖的北美泪沟填平剂！！！！,u_5164d8b289,是嘟！我一般对成分不咋care，这个我特意搜了下，好像肤感好的原因就是这个角鲨烷成分起的作用,2026-09-24,1,是,回复
739,眼部护理,6ab24ef70000000033024923,强推一个巨恐怖的北美泪沟填平剂！！！！,u_5164d8b289,对！一次用完,2026-09-25,0,是,回复
740,眼部护理,6ab24ef70000000033024923,强推一个巨恐怖的北美泪沟填平剂！！！！,u_5164d8b289,是嘟是嘟～,2026-09-24,0,是,回复
741,眼部护理,6ab24ef70000000033024923,强推一个巨恐怖的北美泪沟填平剂！！！！,u_5164d8b289,你可以先入个小样试试宝,2026-09-24,0,是,回复
742,眼部护理,6ab24ef70000000033024923,强推一个巨恐怖的北美泪沟填平剂！！！！,u_4f7daf3a82,会不会张眼周脂肪粒什么的啊 不知道为什么我单纯擦乳都会长,2026-09-26,0,,
743,眼部护理,6ab24ef70000000033024923,强推一个巨恐怖的北美泪沟填平剂！！！！,u_fa56af5fdb,泪沟管用吗,2026-09-25,0,,
744,眼部护理,6ab24ef70000000033024923,强推一个巨恐怖的北美泪沟填平剂！！！！,u_5164d8b289,管用！,2026-09-25,0,是,回复
745,眼部护理,6ab24ef70000000033024923,强推一个巨恐怖的北美泪沟填平剂！！！！,u_5164d8b289,你这经历跟我好像呀[捂脸R]我之前也尝试过好多产品，都不咋管用，但这个就很好用，不管是肤感还是淡纹效果都感觉巨值！！！至少我的经历是这样，当然护肤品就是这样，千人千面,2026-09-24,0,是,回复
746,眼部护理,6ab24ef70000000033024923,强推一个巨恐怖的北美泪沟填平剂！！！！,u_e55c719c53,蹲,2026-09-24,0,是,"低信息,回复"
747,眼部护理,6ab24ef70000000033024923,强推一个巨恐怖的北美泪沟填平剂！！！！,u_5164d8b289,我就是用的油刮法，它家带的按摩板巨好用！！！,2026-09-24,0,是,回复
748,眼部护理,6ab2a275000000000100848a,黑眼圈终于拿到大后果了,u_5de1a0c3f2,经常熬夜党太需要了,2026-09-26,0,,
749,眼部护理,6ab2a275000000000100848a,黑眼圈终于拿到大后果了,u_16a085af3b,我就是每天kuku涂,2026-09-26,0,是,回复
750,眼部护理,6ab2a275000000000100848a,黑眼圈终于拿到大后果了,u_cdfa6641e8,质地看着很润啊,2026-09-26,0,,
751,眼部护理,6ab2a275000000000100848a,黑眼圈终于拿到大后果了,u_16a085af3b,但是完全不闷[捂脸R][捂脸R][捂脸R],2026-09-26,0,是,回复
752,眼部护理,6ab2a275000000000100848a,黑眼圈终于拿到大后果了,u_e8bf37d813,眼周敏感的也可以用吗[飞吻R][飞吻R][飞吻R],2026-09-26,0,,
753,眼部护理,6ab2a275000000000100848a,黑眼圈终于拿到大后果了,u_16a085af3b,可以的[微笑R][微笑R][微笑R],2026-09-26,0,是,回复
754,眼部护理,6ab2a275000000000100848a,黑眼圈终于拿到大后果了,u_35afd174ce,期待新版！旧版特别好用,2026-09-26,0,,
755,眼部护理,6ab2a275000000000100848a,黑眼圈终于拿到大后果了,u_16a085af3b,支持 下次安排[飞吻R],2026-09-26,0,是,回复
756,眼部护理,6ab2a275000000000100848a,黑眼圈终于拿到大后果了,u_2e6f8afa0f,好强！！,2026-09-27,0,,
757,眼部护理,6ab2a275000000000100848a,黑眼圈终于拿到大后果了,u_16a085af3b,素[doge][doge][doge],2026-09-27,0,是,回复
758,眼部护理,6ab2a275000000000100848a,黑眼圈终于拿到大后果了,u_127953b594,好牛的去黑眼圈眼霜,2026-09-27,0,,
759,眼部护理,6ab2a275000000000100848a,黑眼圈终于拿到大后果了,u_16a085af3b,[偷笑R][偷笑R][偷笑R]尊的,2026-09-27,0,是,回复
760,眼部护理,6ab2a275000000000100848a,黑眼圈终于拿到大后果了,u_0c0ae4bd9d,轻松拿下大结果[萌萌哒R],2026-09-26,0,,
761,眼部护理,6ab2a275000000000100848a,黑眼圈终于拿到大后果了,u_16a085af3b,尊的[doge][doge][doge],2026-09-26,0,是,回复
762,眼部护理,6ab2a275000000000100848a,黑眼圈终于拿到大后果了,u_a105a53db5,我证明🙋‍♀️第一代就在用了,2026-09-26,0,,
763,眼部护理,6ab2a275000000000100848a,黑眼圈终于拿到大后果了,u_16a085af3b,哈哈哈哈是吧[害羞R][害羞R][害羞R],2026-09-26,0,是,回复
764,眼部护理,6ab33a4e0000000015012edc,成分实锤德玛森氏维生素K眼霜3.0,u_15ba21a550,他这个品牌是假洋牌吗？,2026-09-23,1,,
765,眼部护理,6ab33a4e0000000015012edc,成分实锤德玛森氏维生素K眼霜3.0,u_ac168a142b,"从品牌营销路径上来看，它目前应该主要生意是在中国的, 并且中国的部分是中国的资本公司在运营。很多跨境品牌都是这样，中国让他活下去了[doge]",2026-09-27,0,是,回复
766,眼部护理,6ab33a4e0000000015012edc,成分实锤德玛森氏维生素K眼霜3.0,u_4506e60fd0,曾老师你好，我想问一下35岁干敏肌在东北或者北京的冬天用什么精华油，现在用精华水和面霜到了下午有点干,2026-09-24,0,,
767,眼部护理,6ab33a4e0000000015012edc,成分实锤德玛森氏维生素K眼霜3.0,u_4506e60fd0,一到秋冬外眼角下边一涂水精华液有些疼,2026-09-24,0,是,回复
768,眼部护理,6ab33a4e0000000015012edc,成分实锤德玛森氏维生素K眼霜3.0,u_c3be053bc1,博主，这个水适合干皮用嘛，皮肤有点敏感,2026-09-26,0,,
769,眼部护理,6ab33a4e0000000015012edc,成分实锤德玛森氏维生素K眼霜3.0,u_1a8a9fcf34,老师说下科施佳面罩吧？,2026-09-25,0,,
770,眼部护理,6ab33a4e0000000015012edc,成分实锤德玛森氏维生素K眼霜3.0,u_615f3ec2c9,曾老师您好，想给妈妈买个面霜，55干敏皮有斑，希望得到您的回复[皱眉R]。之前给妈妈买的黑绷带最近不知道是不是过期了，她眼睛过敏了，所以主要是想换面霜。她手头是兰蔻精华水+小棕瓶可以吗？配一个什么面霜呢？谢谢[皱眉R],2026-09-26,0,,
771,眼部护理,6ab33a4e0000000015012edc,成分实锤德玛森氏维生素K眼霜3.0,u_a685a364aa,衣服为何不熨？,2026-09-25,0,,
772,眼部护理,6ab33a4e0000000015012edc,成分实锤德玛森氏维生素K眼霜3.0,u_f92433eef5,你好曾老师，我是油敏皮age精华➕面霜用了有半年多了稳定没有敏过，细纹淡了不少，但是出油氧化解决不了[笑哭R]我是不是得➕抗氧化精华还是烟酰胺精华？,2026-09-24,0,,
773,眼部护理,6ab33a4e0000000015012edc,成分实锤德玛森氏维生素K眼霜3.0,u_0a5aab20b9,老师，请问娇韵诗双萃精华可以和露得清A醇面霜（银色瓶，晚上用）搭配使用嘛？38岁，没有斑，不长痘，泪沟和法令纹有点明显，现在换季皮肤感觉有点干、闷,2026-09-26,0,,
774,眼部护理,6ab33a4e0000000015012edc,成分实锤德玛森氏维生素K眼霜3.0,u_67d7844acf,偶像，请问有没有像兰时光面膜一样高保湿的面霜？,2026-09-26,0,,
775,眼部护理,6ab33a4e0000000015012edc,成分实锤德玛森氏维生素K眼霜3.0,u_ac33440f4f,堡主，最近构象风好大35+k老适合么,2026-09-25,0,,
776,眼部护理,6ab33a4e0000000015012edc,成分实锤德玛森氏维生素K眼霜3.0,u_ac33440f4f,35+在北方，有斑点，肤色有点暗沉，黑眼圈有细纹，毛孔粗大，T油脸颊干，有过很长时间的屏障问题，现在会很容易红脸…这么一说完好像该有的问题都有了[笑哭R][笑哭R],2026-09-25,0,是,回复
777,眼部护理,6ab346b40000000018017a3d,光看眼睛就知道我把自己养得很好！！,u_7392b0e1f8,对对对[偷笑R]我们现代牛马眼睛最容易显老啦这个好配[派对R],2026-09-27,0,,
778,眼部护理,6ab346b40000000018017a3d,光看眼睛就知道我把自己养得很好！！,u_f9c9747808,长期熬夜的我，眼角好多细纹，希望这个会有一点点改善,2026-09-27,0,,
779,眼部护理,6ab36f9800000000180128d4,臣妾要告发！这眼霜也太会养眼周了吧,u_e5df426903,可以淡化黑眼圈吗,2026-09-24,0,,
780,眼部护理,6ab36f9800000000180128d4,臣妾要告发！这眼霜也太会养眼周了吧,u_f76df9cb84,可以呀要坚持用 黑眼圈 小意思[坏笑R],2026-09-25,0,是,回复
781,眼部护理,6ab36f9800000000180128d4,臣妾要告发！这眼霜也太会养眼周了吧,u_1177284027,这个对那个脂肪粒有效果吗？,2026-09-23,0,,
782,眼部护理,6ab36f9800000000180128d4,臣妾要告发！这眼霜也太会养眼周了吧,u_f76df9cb84,不会起脂肪粒的我这个爱长的替你试过了[doge],2026-09-24,0,是,回复
783,眼部护理,6ab36f9800000000180128d4,臣妾要告发！这眼霜也太会养眼周了吧,u_12f5678f0f,搭配这个按摩棒用吸收会不会更好？,2026-09-25,0,,
784,眼部护理,6ab36f9800000000180128d4,臣妾要告发！这眼霜也太会养眼周了吧,u_348f9168eb,大油皮能不能用呢,2026-09-23,0,,
785,眼部护理,6ab36f9800000000180128d4,臣妾要告发！这眼霜也太会养眼周了吧,u_f76df9cb84,为啥不能[doge],2026-09-25,0,是,回复
786,眼部护理,6ab36f9800000000180128d4,臣妾要告发！这眼霜也太会养眼周了吧,u_9f8b5a8464,这个眼霜会不会太完美了，啊啊啊啊啊,2026-09-23,0,,
787,眼部护理,6ab36f9800000000180128d4,臣妾要告发！这眼霜也太会养眼周了吧,u_f76df9cb84,不会[doge]雅诗兰黛一直最求完美[坏笑R],2026-09-24,0,是,回复
788,眼部护理,6ab36f9800000000180128d4,臣妾要告发！这眼霜也太会养眼周了吧,u_3c03daa4c5,40+用还可以吗,2026-09-23,0,,
789,眼部护理,6ab36f9800000000180128d4,臣妾要告发！这眼霜也太会养眼周了吧,u_f76df9cb84,必须能 快快用起来[派对R],2026-09-25,0,是,回复
790,眼部护理,6ab36f9800000000180128d4,臣妾要告发！这眼霜也太会养眼周了吧,u_a6b724a16f,只补水不抗老真的没用。被这款种草了[派对R],2026-09-23,0,,
791,眼部护理,6ab36f9800000000180128d4,臣妾要告发！这眼霜也太会养眼周了吧,u_ebfa07a9da,真的得双管齐下,2026-09-23,0,是,回复
792,眼部护理,6ab36f9800000000180128d4,臣妾要告发！这眼霜也太会养眼周了吧,u_f266eaa4d9,雅诗兰黛的老牌子了，好用,2026-09-23,0,,
793,眼部护理,6ab36f9800000000180128d4,臣妾要告发！这眼霜也太会养眼周了吧,u_775fc017e4,这个看着还蛮滋润的,2026-09-23,0,,
794,眼部护理,6ab36f9800000000180128d4,臣妾要告发！这眼霜也太会养眼周了吧,u_02ce5d2569,雅诗兰黛眼霜真的没得说 好用,2026-09-24,0,,
795,眼部护理,6ab382b4000000001203aea1,低成本淡眼圈夯中之夯～,u_f59c804c22,用多久能淡化黑眼圈,2026-09-26,0,,
796,眼部护理,6ab382b4000000001203aea1,低成本淡眼圈夯中之夯～,u_e582823c42,我用了小半个月,2026-09-26,0,是,回复
797,眼部护理,6ab382b4000000001203aea1,低成本淡眼圈夯中之夯～,u_f8207e6300,眼霜还是要早点涂,2026-09-26,0,,
798,眼部护理,6ab382b4000000001203aea1,低成本淡眼圈夯中之夯～,u_e582823c42,是的，宝,2026-09-26,0,是,回复
799,眼部护理,6ab382b4000000001203aea1,低成本淡眼圈夯中之夯～,u_23b155e2e9,眼部细纹有效果吗,2026-09-24,0,,
800,眼部护理,6ab382b4000000001203aea1,低成本淡眼圈夯中之夯～,u_e582823c42,是的呢～,2026-09-26,0,是,回复
801,眼部护理,6ab382b4000000001203aea1,低成本淡眼圈夯中之夯～,u_02f6ebd3be,我黑眼圈就是很重，眼下出现干纹，就显得整个人很疲惫[哭惹R],2026-09-24,0,,
802,眼部护理,6ab382b4000000001203aea1,低成本淡眼圈夯中之夯～,u_e582823c42,跟我之前一样,2026-09-26,0,是,回复
803,眼部护理,6ab382b4000000001203aea1,低成本淡眼圈夯中之夯～,u_3369c698e7,国庆有没有活动啊,2026-09-26,0,,
804,眼部护理,6ab382b4000000001203aea1,低成本淡眼圈夯中之夯～,u_2db56e7a46,用过，还可以的。淡眼圈的,2026-09-24,0,,
805,眼部护理,6ab382b4000000001203aea1,低成本淡眼圈夯中之夯～,u_c691bcd628,这个会不会长脂肪粒呀？,2026-09-24,0,,
806,眼部护理,6ab382b4000000001203aea1,低成本淡眼圈夯中之夯～,u_d1f6d436b9,成分安不安全呀？想试试,2026-09-26,0,,
807,眼部护理,6ab382b4000000001203aea1,低成本淡眼圈夯中之夯～,u_447377cf0c,熬夜几个的黑眼圈能消吗？,2026-09-26,0,,
808,眼部护理,6ab382b4000000001203aea1,低成本淡眼圈夯中之夯～,u_feffbb1bbf,这个用多久有效果呢？,2026-09-26,0,,
809,眼部护理,6ab391d3000000001a031ee9,30+熬夜妈妈｜眼周老态真的藏不住了,u_614853015b,我也是边熬夜边护肤[害羞R],2026-09-27,0,,
810,眼部护理,6ab391d3000000001a031ee9,30+熬夜妈妈｜眼周老态真的藏不住了,u_50f4c2fe69,精致护肤,2026-09-27,0,,
811,眼部护理,6ab391d3000000001a031ee9,30+熬夜妈妈｜眼周老态真的藏不住了,u_d59773fd95,皮肤真好呀,2026-09-26,0,,
812,眼部护理,6ab391d3000000001a031ee9,30+熬夜妈妈｜眼周老态真的藏不住了,u_1d234422e6,皮肤真好[派对R],2026-09-26,0,,
813,眼部护理,6ab391d3000000001a031ee9,30+熬夜妈妈｜眼周老态真的藏不住了,u_b6e7d3f93a,太会保养啦宝宝[红色心形R],2026-09-26,0,,
814,眼部护理,6ab391d3000000001a031ee9,30+熬夜妈妈｜眼周老态真的藏不住了,u_a09b6a247a,眼膜很不错[点赞R],2026-09-26,0,,
815,眼部护理,6ab391d3000000001a031ee9,30+熬夜妈妈｜眼周老态真的藏不住了,u_107e98feaf,效果也太好了吧,2026-09-26,0,,
816,眼部护理,6ab391d3000000001a031ee9,30+熬夜妈妈｜眼周老态真的藏不住了,u_a411111ab4,我也喜欢用它家的,2026-09-26,0,,
817,眼部护理,6ab391d3000000001a031ee9,30+熬夜妈妈｜眼周老态真的藏不住了,u_0ac9293e26,姐妹拍的画质很美，加油[偷笑R],2026-09-26,0,,
818,眼部护理,6ab391d3000000001a031ee9,30+熬夜妈妈｜眼周老态真的藏不住了,u_8c241ce540,我也试试,2026-09-26,0,,
819,眼部护理,6ab396c9000000001203f904,微晶眼膜停了一个月,u_d081911fcc,"我眼周细纹比较密集，坚持用了几个周期，淡化到不明显之后就停了，好像是8月中旬就没再用过了
这段经常熬夜，睡前还总刷手机，本来担心旧细纹反弹，结果还好，之前改善的纹路没有长回来，眼周还是干净的，黑眼圈也没加重
唯一问题就是秋天太干了，眼角冒了几根干纹

说句实在的，就算是院线的项目，也没法永久定格状态，去年做胶原水光，也是每个月都要去补，对比项目来说性价比高
看着这几根干纹，还是决定继续用起来了！",2026-09-24,0,,
820,眼部护理,6ab39a63000000001b031309,发现一个对黑眼圈很在行的小玩意。。。,u_521c4092cf,这要慢慢建立耐受,2026-09-25,0,,
821,眼部护理,6ab39a63000000001b031309,发现一个对黑眼圈很在行的小玩意。。。,u_671bb27be0,这个用多久有效果呢？,2026-09-24,0,,
822,眼部护理,6ab39a63000000001b031309,发现一个对黑眼圈很在行的小玩意。。。,u_78252f4070,会长脂肪粒嘛,2026-09-24,0,,
823,眼部护理,6ab39a63000000001b031309,发现一个对黑眼圈很在行的小玩意。。。,u_fdbd771222,没试过诶，真的有用吗,2026-09-25,0,,
824,眼部护理,6ab39a63000000001b031309,发现一个对黑眼圈很在行的小玩意。。。,u_38137503f9,熬夜眼有效果吗,2026-09-24,0,,
825,眼部护理,6ab39a63000000001b031309,发现一个对黑眼圈很在行的小玩意。。。,u_32759db483,眼部细纹有效果吗,2026-09-24,0,,
826,眼部护理,6ab39a63000000001b031309,发现一个对黑眼圈很在行的小玩意。。。,u_6588c0d1c4,眼霜还是要早点涂,2026-09-24,0,,
827,眼部护理,6ab39a63000000001b031309,发现一个对黑眼圈很在行的小玩意。。。,u_7ba87cd633,能多用吗,2026-09-24,0,,
828,眼部护理,6ab39a63000000001b031309,发现一个对黑眼圈很在行的小玩意。。。,u_a33a8c4cbc,眼袋可以消下去吗,2026-09-24,0,,
829,眼部护理,6ab39a63000000001b031309,发现一个对黑眼圈很在行的小玩意。。。,u_f35fbdfe70,这个吸收很快的哦,2026-09-24,0,,
830,眼部护理,6ab39b37000000001203cc27,好吓人，眼周紧致到离谱,u_93b5f35f8f,20+用早吗？,2026-09-26,0,,
831,眼部护理,6ab39b37000000001203cc27,好吓人，眼周紧致到离谱,u_5273602601,干纹黑眼圈都能改善吗？,2026-09-26,0,,
832,眼部护理,6ab39b37000000001203cc27,好吓人，眼周紧致到离谱,u_196d6ea042,早上睡醒眼睛肿用它有效果吗,2026-09-26,0,,
833,眼部护理,6ab39b37000000001203cc27,好吓人，眼周紧致到离谱,u_89bec3a752,听说咖啡因眼霜对黑眼圈很有效,2026-09-26,0,,
834,眼部护理,6ab39b37000000001203cc27,好吓人，眼周紧致到离谱,u_4405e09b74,我最近都长细纹了，天天加班熬夜，不知道效果怎么样？,2026-09-26,0,,
835,眼部护理,6ab39b37000000001203cc27,好吓人，眼周紧致到离谱,u_2bf0811283,有抗衰功效的眼霜,2026-09-24,0,,
836,眼部护理,6ab39b37000000001203cc27,好吓人，眼周紧致到离谱,u_ef1ca4bd28,质地真的非常清爽 咖啡味道我正在用,2026-09-25,0,,
837,眼部护理,6ab39b37000000001203cc27,好吓人，眼周紧致到离谱,u_cdff04d7ab,想问下，对于已经形成的静态干纹，坚持用一段时间能淡化吗？,2026-09-24,0,,
838,眼部护理,6ab39b37000000001203cc27,好吓人，眼周紧致到离谱,u_0a49f19609,是的，要坚持,2026-09-25,0,是,回复
839,眼部护理,6ab39b37000000001203cc27,好吓人，眼周紧致到离谱,u_7597440517,坚持多久有效果,2026-09-24,0,,
840,眼部护理,6ab39b37000000001203cc27,好吓人，眼周紧致到离谱,u_f2a42d60b6,最近熬夜比较频繁，预防黑眼圈用用行吗,2026-09-24,0,,
841,眼部护理,6ab3a3d6000000000a01c6de,泪沟严重，打卡98天发现眼油改善的好方法,u_ed295b64f6,没有眼油液没有维E油用啥啊,2026-09-24,0,,
842,眼部护理,6ab3a3d6000000000a01c6de,泪沟严重，打卡98天发现眼油改善的好方法,u_661e514fdd,微晶双导眼膜哪有啊姐妹,2026-09-24,0,,
843,眼部护理,6ab3a3d6000000000a01c6de,泪沟严重，打卡98天发现眼油改善的好方法,u_a7e9c79e14,我差不多也是这样，觉得改善的还是挺明显的,2026-09-24,0,,
844,眼部护理,6ab3a3d6000000000a01c6de,泪沟严重，打卡98天发现眼油改善的好方法,u_443990ce05,不会脂肪粒吗,2026-09-24,0,,
845,眼部护理,6ab3a3d6000000000a01c6de,泪沟严重，打卡98天发现眼油改善的好方法,u_fb13a3e074,请问天天这样用吗,2026-09-24,0,,
846,眼部护理,6ab3a3d6000000000a01c6de,泪沟严重，打卡98天发现眼油改善的好方法,u_3c1d248afa,我是减肥之后一下子瘦了好多，感觉脸都夸了，泪沟超级明显,2026-09-24,0,,
847,眼部护理,6ab3a3f5000000001303ed76,淡眼纹，微晶眼膜你吓到我了...,u_b1de053249,哪里的啊，，淘的吗,2026-09-24,0,,
848,眼部护理,6ab3a3f5000000001303ed76,淡眼纹，微晶眼膜你吓到我了...,u_d0aa274139,是的姐妹,2026-09-25,0,是,回复
849,眼部护理,6ab3a3f5000000001303ed76,淡眼纹，微晶眼膜你吓到我了...,u_709cd05d0c,大头贴在前还是小头贴在前面啊，有没有使用方法啊,2026-09-24,0,,
850,眼部护理,6ab3a3f5000000001303ed76,淡眼纹，微晶眼膜你吓到我了...,u_d0aa274139,都可以啊，如果内眼角眼纹重的话大头就贴在前就好了,2026-09-25,0,是,回复
851,眼部护理,6ab3a3f5000000001303ed76,淡眼纹，微晶眼膜你吓到我了...,u_45c594aa63,我还用这个眼膜贴法令纹呢，真的有用,2026-09-24,0,,
852,眼部护理,6ab3a3f5000000001303ed76,淡眼纹，微晶眼膜你吓到我了...,u_c1ae09dbca,对一字纹有没有用啊，而且我都是竖着长的，特别的深，快愁死我了,2026-09-24,0,,
853,眼部护理,6ab3a3f5000000001303ed76,淡眼纹，微晶眼膜你吓到我了...,u_d0aa274139,可以试试，我觉得挺有用,2026-09-25,0,是,回复
854,眼部护理,6ab3a3f5000000001303ed76,淡眼纹，微晶眼膜你吓到我了...,u_4f2ae75f00,我用着还行吧，前两次有点即时效果了说实话，但到后边效果越来越明显,2026-09-24,0,,
855,眼部护理,6ab3a3f5000000001303ed76,淡眼纹，微晶眼膜你吓到我了...,u_d0aa274139,哈哈，这个的确挺好用的,2026-09-25,0,是,回复
856,眼部护理,6ab3b2310000000018018ba3,被同事追着问的熬夜cp,u_f9c6b26814,可以呀,2026-09-24,1,是,回复
857,眼部护理,6ab3b2310000000018018ba3,被同事追着问的熬夜cp,u_7bc4c9156f,黑眼圈可以涂吗？[笑哭R],2026-09-24,0,,
858,眼部护理,6ab3b2310000000018018ba3,被同事追着问的熬夜cp,u_be3c3e5f33,经常熬夜确实需要[赞R],2026-09-26,0,,
859,眼部护理,6ab3b2310000000018018ba3,被同事追着问的熬夜cp,u_f9c6b26814,吾日三省吾身少熬夜,2026-09-26,0,是,回复
860,眼部护理,6ab3b2310000000018018ba3,被同事追着问的熬夜cp,u_c8d94eba82,终于追完了大结局[派对R],2026-09-23,0,,
861,眼部护理,6ab3b2310000000018018ba3,被同事追着问的熬夜cp,u_f9c6b26814,我还有几集没看,2026-09-23,0,是,回复
862,眼部护理,6ab3b2310000000018018ba3,被同事追着问的熬夜cp,u_d293410b94,姐妹拍的很好看啊，一起加油[握手R],2026-09-26,0,,
863,眼部护理,6ab3b2310000000018018ba3,被同事追着问的熬夜cp,u_f9c6b26814,必须的,2026-09-26,0,是,回复
864,眼部护理,6ab3b2310000000018018ba3,被同事追着问的熬夜cp,u_6ab69f763e,眼霜能改善细纹吗,2026-09-26,0,,
865,眼部护理,6ab3b2310000000018018ba3,被同事追着问的熬夜cp,u_c624d71a75,熬夜最怕黑眼圈了[捂脸R],2026-09-23,0,,
866,眼部护理,6ab3b2310000000018018ba3,被同事追着问的熬夜cp,u_f9c6b26814,中秋我得好好补补睡眠💤,2026-09-23,0,是,回复
867,眼部护理,6ab3b2310000000018018ba3,被同事追着问的熬夜cp,u_0439d227e3,黑眼圈选手太需要了,2026-09-25,0,,
868,眼部护理,6ab3b2310000000018018ba3,被同事追着问的熬夜cp,u_f9c6b26814,争取少熬夜！然后好好护肤,2026-09-26,0,是,回复
869,眼部护理,6ab3b2310000000018018ba3,被同事追着问的熬夜cp,u_61f43ba6cf,这个眼霜我也用过，好用[赞R]🔄,2026-09-26,0,,
870,眼部护理,6ab3b2310000000018018ba3,被同事追着问的熬夜cp,u_63805071c7,最近这个剧真的很上头,2026-09-23,0,,
871,眼部护理,6ab3b2310000000018018ba3,被同事追着问的熬夜cp,u_f9c6b26814,哈哈哈luke太有感觉了,2026-09-23,0,是,回复
872,眼部护理,6ab3b2310000000018018ba3,被同事追着问的熬夜cp,u_588cde575d,熬夜党超级需要,2026-09-24,0,,
873,眼部护理,6ab3b2310000000018018ba3,被同事追着问的熬夜cp,u_f9c6b26814,熬夜只能靠外力加持了,2026-09-24,0,是,回复
874,眼部护理,6ab3b299000000001203aef2,双十一别乱买❗️不同大牌眼霜哪瓶适合你❓,u_2cfe5b28d3,本期护肤礼盒 x1！记得33！进👗等名单[飞吻R],2026-09-23,3,,
875,眼部护理,6ab3b299000000001203aef2,双十一别乱买❗️不同大牌眼霜哪瓶适合你❓,u_2cfe5b28d3,"2【复制口令，启动小红书】 ""若拉的闺蜜们👸🏻""创意集结地, 10月21日期间开放 CZ6820 :/#m🍐😝🍆🥕🍈🥖😬🌽🤗🍤🐔🍙 快来！！等我开！！🎁",2026-09-23,2,是,回复
876,眼部护理,6ab3b299000000001203aef2,双十一别乱买❗️不同大牌眼霜哪瓶适合你❓,u_3519895c60,宝宝晚上好呀 喜欢这一期的眼霜分享 种草了这款 眼霜真的很重要 随着年龄的增长 我们都要开始用眼霜了,2026-09-23,1,,
877,眼部护理,6ab3b299000000001203aef2,双十一别乱买❗️不同大牌眼霜哪瓶适合你❓,u_1ab5c2b025,太认同啦！眼周状态最容易暴露年龄，一直踩雷选错眼霜，蹲住这期大牌眼霜盘点，想好好做做功课！[doge][doge][doge],2026-09-23,1,,
878,眼部护理,6ab3b299000000001203aef2,双十一别乱买❗️不同大牌眼霜哪瓶适合你❓,u_b5842ede0b,码住,2026-09-23,1,,低信息
879,眼部护理,6ab3b299000000001203aef2,双十一别乱买❗️不同大牌眼霜哪瓶适合你❓,u_3519895c60,🆙,2026-09-23,0,是,"低信息,回复"
880,眼部护理,6ab3b299000000001203aef2,双十一别乱买❗️不同大牌眼霜哪瓶适合你❓,u_1ab5c2b025,依旧支持[派对R][派对R],2026-09-23,0,是,回复
881,眼部护理,6ab3b299000000001203aef2,双十一别乱买❗️不同大牌眼霜哪瓶适合你❓,u_0aff8221e4,到时候好价就囤起来哈哈哈[萌萌哒R][偷笑R],2026-09-24,0,,
882,眼部护理,6ab3b299000000001203aef2,双十一别乱买❗️不同大牌眼霜哪瓶适合你❓,u_7e2e187abf,一直都在学习 听宝贝的没有错,2026-09-23,0,,
883,眼部护理,6ab3b299000000001203aef2,双十一别乱买❗️不同大牌眼霜哪瓶适合你❓,u_0aff8221e4,眼睛护理真的太重要了[爱心R],2026-09-24,0,,
884,眼部护理,6ab3b299000000001203aef2,双十一别乱买❗️不同大牌眼霜哪瓶适合你❓,u_0f8cd8a751,特别是熬夜的时候,2026-09-23,0,,
885,眼部护理,6ab3b299000000001203aef2,双十一别乱买❗️不同大牌眼霜哪瓶适合你❓,u_4d1cffc76a,人老眼睛先老，眼周的抗老更需要用心对待，之前用的雅诗兰黛小棕瓶眼霜，这款还没用过，好心动[派对R],2026-09-23,0,,
886,眼部护理,6ab3b299000000001203aef2,双十一别乱买❗️不同大牌眼霜哪瓶适合你❓,u_82d22f879b,面部可以化妆，眼纹藏不住。眼部抗老，才是真正的冻龄密码，想试试雅诗兰黛的白金眼霜[赞R],2026-09-23,0,,
887,眼部护理,6ab3b737000000001c00f649,美妆圈怎会发生如此drama的事🤯,u_ad1d7de32f,而且三个颜色的功效分别对应了这三个品牌的功效[笑哭R][笑哭R],2026-09-23,163,是,回复
888,眼部护理,6ab3b737000000001c00f649,美妆圈怎会发生如此drama的事🤯,u_dafa95286f,世界是一个巨大的草台班子，三家PM连排他协议都没签[黑薯问号R],2026-09-23,86,,
889,眼部护理,6ab3b737000000001c00f649,美妆圈怎会发生如此drama的事🤯,u_00fcc56c4e,代工厂把钱赚饱了哈哈哈哈,2026-09-24,77,,
890,眼部护理,6ab3b737000000001c00f649,美妆圈怎会发生如此drama的事🤯,u_6f19983b41,不是这个问题 是这件事情证明这几个品牌都没有独立研发线 全是代工厂贴牌 对品牌形象属于致命打击,2026-09-24,67,是,回复
891,眼部护理,6ab3b737000000001c00f649,美妆圈怎会发生如此drama的事🤯,u_1f05416ecf,我记得那个博主发的后续 是一个🇰🇷品牌一个月前就上新了，今天都看到节目里面的赞助了[嘻嘻R],2026-09-23,65,,
892,眼部护理,6ab3b737000000001c00f649,美妆圈怎会发生如此drama的事🤯,u_244e4fdd9b,人供应商的公模产品，品牌得承诺多少量或者给多少钱供应商才会答应签独家噢[doge],2026-09-23,51,是,回复
893,眼部护理,6ab3b737000000001c00f649,美妆圈怎会发生如此drama的事🤯,u_ffdd05b659,赚不了多少，都是品牌溢价，品牌在赚钱，这种出厂价很低的可能只有几美元，但是零售价要40多美元[doge],2026-09-24,45,是,回复
894,眼部护理,6ab3b737000000001c00f649,美妆圈怎会发生如此drama的事🤯,u_e90703e3d9,是不是这三个都made in Korea?,2026-09-23,38,,
895,眼部护理,6ab3b737000000001c00f649,美妆圈怎会发生如此drama的事🤯,u_3808df4a5d,去超市看看丝塔芙和cerave 也一样[笑哭R],2026-09-23,13,,
896,眼部护理,6ab3b737000000001c00f649,美妆圈怎会发生如此drama的事🤯,u_d68c50ba5f,那就是说，所以代工厂才是最大的赢家[偷笑R],2026-09-23,13,,
897,眼部护理,6ab3b737000000001c00f649,美妆圈怎会发生如此drama的事🤯,u_b7fb4685de,花里胡哨的包装噱头是韩妆特色[扯脸H],2026-09-23,11,,
898,眼部护理,6ab3b737000000001c00f649,美妆圈怎会发生如此drama的事🤯,u_911a76007f,其实我觉得这工艺设计也不该被垄断吧，比起外观和交互感设计，实际内容功效也很重要吧，当然谁首发这种包装设计谁就占领了舆论marketing高位了[嘻嘻R],2026-09-23,7,,
899,眼部护理,6ab3b737000000001c00f649,美妆圈怎会发生如此drama的事🤯,u_2adc31bab1,代工,2026-09-23,5,是,"低信息,回复"
900,眼部护理,6ab3b737000000001c00f649,美妆圈怎会发生如此drama的事🤯,u_cde35d06f7,不一样。这两个只是包装格接近，cerave 好用了不是一点半点，都不知空瓶多少了,2026-09-24,3,是,回复
901,眼部护理,6ab3b737000000001c00f649,美妆圈怎会发生如此drama的事🤯,u_2a8f97b4eb,那買最便宜的那個就行了是吧 應該裡面也都一樣？,2026-09-25,2,,
902,眼部护理,6ab3b737000000001c00f649,美妆圈怎会发生如此drama的事🤯,u_d9d38df5a6,同一个代工厂做的吧，都不愿新开一个模具，配方说不定也是差不多的,2026-09-25,1,,
903,眼部护理,6ab3c2ef000000001a0256fd,一支把有效升级诠释的很好的眼霜…,u_8b64713b47,入了这个小样cp，感觉眼纹少了,2026-09-24,3,,
904,眼部护理,6ab3c2ef000000001a0256fd,一支把有效升级诠释的很好的眼霜…,u_4c28494567,支持,2026-09-23,1,,低信息
905,眼部护理,6ab3c2ef000000001a0256fd,一支把有效升级诠释的很好的眼霜…,u_4c28494567,这个震动真的好棒呀，平常用眼霜怕来回摩擦皮肤生成脂肪粒,2026-09-23,1,是,回复
906,眼部护理,6ab3c2ef000000001a0256fd,一支把有效升级诠释的很好的眼霜…,u_98431d08d2,之前用过他家的眼霜，效果很明显，看了这期视频果断继续回购,2026-09-23,1,,
907,眼部护理,6ab3c2ef000000001a0256fd,一支把有效升级诠释的很好的眼霜…,u_1ecb8ef08c,铁子们，找kf报暗号【亮出圈】，有惊喜！,2026-09-24,0,,
908,眼部护理,6ab3c2ef000000001a0256fd,一支把有效升级诠释的很好的眼霜…,u_1ecb8ef08c,小样真香啊[doge],2026-09-24,0,是,回复
909,眼部护理,6ab3c2ef000000001a0256fd,一支把有效升级诠释的很好的眼霜…,u_9570f88264,确实很好用，前面自带按摩头，可以滚动全脸，刚好快到双11了，老王哥推荐了那继续回购[黄金薯R],2026-09-23,0,,
910,眼部护理,6ab3c2ef000000001a0256fd,一支把有效升级诠释的很好的眼霜…,u_1ecb8ef08c,新版不用特别狠的挤了[doge],2026-09-24,0,是,回复
911,眼部护理,6ab3c2ef000000001a0256fd,一支把有效升级诠释的很好的眼霜…,u_1ecb8ef08c,包回购的！,2026-09-24,0,是,回复
912,眼部护理,6ab3c2ef000000001a0256fd,一支把有效升级诠释的很好的眼霜…,u_6a307e19eb,多少岁开始用眼霜合适呀,2026-09-23,0,,
913,眼部护理,6ab3c2ef000000001a0256fd,一支把有效升级诠释的很好的眼霜…,u_1ecb8ef08c,25左右就可以抗初老了,2026-09-24,0,是,回复
914,眼部护理,6ab3c2ef000000001a0256fd,一支把有效升级诠释的很好的眼霜…,u_1a38fbacb5,简直太适合我这种爱熬夜的了,2026-09-23,0,,
915,眼部护理,6ab3c2ef000000001a0256fd,一支把有效升级诠释的很好的眼霜…,u_1ecb8ef08c,哈哈哈哈哈哈我也熬[doge],2026-09-24,0,是,回复
916,眼部护理,6ab3c2ef000000001a0256fd,一支把有效升级诠释的很好的眼霜…,u_018a473812,大黑眼圈需要[哭惹R],2026-09-24,0,,
917,眼部护理,6ab3c2ef000000001a0256fd,一支把有效升级诠释的很好的眼霜…,u_26bde72977,安排[赞R],2026-09-24,0,,
918,眼部护理,6ab3c2ef000000001a0256fd,一支把有效升级诠释的很好的眼霜…,u_e6c7a2d44d,之前用过他家的眼霜，效果很明显[派对R][派对R][派对R][派对R]升级的更高级了！,2026-09-24,0,,
919,眼部护理,6ab3ccc9000000001303efa6,德美乐嘉面部重置盒✨一套把护肤流程安排到,u_077b290e57,之前看她分享护肤，选品一直很挑，这次这个组合是章小蕙亲自选的吗,2026-09-26,0,,
920,眼部护理,6ab3ccc9000000001303efa6,德美乐嘉面部重置盒✨一套把护肤流程安排到,u_aec99823d5,对嘟！！专属她的玫瑰盒子,2026-09-26,0,是,回复
921,眼部护理,6ab3ccc9000000001303efa6,德美乐嘉面部重置盒✨一套把护肤流程安排到,u_8232bae5ab,只有章小蕙的直播间有？,2026-09-26,0,,
922,眼部护理,6ab3ccc9000000001303efa6,德美乐嘉面部重置盒✨一套把护肤流程安排到,u_aec99823d5,对～她的专属机制,2026-09-26,0,是,回复
923,眼部护理,6ab3ccc9000000001303efa6,德美乐嘉面部重置盒✨一套把护肤流程安排到,u_9df1762689,本来只想看看眼霜，看完有点心动整套了,2026-09-26,0,,
924,眼部护理,6ab3ccc9000000001303efa6,德美乐嘉面部重置盒✨一套把护肤流程安排到,u_aec99823d5,整套买才划算,2026-09-26,0,是,回复
925,眼部护理,6ab3ccc9000000001303efa6,德美乐嘉面部重置盒✨一套把护肤流程安排到,u_0428c237d0,只有套装吗？双十一单品有折扣吗？,2026-09-26,0,,
926,眼部护理,6ab3ccc9000000001303efa6,德美乐嘉面部重置盒✨一套把护肤流程安排到,u_aec99823d5,套装比单品便宜很多哦,2026-09-26,0,是,回复
927,眼部护理,6ab3ccc9000000001303efa6,德美乐嘉面部重置盒✨一套把护肤流程安排到,u_6aad1f403f,提前收到也太幸福了,2026-09-26,0,,
928,眼部护理,6ab3ccc9000000001303efa6,德美乐嘉面部重置盒✨一套把护肤流程安排到,u_1a0b70ccc4,31 岁混干皮，想问这套全套叠涂会不会太多了？,2026-09-26,0,,
929,眼部护理,6ab3ccc9000000001303efa6,德美乐嘉面部重置盒✨一套把护肤流程安排到,u_f43c52fa30,[派对R][派对R]期待,2026-09-26,0,,
930,眼部护理,6ab3ccc9000000001303efa6,德美乐嘉面部重置盒✨一套把护肤流程安排到,u_9418a3c1dd,之前种草过 E2 眼霜，一直舍不得下手😭,2026-09-26,0,,
931,眼部护理,6ab3ccc9000000001303efa6,德美乐嘉面部重置盒✨一套把护肤流程安排到,u_6347bb9bcd,蹲蹲[飞吻R],2026-09-26,0,,
932,眼部护理,6ab3ccc9000000001303efa6,德美乐嘉面部重置盒✨一套把护肤流程安排到,u_f41f252ecf,期待,2026-09-26,0,,低信息
933,眼部护理,6ab485fb00000000150096ca,一条视频告诉你嘎眼袋遇到的问题,u_aa998e041b,黑眼圈可比眼袋泪沟好遮太多了…[完啦R],2026-09-24,323,,
934,眼部护理,6ab485fb00000000150096ca,一条视频告诉你嘎眼袋遇到的问题,u_fbeb77de79,毕竟黑眼圈只是颜色不一样而已,2026-09-25,36,是,回复
935,眼部护理,6ab485fb00000000150096ca,一条视频告诉你嘎眼袋遇到的问题,u_413524b965,蚕袋结合型怎么办[笑哭R]我笑起来眼袋伪装成卧铺不笑的时候卧蚕演变成眼袋,2026-09-24,30,,
936,眼部护理,6ab485fb00000000150096ca,一条视频告诉你嘎眼袋遇到的问题,u_6ba9c7a7c7,我今年就去嘎了我才大三哈哈，大概说一下我的是内切➕回填，我本身是有眼袋黑眼圈泪沟的，然后过程中打麻药会疼一点，麻药打完后可以感受到医生在搞你的眼下但是根本不疼，术后三天会非常肿但是不疼要冰敷，不能低头也不能洗头，三天后可以去理发店洗头眼睛可能会有点淤青不肿了后开始热敷，两周后才能自己洗头，另外是去不了黑眼圈的，黑眼圈是色素，但是没了眼袋平常糊一层遮瑕就够了，之前得搞四次遮瑕,2026-09-25,6,,
937,眼部护理,6ab485fb00000000150096ca,一条视频告诉你嘎眼袋遇到的问题,u_52c23fdeaf,笑起来是卧蚕的眼袋 我没招了…,2026-09-25,5,,
938,眼部护理,6ab485fb00000000150096ca,一条视频告诉你嘎眼袋遇到的问题,u_3af74371a0,我也是这种，但其实眼袋是脂肪，卧蚕是肌肉，笑起来肌肉牵动把脂肪拉起来了看着眼袋就不明显了，做手术去眼袋不会影响卧蚕,2026-09-25,5,是,回复
939,眼部护理,6ab485fb00000000150096ca,一条视频告诉你嘎眼袋遇到的问题,u_0a16b54cac,我的5K是内切加眶隔释放，目前一年了，还是很好,2026-09-25,2,,
940,眼部护理,6ab485fb00000000150096ca,一条视频告诉你嘎眼袋遇到的问题,u_90832328d5,好痛，我觉得比揦双眼皮痛……打麻药是把你下眼皮扯着翻出来，然后从里面往下戳打麻药，真的眼泪一边流，一边被要求不能流会影响打针。,2026-09-25,2,是,回复
941,眼部护理,6ab485fb00000000150096ca,一条视频告诉你嘎眼袋遇到的问题,u_c1376af0d6,你这感觉就是黑眼圈 加一丢丢的泪沟阿,2026-09-25,2,是,回复
942,眼部护理,6ab485fb00000000150096ca,一条视频告诉你嘎眼袋遇到的问题,u_228dbd233d,噶眼袋痛不痛呀,2026-09-25,1,,
943,眼部护理,6ab485fb00000000150096ca,一条视频告诉你嘎眼袋遇到的问题,u_6623ddf286,我感觉我的眼袋也特别严重 感觉眼袋非常的凹陷 如果去割的话会不会更凹啊,2026-09-25,1,,
944,眼部护理,6ab485fb00000000150096ca,一条视频告诉你嘎眼袋遇到的问题,u_f38717f0ad,在哪里做的呀姐妹[皱眉R],2026-09-25,0,是,回复
945,眼部护理,6ab485fb00000000150096ca,一条视频告诉你嘎眼袋遇到的问题,u_02cf2285e4,卧槽啊我也这样[捂脸R],2026-09-25,0,是,回复
946,眼部护理,6ab485fb00000000150096ca,一条视频告诉你嘎眼袋遇到的问题,u_eb3ef0a740,想问下我这种是眼袋吗 但是仰头是平的诶,2026-09-27,0,,
947,眼部护理,6ab485fb00000000150096ca,一条视频告诉你嘎眼袋遇到的问题,u_07f27ea422,问问宝宝多少岁做的呀,2026-09-27,0,,
948,眼部护理,6ab485fb00000000150096ca,一条视频告诉你嘎眼袋遇到的问题,u_a2c5dfe499,我这个是眼袋吗,2026-09-25,0,,
949,眼部护理,6ab485fb00000000150096ca,一条视频告诉你嘎眼袋遇到的问题,u_0b6c16415d,是，黑眼圈也挺严重的,2026-09-25,0,是,回复
950,眼部护理,6ab49dde0000000015017ed7,日常护肤｜一直在用的眼部精华,u_2fc25f4527,一直在用这款，确实好用,2026-09-27,0,,
951,眼部护理,6ab49dde0000000015017ed7,日常护肤｜一直在用的眼部精华,u_45578f2f4d,好用好用,2026-09-27,0,,
952,眼部护理,6ab4bdac000000001c00fb5e,熬夜油皮用抗老眼霜到底行不行啊？！！,u_d54f87af49,冲了程程！老版就跟着你入的！！！,2026-09-24,15,,
953,眼部护理,6ab4bdac000000001c00fb5e,熬夜油皮用抗老眼霜到底行不行啊？！！,u_0c1d6cd8d8,这个吗,2026-09-24,7,,
954,眼部护理,6ab4bdac000000001c00fb5e,熬夜油皮用抗老眼霜到底行不行啊？！！,u_37dc77e5ec,蹲蹲,2026-09-24,0,是,"低信息,回复"
955,眼部护理,6ab4bdac000000001c00fb5e,熬夜油皮用抗老眼霜到底行不行啊？！！,u_6277789418,程程，好久不见了,2026-09-24,0,,
956,眼部护理,6ab4bdac000000001c00fb5e,熬夜油皮用抗老眼霜到底行不行啊？！！,u_269cb4b7ba,38了，眼睛一圈都是棕色的，而且熬夜也有黑眼圈用这个吗？麻烦怪哥回复一下，在眼霜上面踩过太多坑了,2026-09-24,0,,
957,眼部护理,6ab4bdac000000001c00fb5e,熬夜油皮用抗老眼霜到底行不行啊？！！,u_a7ed80cbc7,可以用呀 这个对黑眼圈还有细纹还有眼睛浮肿松弛都有用,2026-09-25,0,是,回复
958,眼部护理,6ab4bdac000000001c00fb5e,熬夜油皮用抗老眼霜到底行不行啊？！！,u_a851b9fef8,眼下有一粒一粒的到底怎么祛除,2026-09-24,0,,
959,眼部护理,6ab4bdac000000001c00fb5e,熬夜油皮用抗老眼霜到底行不行啊？！！,u_a7ed80cbc7,脂肪粒吗？,2026-09-25,0,是,回复
960,眼部护理,6ab4bdac000000001c00fb5e,熬夜油皮用抗老眼霜到底行不行啊？！！,u_d3f54b517d,我是敏感肌，涂了好几款眼霜过敏,2026-09-24,0,,
961,眼部护理,6ab4bdac000000001c00fb5e,熬夜油皮用抗老眼霜到底行不行啊？！！,u_a7ed80cbc7,这个不会敏感，成分很温和，没有A醇这些刺激的,2026-09-25,0,是,回复
962,眼部护理,6ab4bdac000000001c00fb5e,熬夜油皮用抗老眼霜到底行不行啊？！！,u_f5f93d2a08,我来啦，程程,2026-09-24,0,,
963,眼部护理,6ab4bdac000000001c00fb5e,熬夜油皮用抗老眼霜到底行不行啊？！！,u_c2882e432b,有淡化脂肪粒的眼霜推荐吗,2026-09-24,0,,
964,眼部护理,6ab4bdac000000001c00fb5e,熬夜油皮用抗老眼霜到底行不行啊？！！,u_a7ed80cbc7,改成清爽的就好啦,2026-09-25,0,是,回复
965,眼部护理,6ab4bdac000000001c00fb5e,熬夜油皮用抗老眼霜到底行不行啊？！！,u_b6fc8409c3,晚上好[暗中观察R],2026-09-24,0,,
966,眼部护理,6ab4bdac000000001c00fb5e,熬夜油皮用抗老眼霜到底行不行啊？！！,u_c01eba1b98,[哇R]万年黑眼圈有救了！！！,2026-09-24,0,,
967,眼部护理,6ab4c5f2000000001500ad12,（无标题）,u_8c2bf4973e,提前祝教授中秋快乐[派对R][派对R],2026-09-24,4,,
968,眼部护理,6ab4c5f2000000001500ad12,（无标题）,u_0ca32a94e2,"中秋皓月照神州，
李氏名家有雅谋。
维德潜心耕学海，
新福相伴度中秋",2026-09-24,3,,
969,眼部护理,6ab4c5f2000000001500ad12,（无标题）,u_6c5c6a0421,终于讲到黑眼圈了，太适合我了，感谢教授[飞吻R]看学习之后感觉自己是最后一种结构性黑眼圈[哭惹R]明天就是中秋节了，预祝教授中秋快乐！阖家幸福！[飞吻R],2026-09-24,3,,
970,眼部护理,6ab4c5f2000000001500ad12,（无标题）,u_d6278353fa,眼霜不治黑眼圈，被李教授科普了，黑眼圈可以到医院治疗，还好我现在还没有黑眼圈[微笑R],2026-09-24,3,,
971,眼部护理,6ab4c5f2000000001500ad12,（无标题）,u_b1172710d9,教授，中秋快乐，多休息喔[害羞R],2026-09-24,2,,
972,眼部护理,6ab4c5f2000000001500ad12,（无标题）,u_fbef5f0c96,我就是第二种[捂脸R],2026-09-24,2,,
973,眼部护理,6ab4c5f2000000001500ad12,（无标题）,u_df350255ed,[赞R][赞R][赞R],2026-09-24,1,是,回复
974,眼部护理,6ab4c5f2000000001500ad12,（无标题）,u_b3d32c1ea8,蛋蛋后大学生默默收藏了多磺酸粘多糖乳膏,2026-09-24,1,,
975,眼部护理,6ab4c5f2000000001500ad12,（无标题）,u_3eead15c39,李主任快快和中医科医生联合，中西医结合科普[暗中观察R],2026-09-26,0,,
976,眼部护理,6ab4c5f2000000001500ad12,（无标题）,u_1997440830,想问下，李医生有打去皱针吗？[笑哭R],2026-09-26,0,,
977,眼部护理,6ab4c5f2000000001500ad12,（无标题）,u_61fe901810,曾经听别人说，有一种黑眼圈是从小已经存在，真的很难清除,2026-09-25,0,,
978,眼部护理,6ab4c70700000000180045c8,一个字爽，黑眼圈原地消失了！！！,u_054f3f46a3,大概多久有效果[害羞R],2026-09-25,0,,
979,眼部护理,6ab4c70700000000180045c8,一个字爽，黑眼圈原地消失了！！！,u_5491fe6a43,坚持至少半个月吧，会淡一点点。但还是尽量少熬夜早点睡哈[偷笑R],2026-09-26,0,是,回复
980,眼部护理,6ab4c70700000000180045c8,一个字爽，黑眼圈原地消失了！！！,u_3667482848,哎呀我黑眼圈超级大正需要[哭惹R],2026-09-25,0,,
981,眼部护理,6ab4c70700000000180045c8,一个字爽，黑眼圈原地消失了！！！,u_df2a20d2c7,看起来还不错，刚好最近被黑眼圈很困扰,2026-09-25,0,,
982,眼部护理,6ab4c70700000000180045c8,一个字爽，黑眼圈原地消失了！！！,u_de5bdf363b,眼角的细纹也能去吗？？？,2026-09-25,0,,
983,眼部护理,6ab4c70700000000180045c8,一个字爽，黑眼圈原地消失了！！！,u_03544f5563,黑眼圈用多久有效果[哇R],2026-09-25,0,,
984,眼部护理,6ab4c70700000000180045c8,一个字爽，黑眼圈原地消失了！！！,u_1d8348659e,像我这种又黑又有眼袋的效果明显吗[哭惹R],2026-09-25,0,,
985,眼部护理,6ab4c70700000000180045c8,一个字爽，黑眼圈原地消失了！！！,u_5491fe6a43,眼袋肯定用处不大的[微笑R],2026-09-26,0,是,回复
986,眼部护理,6ab4c70700000000180045c8,一个字爽，黑眼圈原地消失了！！！,u_d6f2cc1907,按摩棒好mini可爱！,2026-09-25,0,,
987,眼部护理,6ab4c70700000000180045c8,一个字爽，黑眼圈原地消失了！！！,u_5491fe6a43,嘿嘿，而且按摩起来真的很舒服[偷笑R],2026-09-26,0,是,回复
988,眼部护理,6ab4c70700000000180045c8,一个字爽，黑眼圈原地消失了！！！,u_38c08a7604,现在一熬夜，脸又肿，黑眼圈也越来越明显了[哭惹R]，以前都没感觉，直到突然有天照镜子盯着黑眼圈看,2026-09-25,0,,
989,眼部护理,6ab4c70700000000180045c8,一个字爽，黑眼圈原地消失了！！！,u_5491fe6a43,少熬夜[偷笑R],2026-09-26,0,是,回复
990,眼部护理,6ab4c70700000000180045c8,一个字爽，黑眼圈原地消失了！！！,u_5baebcf037,敏敏肌肤能用吗？会刺激皮肤吗,2026-09-25,0,,
991,眼部护理,6ab4c70700000000180045c8,一个字爽，黑眼圈原地消失了！！！,u_5d15ec3968,黑眼圈严重的真的超有用的,2026-09-25,0,,
992,眼部护理,6ab4c99e000000001203b110,熬夜后，眼周靠这罐祛眼袋眼霜撑着✨,u_015c742147,好会吃,2026-09-24,1,是,回复
993,眼部护理,6ab4c99e000000001203b110,熬夜后，眼周靠这罐祛眼袋眼霜撑着✨,u_f2a6dff612,眼霜用起来[萌萌哒R],2026-09-24,1,,
994,眼部护理,6ab4c99e000000001203b110,熬夜后，眼周靠这罐祛眼袋眼霜撑着✨,u_e6f212c347,看到你用后眼睛都布灵布灵了,2026-09-25,0,,
995,眼部护理,6ab4c99e000000001203b110,熬夜后，眼周靠这罐祛眼袋眼霜撑着✨,u_015c742147,是吧是吧,2026-09-25,0,是,回复
996,眼部护理,6ab4c99e000000001203b110,熬夜后，眼周靠这罐祛眼袋眼霜撑着✨,u_631026e85e,眼周状态真好啊，这个会不会有脂肪粒啊,2026-09-25,0,,
997,眼部护理,6ab4c99e000000001203b110,熬夜后，眼周靠这罐祛眼袋眼霜撑着✨,u_015c742147,没有耶,2026-09-25,0,是,回复
998,眼部护理,6ab4c99e000000001203b110,熬夜后，眼周靠这罐祛眼袋眼霜撑着✨,u_23a0a4d12b,好像土豆泥,2026-09-24,0,,
999,眼部护理,6ab4c99e000000001203b110,熬夜后，眼周靠这罐祛眼袋眼霜撑着✨,u_176cac5857,好高级,2026-09-26,0,,
1000,眼部护理,6ab4c99e000000001203b110,熬夜后，眼周靠这罐祛眼袋眼霜撑着✨,u_b7a3333f64,拍照越来越好看啦，拍的我都感觉我用不起了,2026-09-24,0,,
1001,眼部护理,6ab4c99e000000001203b110,熬夜后，眼周靠这罐祛眼袋眼霜撑着✨,u_015c742147,可以用得起的,2026-09-24,0,是,回复
1002,眼部护理,6ab4c99e000000001203b110,熬夜后，眼周靠这罐祛眼袋眼霜撑着✨,u_960f675dda,我喜欢[哇R],2026-09-26,0,,
1003,眼部护理,6ab4c99e000000001203b110,熬夜后，眼周靠这罐祛眼袋眼霜撑着✨,u_376c94edf4,不错[害羞R],2026-09-24,0,,
1004,眼部护理,6ab4c99e000000001203b110,熬夜后，眼周靠这罐祛眼袋眼霜撑着✨,u_a65aa5b537,好好看❤,2026-09-25,0,,
1005,眼部护理,6ab4c99e000000001203b110,熬夜后，眼周靠这罐祛眼袋眼霜撑着✨,u_e466dd362e,质地好像很润,2026-09-26,0,,
1006,眼部护理,6ab4e998000000001500ba0a,黑眼圈怎么都淡不了，多半是没分清类型..,u_4eef84a720,性价比怎么样，哪里买,2026-09-25,0,,
1007,眼部护理,6ab4e998000000001500ba0a,黑眼圈怎么都淡不了，多半是没分清类型..,u_a19c7fb242,上🍑搜索丸美小红笔眼霜哦,2026-09-25,0,是,回复
1008,眼部护理,6ab4e998000000001500ba0a,黑眼圈怎么都淡不了，多半是没分清类型..,u_67c05b315a,原来这么多类型,2026-09-27,0,,
1009,眼部护理,6ab4e998000000001500ba0a,黑眼圈怎么都淡不了，多半是没分清类型..,u_9456e072eb,多久才能有效果,2026-09-27,0,,
1010,眼部护理,6ab4e998000000001500ba0a,黑眼圈怎么都淡不了，多半是没分清类型..,u_380acd192d,每天睡前用可以吗？需要按摩多久呀？,2026-09-27,0,,
1011,眼部护理,6ab4e998000000001500ba0a,黑眼圈怎么都淡不了，多半是没分清类型..,u_64dbed964e,我的黑眼圈就很明显[捂脸R]打算入手眼霜试试看,2026-09-27,0,,
1012,眼部护理,6ab4e998000000001500ba0a,黑眼圈怎么都淡不了，多半是没分清类型..,u_cb82ef1da7,原来黑眼圈也分类型 价格怎么样呀,2026-09-27,0,,
1013,眼部护理,6ab4e998000000001500ba0a,黑眼圈怎么都淡不了，多半是没分清类型..,u_9c36d2b734,干货很实用，不同黑眼圈对应不同护理方式,2026-09-27,0,,
1014,眼部护理,6ab4e998000000001500ba0a,黑眼圈怎么都淡不了，多半是没分清类型..,u_455437ebe5,很好用,2026-09-27,0,,
1015,眼部护理,6ab4e998000000001500ba0a,黑眼圈怎么都淡不了，多半是没分清类型..,u_eec6b67785,用多久有效果呀,2026-09-26,0,,
1016,眼部护理,6ab4e998000000001500ba0a,黑眼圈怎么都淡不了，多半是没分清类型..,u_d9fd3ff5d9,好能打啊成分,2026-09-26,0,,
1017,眼部护理,6ab4edd90000000018011edf,29眼纹这么重，我真的接受不了！！,u_c4adee129b,这眼膜在哪里找的，没搜到,2026-09-27,0,,
1018,眼部护理,6ab4edd90000000018011edf,29眼纹这么重，我真的接受不了！！,u_87f42fdf8d,🍑，旗舰店,2026-09-27,0,是,回复
1019,眼部护理,6ab4edd90000000018011edf,29眼纹这么重，我真的接受不了！！,u_2fa9a9b54f,微晶眼膜，我一直都是在院线做的护理,2026-09-27,0,,
1020,眼部护理,6ab4edd90000000018011edf,29眼纹这么重，我真的接受不了！！,u_fc0e063eb4,​贵的很啊😂，好几百了我记得,2026-09-27,0,是,回复
1021,眼部护理,6ab4edd90000000018011edf,29眼纹这么重，我真的接受不了！！,u_4f959efae9,真有用过的姐妹说说到底咋样吗，要是能消的话美美院都不用去了,2026-09-27,0,,
1022,眼部护理,6ab4edd90000000018011edf,29眼纹这么重，我真的接受不了！！,u_0c6146461b,妈耶，我真的换了很多粉底液了，都是特别卡，每次遮瑕都是小心翼翼的,2026-09-27,0,,
1023,眼部护理,6ab4edd90000000018011edf,29眼纹这么重，我真的接受不了！！,u_a2fb88c8f5,我的细纹也是很密集的那种，还有鱼尾纹，不知道能不能行啊，我还做过水光，没啥用😭,2026-09-27,0,,
1024,眼部护理,6ab4f2220000000015017239,美妆圈大瓜！这个法国老网红杀回中国市场了,u_c20fb0a1e4,不代不卖纯分享！！感兴趣的自己识图搜看看，不认识的姐妹可以多认识下，品牌叫Melvita蜜葳特，它家是欧舒丹集团旗下的法国牌子，四十多年专研植物油护肤这一件事，含金量这块不用我说了！最近看到国内又有回归的势头，这么好用的眼油强烈推荐大家都去试试看！[色色R],2026-09-27,0,,
1025,眼部护理,6ab4f2220000000015017239,美妆圈大瓜！这个法国老网红杀回中国市场了,u_df29c59bc9,这个牌子超级宝藏,2026-09-27,0,,
1026,眼部护理,6ab4f2220000000015017239,美妆圈大瓜！这个法国老网红杀回中国市场了,u_1db4a1809f,会不会难吸收,2026-09-27,0,,
1027,眼部护理,6ab4f2220000000015017239,美妆圈大瓜！这个法国老网红杀回中国市场了,u_a955ec8105,很好吸收,2026-09-27,0,是,回复
1028,眼部护理,6ab4f2220000000015017239,美妆圈大瓜！这个法国老网红杀回中国市场了,u_ee2d2bc463,皮肤比较敏感可以吗,2026-09-27,0,,
1029,眼部护理,6ab4f2220000000015017239,美妆圈大瓜！这个法国老网红杀回中国市场了,u_d27eb2c030,这个牌子用上好吸收吗,2026-09-27,0,,
1030,眼部护理,6ab4f2220000000015017239,美妆圈大瓜！这个法国老网红杀回中国市场了,u_af7237d9b0,以油养肤，很方便的设计,2026-09-27,0,,
1031,眼部护理,6ab4f2220000000015017239,美妆圈大瓜！这个法国老网红杀回中国市场了,u_c627547cf2,好吸收吗？长时间使用会不会长脂肪粒？,2026-09-27,0,,
1032,眼部护理,6ab4f2220000000015017239,美妆圈大瓜！这个法国老网红杀回中国市场了,u_1cd63ed1bf,会觉得糊眼睛嘛,2026-09-27,0,,
1033,眼部护理,6ab4f2220000000015017239,美妆圈大瓜！这个法国老网红杀回中国市场了,u_bc64eb2fcd,我用过 挺不错的,2026-09-27,0,,
1034,眼部护理,6ab4f2220000000015017239,美妆圈大瓜！这个法国老网红杀回中国市场了,u_b72a660e6c,这款超好用的超爱好吧姐妹们放心冲,2026-09-27,0,,
1035,眼部护理,6ab4f4230000000018015432,熬最狠的夜，用对眼霜才知道睁开眼有多清爽！,u_a2c4d4c9e3,集美们，小棕瓶眼霜还用说吗，从来没找到过的熬夜平替眼霜，黑眼圈重的，眼纹多的就认他！！！！！稳住熬夜眼周状态[赞R],2026-09-24,14,,
1036,眼部护理,6ab4f4230000000018015432,熬最狠的夜，用对眼霜才知道睁开眼有多清爽！,u_a2c4d4c9e3,老规矩哦，2️⃣姐妹👭💯🧧,2026-09-24,14,是,回复
1037,眼部护理,6ab4f4230000000018015432,熬最狠的夜，用对眼霜才知道睁开眼有多清爽！,u_443fa4075b,熬夜党太需要了 我的眼睛真的细纹多多[完啦R][完啦R][完啦R][完啦R],2026-09-24,1,,
1038,眼部护理,6ab4f4230000000018015432,熬最狠的夜，用对眼霜才知道睁开眼有多清爽！,u_af7168d600,你经常推荐的牌子[扯脸H]一定是好用的！！,2026-09-26,0,,
1039,眼部护理,6ab4f4230000000018015432,熬最狠的夜，用对眼霜才知道睁开眼有多清爽！,u_5d0259d170,会长脂肪粒吗,2026-09-26,0,,
1040,眼部护理,6ab4f4230000000018015432,熬最狠的夜，用对眼霜才知道睁开眼有多清爽！,u_4594e98448,我给妈妈买了小棕瓶眼霜，真的很好用！我自己也在用，质地好喜欢的,2026-09-27,0,,
1041,眼部护理,6ab4f4230000000018015432,熬最狠的夜，用对眼霜才知道睁开眼有多清爽！,u_5c3419e35b,很好 现在刷到更加种草,2026-09-25,0,,
1042,眼部护理,6ab4f4230000000018015432,熬最狠的夜，用对眼霜才知道睁开眼有多清爽！,u_d1633a42df,啊啊啊啊  小卡中秋快乐[哇R] 可不可以翻我一次呀！！！,2026-09-24,0,,
1043,眼部护理,6ab4f4230000000018015432,熬最狠的夜，用对眼霜才知道睁开眼有多清爽！,u_5400140786,皮肤都能够拥有这样更好的状态和呵护，真的超级的喜欢呀，而且让整个人都充满了更多自信的存在了，我这个小宝贝也想被看到呀[害羞R],2026-09-26,0,,
1044,眼部护理,6ab4f4230000000018015432,熬最狠的夜，用对眼霜才知道睁开眼有多清爽！,u_83e634ef60,因上努力💪果上随缘！小卡的2026 中秋🥮的的第一份礼物会选上我嘛！！！,2026-09-25,0,,
1045,眼部护理,6ab4f4230000000018015432,熬最狠的夜，用对眼霜才知道睁开眼有多清爽！,u_35720cb300,经典杠杠的[派对R][派对R]雅诗兰黛k老！！尊的爱！黑眼圈星人离不开就是说[皱眉R][皱眉R]支持不缺席！提前中秋快乐,2026-09-24,0,,
1046,眼部护理,6ab5132e0000000018017f17,李佳琦双11爆火眼霜怎么选？（自用分享,u_7997f3c3e0,双11清单加入了[偷笑R],2026-09-25,0,,
1047,眼部护理,6ab5132e0000000018017f17,李佳琦双11爆火眼霜怎么选？（自用分享,u_cc7acbce40,是丸美小红笔眼霜嘛宝,2026-09-25,0,是,回复
1048,眼部护理,6ab5132e0000000018017f17,李佳琦双11爆火眼霜怎么选？（自用分享,u_380acd192d,一般需要按摩多长时间呢？,2026-09-27,0,,
1049,眼部护理,6ab5132e0000000018017f17,李佳琦双11爆火眼霜怎么选？（自用分享,u_9456e072eb,黑眼圈有救了,2026-09-27,0,,
1050,眼部护理,6ab5132e0000000018017f17,李佳琦双11爆火眼霜怎么选？（自用分享,u_9c36d2b734,干皮用这款会不会不够滋润？,2026-09-27,0,,
1051,眼部护理,6ab5132e0000000018017f17,李佳琦双11爆火眼霜怎么选？（自用分享,u_42c7f9d84d,眼霜用久了会不会长脂肪颗粒啊？,2026-09-27,0,,
1052,眼部护理,6ab5132e0000000018017f17,李佳琦双11爆火眼霜怎么选？（自用分享,u_1bb93cd84d,哪个更适合油皮 不糊眼睛,2026-09-24,0,,
1053,眼部护理,6ab5132e0000000018017f17,李佳琦双11爆火眼霜怎么选？（自用分享,u_4280b94071,油皮适合吗,2026-09-25,0,,
1054,眼部护理,6ab5132e0000000018017f17,李佳琦双11爆火眼霜怎么选？（自用分享,u_619960a34c,哪款眼霜祛除黑眼圈比较有效果啊[害羞R],2026-09-27,0,,
1055,眼部护理,6ab5132e0000000018017f17,李佳琦双11爆火眼霜怎么选？（自用分享,u_3266e5af99,哪款性价比高,2026-09-25,0,,
1056,眼部护理,6ab5132e0000000018017f17,李佳琦双11爆火眼霜怎么选？（自用分享,u_5fb6d8b5c7,直接涂眼周吗,2026-09-24,0,,
1057,眼部护理,6ab5684d00000000140015ad,史诗级抓马!三大护肤品牌互相扯头花？🙄💅,u_83475cb3af,但是这个包材就是公模呀 想用谁都可以用,2026-09-25,0,,
1058,眼部护理,6ab6095f000000001b02d34f,怎么看我都刚爱左边的offer,u_cc94f9d8fd,288的一霜一油真的非常好，非常适合新用户做尝试，最终的那个量有点多了不敢尝试了,2026-09-25,68,,
1059,眼部护理,6ab6095f000000001b02d34f,怎么看我都刚爱左边的offer,u_f4461784b6,是的！！！呐喊感慨，希望品牌能看到,2026-09-25,13,是,回复
1060,眼部护理,6ab6095f000000001b02d34f,怎么看我都刚爱左边的offer,u_e1b6155b38,眼油和眼霜本来消耗起来就不是很快，右边那个是要当饭吃吗…本来旺旺提的那个想法很干净的,2026-09-25,9,,
1061,眼部护理,6ab6095f000000001b02d34f,怎么看我都刚爱左边的offer,u_a52278f3c7,只接受旺旺给的机制[笑哭R]388那个没啥心动的感觉了[笑哭R],2026-09-25,7,,
1062,眼部护理,6ab6095f000000001b02d34f,怎么看我都刚爱左边的offer,u_157f393ac0,旺旺说的offer真的心动了,2026-09-25,7,,
1063,眼部护理,6ab6095f000000001b02d34f,怎么看我都刚爱左边的offer,u_d6d62341dc,我还是挺一下丸美，毕竟专研眼部保养二十几年的老牌子，现在很多牌子太新了，说实话感觉营销大于研发，价格虚高,2026-09-25,6,,
1064,眼部护理,6ab6095f000000001b02d34f,怎么看我都刚爱左边的offer,u_bf4c306196,优时颜好用的 可是完美有电动头 纠结[笑哭R][笑哭R],2026-09-25,4,,
1065,眼部护理,6ab6095f000000001b02d34f,怎么看我都刚爱左边的offer,u_2635e9f023,我也好心动，但是她替换装没有那个定量[哭惹R],2026-09-25,3,,
1066,眼部护理,6ab6095f000000001b02d34f,怎么看我都刚爱左边的offer,u_f4461784b6,我觉得这也是个败笔，我觉得一年不如一年[吃瓜R],2026-09-25,2,是,回复
1067,眼部护理,6ab6095f000000001b02d34f,怎么看我都刚爱左边的offer,u_f4461784b6,这种囤多了 到了后面都是“怎么还没用完！”[doge],2026-09-25,2,是,回复
1068,眼部护理,6ab6095f000000001b02d34f,怎么看我都刚爱左边的offer,u_fed1a3fb9a,真的是，本来就是想买丸美的，看到那个机制疯狂心动，下一秒就否了，现在有点不想买完美了，399太多了那么杂不好用都砸手里了,2026-09-25,2,是,回复
1069,眼部护理,6ab6095f000000001b02d34f,怎么看我都刚爱左边的offer,u_f4461784b6,不是很多说他们家是微商出身，本身研发价值不高嘛？这仅是我之前做功课在评论区看到的，非本人想法[doge]我还在左右摇摆中，主要是头吸引人，以及别的眼霜目前还没吸引到我[doge],2026-09-25,1,是,回复
1070,眼部护理,6ab6095f000000001b02d34f,怎么看我都刚爱左边的offer,u_f4461784b6,优时颜我已经用完两瓶了[偷笑R]我就是被电动头吸引的,2026-09-25,1,是,回复
1071,眼部护理,6ab6095f000000001b02d34f,怎么看我都刚爱左边的offer,u_94adf73ca6,我用了半年的丸美眼霜搭配馥郁满铺的眼油一起，早晚都用，眼部一点细纹都没有,2026-09-25,1,,
1072,眼部护理,6ab6095f000000001b02d34f,怎么看我都刚爱左边的offer,u_20a6a8db34,确实，如果是旺旺说的那个我就买了，不然就买优时颜吧，今年高低买一个眼霜,2026-09-26,0,是,回复
1073,眼部护理,6ab6095f000000001b02d34f,怎么看我都刚爱左边的offer,u_2099aa2a4b,眼油为什么不做滚珠，滴管一手油,2026-09-27,0,,
1074,眼部护理,6ab6095f000000001b02d34f,怎么看我都刚爱左边的offer,u_3f4d264bd3,丸美以前好像是 20g 还是 30g 来着？现在怎么变 15g 了[捂脸R][捂脸R][捂脸R],2026-09-25,0,,
1075,眼部护理,6ab6095f000000001b02d34f,怎么看我都刚爱左边的offer,u_34bc171dca,据说是升级了,2026-09-25,0,是,回复
1076,眼部护理,6ab6095f000000001b02d34f,怎么看我都刚爱左边的offer,u_f4461784b6,我用馥郁满铺的小样也不错[偷笑R],2026-09-25,0,是,回复
1077,眼部护理,6ab60d1c000000001b021af7,黑眼圈👀其实就是一团淤血…揉开了就散了,u_249df1d0c9,一到两次就好 可以先热毛巾敷一下再做 记得涂上点眼霜或者滋润一点的面霜 或者油,2026-09-26,2,是,回复
1078,眼部护理,6ab60d1c000000001b021af7,黑眼圈👀其实就是一团淤血…揉开了就散了,u_231baecfe1,一组几次？ 我怕过头越揉越黑 😅,2026-09-26,0,,
1079,眼部护理,6ab60d1c000000001b021af7,黑眼圈👀其实就是一团淤血…揉开了就散了,u_415834a764,用力摩擦是不是会出纹路？,2026-09-27,0,,
1080,眼部护理,6ab60d1c000000001b021af7,黑眼圈👀其实就是一团淤血…揉开了就散了,u_249df1d0c9,涂点眼霜或者精油,2026-09-27,0,是,回复
1081,眼部护理,6ab60d1c000000001b021af7,黑眼圈👀其实就是一团淤血…揉开了就散了,u_f4e8071557,为什么柔着揉着想睡觉觉了？,2026-09-26,0,,
1082,眼部护理,6ab60d1c000000001b021af7,黑眼圈👀其实就是一团淤血…揉开了就散了,u_249df1d0c9,有用 试试,2026-09-26,0,是,回复
1083,眼部护理,6ab6140f00000000180132ec,所有女生的offer第一期观后感,u_e6d34ceb42,我唯一能接受的大量囤货是四支洁面，那些面霜真的用不完……我去年买的还有一半没拆,2026-09-25,170,,
1084,眼部护理,6ab6140f00000000180132ec,所有女生的offer第一期观后感,u_8c8bafe9cc,我也觉得丸美应该采用旺旺的提议，估计一下能卖爆,2026-09-25,135,,
1085,眼部护理,6ab6140f00000000180132ec,所有女生的offer第一期观后感,u_fc08c63f9f,是的 旺旺的机制简单明了 最后版本好拉垮,2026-09-25,115,是,回复
1086,眼部护理,6ab6140f00000000180132ec,所有女生的offer第一期观后感,u_f442f4fffc,看offer的时候突然想到，当时中样节买了妮维雅630精华的，别忘了退邮费啊,2026-09-25,58,,
1087,眼部护理,6ab6140f00000000180132ec,所有女生的offer第一期观后感,u_2f5b1ee5c9,我觉得这些商家就是要一年一次大批量甩货。反正618机制一直都比不上双十一。有时候该住手就住手，停买一年会发现明年更划算了送的更多了或者价格更低了。涨价的OFFER就直接换，没有什么不可替代的东西。,2026-09-25,20,,
1088,眼部护理,6ab6140f00000000180132ec,所有女生的offer第一期观后感,u_bf2f9e50f0,真的现在拼单太难了，红包大家都是辛苦抢来的，不想免费给对方优惠有的优惠甚至是因为对方花钱开通了什么，但是如果按照原价大家又基本都有红包还不如自己买作为发起拼单所以真的不好弄[哭惹R],2026-09-25,18,,
1089,眼部护理,6ab6140f00000000180132ec,所有女生的offer第一期观后感,u_f442f4fffc,我打算假期里盘一盘已经有的存货，冷静一下，别上头瞎买,2026-09-25,18,是,回复
1090,眼部护理,6ab6140f00000000180132ec,所有女生的offer第一期观后感,u_530d9d9468,馥郁满铺挺吸引人的[笑哭R]那个老板感觉天快塌了哈哈哈哈，洁颜蜜精粹水眼油都想试试，有没有用过的姐妹知道哪个好用不，好纠结,2026-09-25,18,,
1091,眼部护理,6ab6140f00000000180132ec,所有女生的offer第一期观后感,u_7408564e88,感谢你啊，姐妹，我也忘记退了[捂脸R],2026-09-25,16,是,回复
1092,眼部护理,6ab6140f00000000180132ec,所有女生的offer第一期观后感,u_49acfd4a27,他们家要慎重，容易氧化，买过他们家水，放了半年想用了拿出来开封，水直接浑浊了，慎重慎重,2026-09-25,8,是,回复
1093,眼部护理,6ab6140f00000000180132ec,所有女生的offer第一期观后感,u_6286d6376d,我之前买的一堆赫丽尔斯的洁面，去年才用完，他牌子倒闭的速度都比我用的速度快[捂脸R]还有潘婷那个三分钟发膜之前也是买了很多，出了新版本我的旧版本都没用完，老用同一样都用烦了[捂脸R]我是不会再买大量囤货装了，而且找人拼很麻烦我也不拼。,2026-09-26,3,,
1094,眼部护理,6ab6140f00000000180132ec,所有女生的offer第一期观后感,u_bcf7c70f67,我以前可以接受面霜精华囤货（天天用）但现在我发现从简护肤+简单美容（小气泡清洁，光子嫩肤）让皮肤更好。所以我现在也只能接受洁面和面膜囤货,2026-09-25,2,,
1095,眼部护理,6ab6140f00000000180132ec,所有女生的offer第一期观后感,u_88a3a5ca6e,真的，虽然说双很划算，但是找人拼单真的很麻烦。而且感觉双送的东西又比单的划算[呃R]对单瓶太不友好了。而且现在觉得单和双的机制越差越大，所有的商家都在推双瓶机制。,2026-09-26,2,,
1096,眼部护理,6ab6140f00000000180132ec,所有女生的offer第一期观后感,u_bcf7c70f67,等面膜的机制了，目前没出机制前，理肤泉同频fanbeauty欧莱雅我都可以考虑,2026-09-25,1,是,回复
1097,眼部护理,6ab6140f00000000180132ec,所有女生的offer第一期观后感,u_1f4aae668c,但是我感觉赫丽尔斯真的好用，而且很耐用也是真的,2026-09-26,0,是,回复
1098,眼部护理,6ab6140f00000000180132ec,所有女生的offer第一期观后感,u_f0b63cb2cd,对的拼单真的很不方便 很多人就想a实付的，但是我从小课堂蹲到最后 辛辛苦苦抢的红包，算什么,2026-09-25,0,是,回复
1099,眼部护理,6ab6140f00000000180132ec,所有女生的offer第一期观后感,u_f442f4fffc,对的，我十一肯定要好好盘一下库存，至少明年618以前够用的绝对不买,2026-09-25,0,是,回复
1100,眼部护理,6ab6140f00000000180132ec,所有女生的offer第一期观后感,u_5b9ccdf02f,不能像拼多多弄个拼单功能吗，一买就拼单了。,2026-09-27,0,,
1101,眼部护理,6ab6140f00000000180132ec,所有女生的offer第一期观后感,u_f442f4fffc,不能更赞同,2026-09-26,0,是,回复
1102,眼部护理,6ab61417000000000a0271a9,看完offer2026我直接冲了！！,u_25399babfe,啊啊啊啊怎么还没到双十一这机制好勾引我！！,2026-09-25,1,,
1103,眼部护理,6ab61417000000000a0271a9,看完offer2026我直接冲了！！,u_bc70cd1d8d,有没有帮我拼一单的[哭惹R]，求需要，真心,2026-09-27,0,,
1104,眼部护理,6ab61417000000000a0271a9,看完offer2026我直接冲了！！,u_5c98b1db1b,这眼霜我每年大促都会买,2026-09-25,0,,
1105,眼部护理,6ab61417000000000a0271a9,看完offer2026我直接冲了！！,u_a64cd69852,眼睛敏感能用吗,2026-09-26,0,,
1106,眼部护理,6ab61417000000000a0271a9,看完offer2026我直接冲了！！,u_38a62e55cb,按摩头冰冰凉凉太舒服，已经加入双十一清单,2026-09-25,0,,
1107,眼部护理,6ab61417000000000a0271a9,看完offer2026我直接冲了！！,u_9f7d2f07f8,offer现场看直接心动，老版本一直在回购,2026-09-25,0,,
1108,眼部护理,6ab61417000000000a0271a9,看完offer2026我直接冲了！！,u_fb3ac01786,丸美你牛，今年本来打算就买一单的，这个288纯眼霜的机制看的我好心动我要多囤一点,2026-09-25,0,,
1109,眼部护理,6ab61417000000000a0271a9,看完offer2026我直接冲了！！,u_ad94b39e55,熬夜打工人眼周很干，质地清爽上脸很好吸收,2026-09-25,0,,
1110,眼部护理,6ab61417000000000a0271a9,看完offer2026我直接冲了！！,u_4576f35e56,想问下油皮用会闷脂肪粒吗？😯,2026-09-25,0,,
1111,眼部护理,6ab61417000000000a0271a9,看完offer2026我直接冲了！！,u_0dc6f6c792,他家按摩头不错，消肿可以的[微笑R],2026-09-25,0,,
1112,眼部护理,6ab61cfc000000000a01f1c8,建议都学学李佳琦的销售思路……,u_2a47d80c77,确实一个眼油四瓶太多了 我不爱拼单的人 我很爱用眼油的人都觉得多了 因为夏天一般不用 [笑哭R][笑哭R],2026-09-25,42,,
1113,眼部护理,6ab61cfc000000000a01f1c8,建议都学学李佳琦的销售思路……,u_ae7a5b8797,我觉得还挺好用的，我用过小样，但是我刷到好多帖子说容易进脏东西还会变质，一个人两瓶还是要考虑一下的,2026-09-25,15,是,回复
1114,眼部护理,6ab61cfc000000000a01f1c8,建议都学学李佳琦的销售思路……,u_e2601c28f5,他家的眼油谁用过？蹲个真实评价[两颗心R],2026-09-25,8,,
1115,眼部护理,6ab61cfc000000000a01f1c8,建议都学学李佳琦的销售思路……,u_c498a1f299,真的太多了，本身眼油用量就不多，4瓶用到啥时候[笑哭R],2026-09-25,6,,
1116,眼部护理,6ab61cfc000000000a01f1c8,建议都学学李佳琦的销售思路……,u_7101212281,这个眼油我太太太喜欢了,2026-09-25,3,,
1117,眼部护理,6ab61cfc000000000a01f1c8,建议都学学李佳琦的销售思路……,u_f1e0c405a9,我有个大胆的想法，即使不用作眼油，涂全脸是不是也合适[doge],2026-09-26,2,,
1118,眼部护理,6ab61cfc000000000a01f1c8,建议都学学李佳琦的销售思路……,u_fd11e09f07,U先试用 我买过 我觉得还行 但是我习惯眼霜,2026-09-25,2,,
1119,眼部护理,6ab61cfc000000000a01f1c8,建议都学学李佳琦的销售思路……,u_1ecf606bc8,今年所有女生的offer已经播了吗,2026-09-26,1,,
1120,眼部护理,6ab61cfc000000000a01f1c8,建议都学学李佳琦的销售思路……,u_dcc84dd106,是的，我也觉得的太多了，我也想要眼膜,2026-09-26,1,是,回复
1121,眼部护理,6ab61cfc000000000a01f1c8,建议都学学李佳琦的销售思路……,u_937bacde57,哪家的眼油啊,2026-09-25,1,,
1122,眼部护理,6ab61cfc000000000a01f1c8,建议都学学李佳琦的销售思路……,u_bec8be9c24,开始了[棒R],2026-09-26,0,是,回复
1123,眼部护理,6ab61cfc000000000a01f1c8,建议都学学李佳琦的销售思路……,u_2a56c7f768,馥郁满,2026-09-27,0,是,回复
1124,眼部护理,6ab61cfc000000000a01f1c8,建议都学学李佳琦的销售思路……,u_a19fef62e9,这是什么牌子呀,2026-09-25,0,,
1125,眼部护理,6ab61cfc000000000a01f1c8,建议都学学李佳琦的销售思路……,u_d4279a9d14,感觉好像是馥郁满铺,2026-09-26,0,是,回复
1126,眼部护理,6ab61cfc000000000a01f1c8,建议都学学李佳琦的销售思路……,u_8f38a0fea6,眼油和眼霜可以直接全脸用，省事儿了,2026-09-27,0,,
1127,眼部护理,6ab620ab000000000a027a71,坚持眼周按摩-完整跟练,u_4a3df5a3ce,耶,2026-09-26,0,,低信息
1128,眼部护理,6ab620ab000000000a027a71,坚持眼周按摩-完整跟练,u_88bd25414f,耶[飞吻R],2026-09-26,0,是,回复
1129,眼部护理,6ab620ab000000000a027a71,坚持眼周按摩-完整跟练,u_4a3df5a3ce,[微笑R],2026-09-26,0,,
1130,眼部护理,6ab623d0000000000100b1ba,馥郁满铺！双十一眼油机制这么炸吗？！,u_badcaf3240,必须再强调一句她家眼油真的巨巨巨好用！！干纹淡了好多，而且用完眼周就紧紧嫩嫩的，眼皮肉眼可见直接撑起来。。。想入的姐妹一定要试试,2026-09-25,8,,
1131,眼部护理,6ab623d0000000000100b1ba,馥郁满铺！双十一眼油机制这么炸吗？！,u_30d9055fbd,有没有用过的，眼纹深，这个能有效吗,2026-09-25,1,,
1132,眼部护理,6ab623d0000000000100b1ba,馥郁满铺！双十一眼油机制这么炸吗？！,u_6dc20429a5,不建议买多，尽快用吧，时间久了油就有油哈子味,2026-09-25,1,,
1133,眼部护理,6ab623d0000000000100b1ba,馥郁满铺！双十一眼油机制这么炸吗？！,u_21717acfb4,我的眼纹一瓶下去淡化很多了,2026-09-25,0,是,回复
1134,眼部护理,6ab623d0000000000100b1ba,馥郁满铺！双十一眼油机制这么炸吗？！,u_0be46d8343,哈哈哈哈哈 太好玩了,2026-09-27,0,,
1135,眼部护理,6ab623d0000000000100b1ba,馥郁满铺！双十一眼油机制这么炸吗？！,u_c641b2f5d5,出一瓶正装[偷笑R]有人收吗,2026-09-27,0,,
1136,眼部护理,6ab623d0000000000100b1ba,馥郁满铺！双十一眼油机制这么炸吗？！,u_256954f28c,我其实更想要它家面膜，那个涂抹面膜是真好用啊,2026-09-26,0,,
1137,眼部护理,6ab623d0000000000100b1ba,馥郁满铺！双十一眼油机制这么炸吗？！,u_ba3777e24a,想要想要🤤,2026-09-26,0,,
1138,眼部护理,6ab623d0000000000100b1ba,馥郁满铺！双十一眼油机制这么炸吗？！,u_020f21ef8a,准备下单，不好用回来喷[微笑R],2026-09-25,0,,
1139,眼部护理,6ab623d0000000000100b1ba,馥郁满铺！双十一眼油机制这么炸吗？！,u_7bca644505,这个真的有那么好用吗？[微笑R],2026-09-26,0,,
1140,眼部护理,6ab623d0000000000100b1ba,馥郁满铺！双十一眼油机制这么炸吗？！,u_0fdff56066,囤馥郁满铺的好日子来了,2026-09-25,0,,
1141,眼部护理,6ab62798000000000a0262ad,000好物分享day2|用了一段时间黑眼圈没啦,u_9ba181d31a,宝宝一起牵手手👑，不🍄父呀,2026-09-26,1,,
1142,眼部护理,6ab62798000000000a0262ad,000好物分享day2|用了一段时间黑眼圈没啦,u_75e698ce1c,好用的,2026-09-26,1,是,回复
1143,眼部护理,6ab62798000000000a0262ad,000好物分享day2|用了一段时间黑眼圈没啦,u_75e698ce1c,你先哈哈[捂脸R][飞吻R],2026-09-26,0,是,回复
1144,眼部护理,6ab62798000000000a0262ad,000好物分享day2|用了一段时间黑眼圈没啦,u_7f5d04e1f5,被种草啦,2026-09-26,0,,
1145,眼部护理,6ab62798000000000a0262ad,000好物分享day2|用了一段时间黑眼圈没啦,u_75e698ce1c,👑哦,2026-09-26,0,是,"低信息,回复"
1146,眼部护理,6ab62798000000000a0262ad,000好物分享day2|用了一段时间黑眼圈没啦,u_75e698ce1c,大家中秋快乐，尽情罐🐷，我会hui🍄,2026-09-25,0,,
1147,眼部护理,6ab62798000000000a0262ad,000好物分享day2|用了一段时间黑眼圈没啦,u_6f125aa7ad,[飞吻R],2026-09-25,0,是,回复
1148,眼部护理,6ab62798000000000a0262ad,000好物分享day2|用了一段时间黑眼圈没啦,u_ec09df3833,一起加油嘛，不🍄,2026-09-25,0,,
1149,眼部护理,6ab62798000000000a0262ad,000好物分享day2|用了一段时间黑眼圈没啦,u_75e698ce1c,好哦，已,2026-09-26,0,是,回复
1150,眼部护理,6ab62798000000000a0262ad,000好物分享day2|用了一段时间黑眼圈没啦,u_c4bf0f30b7,先啦[派对R],2026-09-27,0,,
1151,眼部护理,6ab62798000000000a0262ad,000好物分享day2|用了一段时间黑眼圈没啦,u_f3549c93ce,很棒的分享呢，熬夜党已心动，一起加油[派对R],2026-09-27,0,,
1152,眼部护理,6ab62798000000000a0262ad,000好物分享day2|用了一段时间黑眼圈没啦,u_ed3fe7189d,来啦来啦[飞吻R][飞吻R]🍄,2026-09-26,0,,
1153,眼部护理,6ab62798000000000a0262ad,000好物分享day2|用了一段时间黑眼圈没啦,u_be2767aedd,这个眼霜好用吗,2026-09-26,0,,
1154,眼部护理,6ab62798000000000a0262ad,000好物分享day2|用了一段时间黑眼圈没啦,u_c8418e79f3,打工人的黑眼圈真的很深,2026-09-26,0,,
1155,眼部护理,6ab62798000000000a0262ad,000好物分享day2|用了一段时间黑眼圈没啦,u_abf813afa2,一起牵手手👑，不🍄父呀，tt,2026-09-26,0,,
1156,眼部护理,6ab64225000000001b01ce50,医生教你分类处理黑眼圈,u_b61b132acf,没有鼻炎，但遇冷遇热都鼻塞，还可以改善吗,2026-09-26,0,,
1157,眼部护理,6ab64225000000001b01ce50,医生教你分类处理黑眼圈,u_7c7cae876b,我也是,2026-09-26,0,,
1158,眼部护理,6ab64225000000001b01ce50,医生教你分类处理黑眼圈,u_0b606d0ee3,我这个是不是血管型之前经常失眠，熬夜,2026-09-26,0,,
1159,眼部护理,6ab65729000000001c02c1d6,每天2min❗️重度黑眼圈成功上岸✌🏻,u_ebf2eb1272,做多久会见效果？,2026-09-27,0,,
1160,眼部护理,6ab65729000000001c02c1d6,每天2min❗️重度黑眼圈成功上岸✌🏻,u_cf02cfbf68,有没有推荐的眼霜,2026-09-25,0,,
1161,眼部护理,6ab65729000000001c02c1d6,每天2min❗️重度黑眼圈成功上岸✌🏻,u_70d4610343,带咖啡因的就行,2026-09-27,0,是,回复
1162,眼部护理,6ab660f7000000000a01d1ea,敏感肌尝试新眼霜反馈,u_3c18dd7a71,中秋节快乐呀,2026-09-25,0,,
1163,眼部护理,6ab660f7000000000a01d1ea,敏感肌尝试新眼霜反馈,u_5c729039f9,中秋快乐[派对R],2026-09-25,0,是,回复
1164,眼部护理,6ab660f7000000000a01d1ea,敏感肌尝试新眼霜反馈,u_1aef06d4bc,看起来很不错[哇R],2026-09-26,0,,
1165,眼部护理,6ab762ae000000001303df06,学会正确涂眼霜，10元眼霜用出500元效果‼️,u_ca5222eb25,鱼尾纹...眼下都有皱纹，那是两个都做吗,2026-09-26,0,,
1166,眼部护理,6ab762ae000000001303df06,学会正确涂眼霜，10元眼霜用出500元效果‼️,u_653c0f7581,是的宝宝,2026-09-26,0,是,回复
1167,眼部护理,6ab762ae000000001303df06,学会正确涂眼霜，10元眼霜用出500元效果‼️,u_68d833cfca,我33岁的时候啥都不涂也啥都没有,2026-09-26,0,,
1168,眼部护理,6ab762ae000000001303df06,学会正确涂眼霜，10元眼霜用出500元效果‼️,u_653c0f7581,提前预防起来～,2026-09-26,0,是,回复
1169,眼部护理,6ab794830000000015005e5e,一篇说透如何低成本放大双眼的方法,u_1f845ae29c,改善熬夜浮肿[飞吻R],2026-09-26,0,,
1170,眼部护理,6ab794830000000015005e5e,一篇说透如何低成本放大双眼的方法,u_2f037c4383,眼角细纹用这个多久能淡化？,2026-09-26,0,,
1171,眼部护理,6ab794830000000015005e5e,一篇说透如何低成本放大双眼的方法,u_09f9218c2c,黑眼圈效果明显吗,2026-09-26,0,,
1172,眼部护理,6ab794830000000015005e5e,一篇说透如何低成本放大双眼的方法,u_2b03f665a0,同问,2026-09-26,0,是,"低信息,回复"
1173,眼部护理,6ab794830000000015005e5e,一篇说透如何低成本放大双眼的方法,u_c8cfa5ea19,被狠狠种了草，马上去搜同款眼霜，求问姐妹这瓶用着会不会长脂肪粒啊？,2026-09-26,0,,
1174,眼部护理,6ab79ada000000001a02635c,最懂国人的眼霜，难怪佳琦年年夸,u_54b2d8dd0a,大概多久能看到细纹变淡？,2026-09-27,0,,
1175,眼部护理,6ab79ada000000001a02635c,最懂国人的眼霜，难怪佳琦年年夸,u_23e02cf7c4,这个眼霜上眼皮松弛真的能改善吗？,2026-09-27,0,,
1176,眼部护理,6ab79ada000000001a02635c,最懂国人的眼霜，难怪佳琦年年夸,u_b83b0a7d48,眼尾的干纹能不能淡化？,2026-09-27,0,,
1177,眼部护理,6ab79ada000000001a02635c,最懂国人的眼霜，难怪佳琦年年夸,u_d814ace57c,敏感肌可以入手这款吗？,2026-09-27,0,,
1178,眼部护理,6ab79ada000000001a02635c,最懂国人的眼霜，难怪佳琦年年夸,u_5031d00ddd,有没有姐妹用了长脂肪粒？,2026-09-27,0,,
1179,眼部护理,6ab79ada000000001a02635c,最懂国人的眼霜，难怪佳琦年年夸,u_85df42d1e4,油皮夏天用会不会觉得厚重？,2026-09-27,0,,
1180,眼部护理,6ab79ada000000001a02635c,最懂国人的眼霜，难怪佳琦年年夸,u_cf59eba4f1,干皮用会不会拔干啊？,2026-09-27,0,,
1181,眼部护理,6ab79ada000000001a02635c,最懂国人的眼霜，难怪佳琦年年夸,u_d31011ef8a,会不会搓泥，上妆前能用吗？,2026-09-27,0,,
1182,眼部护理,6ab79ada000000001a02635c,最懂国人的眼霜，难怪佳琦年年夸,u_e435657afd,请问25岁用合适嘛？,2026-09-27,0,,
1183,眼部护理,6ab79ada000000001a02635c,最懂国人的眼霜，难怪佳琦年年夸,u_b70d13faaf,熬夜产生的黑眼圈有用吗？,2026-09-27,0,,
1184,眼部护理,6ab7a45a0000000015017e5d,low成本无广自制护肤教程（眼周篇）如何消除,u_51dd956aaa,咖啡因眼膏是什么,2026-09-27,0,,
1185,眼部护理,6ab7ad77000000000b006cd7,眼袋重的都给我来看这支....,u_3709cc262d,才 88 吗？那确实是比较实惠了,2026-09-27,0,,
1186,眼部护理,6ab7ad77000000000b006cd7,眼袋重的都给我来看这支....,u_d42873c50e,用多久会有这个效果？,2026-09-27,0,,
1187,眼部护理,6ab7ad77000000000b006cd7,眼袋重的都给我来看这支....,u_4b56241e12,这款theordinaryPDRN眼霜对黑眼圈有效果吗,2026-09-27,0,,
1188,眼部护理,6ab7ad77000000000b006cd7,眼袋重的都给我来看这支....,u_fd3dff4cd8,眼尾纹可以用这个淡化吗？,2026-09-27,0,,
1189,眼部护理,6ab7ad77000000000b006cd7,眼袋重的都给我来看这支....,u_4cfb694a31,爱笑，眼角纹可以改善吗？,2026-09-26,0,,
1190,眼部护理,6ab7ad77000000000b006cd7,眼袋重的都给我来看这支....,u_c76489e34c,用过后确实很不错。,2026-09-26,0,,
1191,眼部护理,6ab7ad77000000000b006cd7,眼袋重的都给我来看这支....,u_292747c029,我也觉得眼袋没那么严重了，我还用在川字纹那里，感觉也是淡很多，还给我老公用在抬头纹上也淡了，便宜又好用,2026-09-26,0,,
1192,眼部护理,6ab7ad77000000000b006cd7,眼袋重的都给我来看这支....,u_da18b0d4fe,经常熬夜，不仅眼袋重，黑眼圈也重，可以改善吗？,2026-09-27,0,,
1193,眼部护理,6ab7ad77000000000b006cd7,眼袋重的都给我来看这支....,u_b9c25e6220,买一支来试试它的效果如何[微笑R],2026-09-27,0,,
1194,眼部护理,6ab7ad77000000000b006cd7,眼袋重的都给我来看这支....,u_6fceb01bce,我也有眼袋，用这个可以淡化吗？,2026-09-27,0,,
1195,眼部护理,6ab7ae370000000014032d53,均价10💰平价眼霜合集！低成本高回报！无广！,u_bffbc5813d,海璞诺的小样在哪里入手呀,2026-09-26,0,,
1196,眼部护理,6ab7ae370000000014032d53,均价10💰平价眼霜合集！低成本高回报！无广！,u_da2de35e6f,哇！前排！,2026-09-26,0,,
1197,眼部护理,6ab7ae370000000014032d53,均价10💰平价眼霜合集！低成本高回报！无广！,u_48ab0a3ba4,第一！,2026-09-26,0,,
1198,眼部护理,6ab86ffd000000001a025969,随礼了,u_e4b6c82a7b,[点赞R]，我只买了一套+洗面奶,2026-09-27,2,,
1199,眼部护理,6ab86ffd000000001a025969,随礼了,u_c9a7d77b06,加一,2026-09-27,1,是,"低信息,回复"
1200,眼部护理,6ab86ffd000000001a025969,随礼了,u_e9419765c9,周边已经和其他姐妹约定好了，我没有多余的了,2026-09-27,0,,
1201,眼部护理,6ab86ffd000000001a025969,随礼了,u_e4e56d73b6,来咯来咯,2026-09-27,0,,
1202,眼部护理,6ab86ffd000000001a025969,随礼了,u_cf8cbd5ead,姐妹太给力了,2026-09-27,0,,
1203,眼部护理,6ab86ffd000000001a025969,随礼了,u_4e9e8bff7f,天元99,2026-09-27,0,,
1204,眼部护理,6ab86ffd000000001a025969,随礼了,u_31b4f1ef11,宝宝出不出周边[哭惹R][哭惹R],2026-09-27,0,,
1205,眼部护理,6ab86ffd000000001a025969,随礼了,u_fe5c6c330f,宝宝有实力！,2026-09-27,0,,
1206,眼部护理,6ab86ffd000000001a025969,随礼了,u_bfaac52637,我只看到了1314,2026-09-27,0,,
1207,眼部护理,6ab86ffd000000001a025969,随礼了,u_6bf9c1f129,好厉害！我只能买一套。,2026-09-27,0,,
